time,enso,solar,qboA,qboB,aod,linear_pre,linear_post,constant
1979-01,0.5346976901349004,1.5670460746376378,-1.072749919228258,0.9572788019669788,-0.41253811833728776,-1.8,0.0,1.0
1979-02,0.39193604084765116,1.6215059723216179,-0.8364924184630353,0.8973375457040703,-0.4131103234966772,-1.7916666666666667,0.0,1.0
1979-03,-0.31167494492522024,1.306837067023985,-1.1730387650257743,0.634056680327716,-0.4142464931965713,-1.7833333333333332,0.0,1.0
1979-04,-0.38305576956884496,1.1189523376162842,-1.234335602237447,0.5669988399829192,-0.4171546211102039,-1.775,0.0,1.0
1979-05,2.5843470834732654,0.992062693614641,-1.2315071089522551,0.059123979258137394,-0.42117689870933367,-1.7666666666666666,0.0,1.0
1979-06,-0.4952256368659694,1.3484423194923119,-0.8135160275923383,-0.6630517912760973,-0.42024602399028915,-1.7583333333333333,0.0,1.0
1979-07,-0.19950507762809586,1.0450172737041872,-0.7324158134812363,-1.1811664901530359,-0.4170129770298655,-1.75,0.0,1.0
1979-08,-0.3524639875787201,1.1604569159779763,-0.6201325410625824,-1.3412698121251434,-0.40857784801796276,-1.7416666666666667,0.0,1.0
1979-09,1.1057442872838976,1.6873717668867365,-0.6122982079193294,-1.3142174734474075,-0.39913497687479566,-1.7333333333333334,0.0,1.0
1979-10,0.6978538607488997,1.981689161828028,0.04976734436881185,-1.5756044143535426,-0.3869603405713405,-1.7249999999999999,0.0,1.0
1979-11,-1.0866667553417166,2.19746509317812,0.7094917285788136,-1.8599946808313788,-0.3777160998647884,-1.7166666666666666,0.0,1.0
1979-12,0.1879908275801522,1.5815431459929508,1.1583419203197518,-1.1736566409950688,-0.3677637963640095,-1.7083333333333333,0.0,1.0
1980-01,0.2491743915604019,1.630604993959311,1.075865726214069,-0.263072812421768,-0.3424247488768458,-1.7,0.0,1.0
1980-02,1.768566230403269,1.5372673681994493,1.1883772422585124,-0.3492214389965903,-0.3427037591206152,-1.6916666666666667,0.0,1.0
1980-03,0.8610100313628989,0.9420612206530286,1.2890335165282987,-0.2162306723631563,-0.3459668640761511,-1.6833333333333333,0.0,1.0
1980-04,0.04522917829290291,1.8343313533464845,1.363312478099465,-0.08383203038080161,-0.3505604462205846,-1.675,0.0,1.0
1980-05,0.8916018133530237,2.246059365849224,1.1552088749658098,0.24275928303822183,-0.35760754880350965,-1.6666666666666667,0.0,1.0
1980-06,-0.8113407174305928,1.6258554133285505,0.9112054210702845,0.8820142155129154,-0.31725704321949855,-1.6583333333333332,0.0,1.0
1980-07,-0.6073955041630938,1.449525834160077,0.5349938171306982,0.8855444833350634,-0.2707014867073985,-1.65,0.0,1.0
1980-08,2.400796391532516,1.0227347381025023,0.22802489453284658,1.1473514157526328,-0.23898086793133638,-1.6416666666666666,0.0,1.0
1980-09,-1.2498229259557156,1.346153661468163,0.2673098572543882,1.319950259284719,-0.2273260210474793,-1.6333333333333333,0.0,1.0
1980-10,-1.2192311439655907,1.7002043596790324,0.2852325284748669,1.2567019818991465,-0.21677789378291185,-1.625,0.0,1.0
1980-11,-0.7909461961038429,1.9192197600603724,0.24886810806576992,1.0851719709885432,-0.22576638260445944,-1.6166666666666667,0.0,1.0
1980-12,0.1472017849266524,2.0302140812256733,0.310082105221621,0.7908402506728343,-0.22310538319596024,-1.6083333333333334,0.0,1.0
1981-01,0.8916018133530237,0.994881568600396,-0.10884172071691016,0.8913227106972458,-0.20759991575771974,-1.6,0.0,1.0
1981-02,0.2491743915604019,1.6304971288450607,-0.26910490928929,1.3632143865127304,-0.20795219095736586,-1.5916666666666666,0.0,1.0
1981-03,0.1472017849266524,1.7067817346457947,-0.3272523941243762,1.268305372180864,-0.21490754348030383,-1.5833333333333333,0.0,1.0
1981-04,-0.5971982434997188,2.15391123744583,-0.7629877614626078,1.1770737461036245,-0.22354735955854835,-1.575,0.0,1.0
1981-05,0.7080511214122747,1.617852940452323,-1.0680746305845332,0.7119561218509914,-0.2289600502139831,-1.5666666666666667,0.0,1.0
1981-06,-1.0254831913614668,0.8467407392894749,-1.0194905728157886,-0.21544071799291195,-0.20894926081171394,-1.5583333333333333,0.0,1.0
1981-07,-0.9744968880445919,1.6028860565993845,-0.39995612268559555,-0.9087970697008814,-0.18121647114600115,-1.55,0.0,1.0
1981-08,1.0037716806501482,2.180889660821405,-0.4868967483139182,-0.8836515708606619,-0.16199646594173606,-1.5416666666666667,0.0,1.0
1981-09,-1.7494886984610882,2.096556080295189,-0.32184589280852705,-1.1647396004842436,-0.17471408247749762,-1.5333333333333332,0.0,1.0
1981-10,-1.0356804520248417,2.1152501432959587,-0.25575478363018106,-1.2730228929114562,-0.18469527317507733,-1.525,0.0,1.0
1981-11,-0.00575712502397183,1.7095648143936355,-0.07850624357097942,-1.6596534383693284,-0.19317194301168591,-1.5166666666666666,0.0,1.0
1981-12,-0.45443659421246957,1.6682571098404715,0.018205937015928358,-1.48720218032706,-0.24675568921090998,-1.5083333333333333,0.0,1.0
1982-01,0.2899634342139017,1.0854882645711033,-0.4372231681993052,-1.3359906523238394,-0.29377107675984837,-1.5,0.0,1.0
1982-02,2.033695007651018,1.8254045962912533,-0.7266937434188304,-1.210337235874445,-0.30052198988531814,-1.4916666666666667,0.0,1.0
1982-03,-0.38305576956884496,1.8131607073225133,-0.3494852092713225,-1.3256043279968543,-0.2829941484867929,-1.4833333333333334,0.0,1.0
1982-04,-0.7501571534503431,0.8690031400698336,-0.3762831140801478,-1.675235862652136,0.4242167548762413,-1.475,0.0,1.0
1982-05,0.1472017849266524,0.5562109279599956,0.22994706051927755,-1.6189660719995829,0.5584181604098503,-1.4666666666666666,0.0,1.0
1982-06,0.3103579555406516,1.1693028141475612,1.1670516060156486,-1.9978479820966533,0.7118034565228851,-1.4583333333333333,0.0,1.0
1982-07,-1.168244840648716,0.9081004886817853,1.2373910347287636,-1.025744288625735,0.7651497107876934,-1.45,0.0,1.0
1982-08,-0.9744968880445919,1.0589774164907853,1.567871869494615,-0.4095031706809642,0.8417108241569853,-1.4416666666666667,0.0,1.0
1982-09,-1.0764694946783417,0.9545157262448537,1.813167713110649,-0.20837288884682909,0.9119833996724379,-1.4333333333333333,0.0,1.0
1982-10,0.7794319460558992,0.8255477212418079,1.4040260764680856,0.5225897140190491,1.026007627351433,-1.425,0.0,1.0
1982-11,0.35114699819415135,0.8841915069573674,1.3201654058175138,0.6128586606349471,1.3211844343286605,-1.4166666666666667,0.0,1.0
1982-12,0.25937165222377684,1.4974467089179164,1.3506504920974125,0.8424294295551719,2.171074133553181,-1.4083333333333332,0.0,1.0
1983-01,-0.17911055630134598,0.34472818795725685,1.0138325896771936,0.9836987211105633,2.35977043655658,-1.4,0.0,1.0
1983-02,-0.4442393335490946,-0.03316405630660252,0.7184437251220918,1.1225795140618067,2.3243510857916982,-1.3916666666666666,0.0,1.0
1983-03,2.7882922967407646,-0.08025077418090319,0.4134028860186775,1.3070167502906416,2.3191039280052266,-1.3833333333333333,0.0,1.0
1983-04,-0.5156201581927193,-0.02711050629467613,0.2991680241081077,1.2710982945805471,2.3363955383290564,-1.375,0.0,1.0
1983-05,-0.5360146795194691,0.39472966091886924,-0.5311736647658895,1.2066552454829773,2.18266683806512,-1.3666666666666667,0.0,1.0
1983-06,-0.29128042359847045,0.454825390972329,-1.1083735137152135,0.7029123665724379,2.053003266664036,-1.3583333333333334,0.0,1.0
1983-07,1.2383086759077717,0.1651255817219885,-1.2062227798737564,0.44189130658364856,1.8221115726372925,-1.35,0.0,1.0
1983-08,0.39193604084765116,0.13210447474599799,-1.255975730085737,0.11897955024603757,1.5029881576108994,-1.3416666666666666,0.0,1.0
1983-09,-1.0662722340149666,-0.2284430591463261,-1.2766674415778392,0.17837833629540506,1.3413738605348406,-1.3333333333333333,0.0,1.0
1983-10,0.5143031688081505,-0.19656292537885517,-1.0397947641410037,-0.23977571244105164,1.1334539498708331,-1.325,0.0,1.0
1983-11,0.13700452426327744,-0.6396123110710199,-1.0000796902132494,-0.5513060431976966,1.1232611598938036,-1.3166666666666667,0.0,1.0
1983-12,1.6665936237695198,-0.6375155124362953,-0.48621097026298754,-1.0843959881559737,1.265303671903698,-1.3083333333333333,0.0,1.0
1984-01,0.9629826379966483,-0.18193162188136322,-0.9589575928414447,-0.8298472504641333,1.2003259867212626,-1.3,0.0,1.0
1984-02,-0.15871603497459605,0.33288798727817315,-1.1497627289604015,-0.6594466946467932,1.0993824581467044,-1.2916666666666667,0.0,1.0
1984-03,0.6060785147785251,-0.007161372764532894,-1.292524936376918,-0.4581721254105327,0.9876176910860711,-1.2833333333333332,0.0,1.0
1984-04,-0.7603544141137181,0.17637199803420478,-1.1619158667037477,-0.866447219839459,0.9153419697210647,-1.275,0.0,1.0
1984-05,-0.6787763288067183,0.2072073582950503,-1.0317738490638935,-1.3798841713648293,0.842395290862165,-1.2666666666666666,0.0,1.0
1984-06,2.5537553014831404,-0.3687447313540035,-0.5923834373050865,-1.8131843170178257,0.8112360248457589,-1.2583333333333333,0.0,1.0
1984-07,-1.168244840648716,-0.6032192001096057,-0.26371077336482335,-1.9072900420278067,0.7184054080785698,-1.25,0.0,1.0
1984-08,-1.2294284046289659,-0.7369815297908047,0.2687725120161577,-1.9311914933751482,0.6357121935221358,-1.2416666666666667,0.0,1.0
1984-09,-0.8215379780939677,-0.8788380576453872,0.6909971574824687,-1.872203449590067,0.5926560856170281,-1.2333333333333334,0.0,1.0
1984-10,-0.2097023382914708,-1.0010832695276433,0.999464106512889,-1.6305639862136447,0.4990209502870269,-1.225,0.0,1.0
1984-11,0.6978538607488997,-0.9690666664156237,1.4320750853145123,-1.0334037097967443,0.43727628954966274,-1.2166666666666666,0.0,1.0
1984-12,0.004440135639403113,-0.9922239481438405,1.725348465490522,-0.6382823941827673,0.34520002714070847,-1.2083333333333333,0.0,1.0
1985-01,0.6774593394221498,-1.021553671209914,1.6125636157096388,-0.2419630516397255,0.29026130704945424,-1.2,0.0,1.0
1985-02,-0.4340420728857196,-1.0259809348992766,1.277424297614049,0.07069842811296238,0.2238413784700779,-1.1916666666666667,0.0,1.0
1985-03,0.4531196048279009,-1.0119560730441282,1.5858415520935834,0.46248501642274004,0.15489964038915702,-1.1833333333333333,0.0,1.0
1985-04,-1.2396256652923408,-0.9464574992679703,1.564670763737032,0.6266183045511386,0.09596156332725563,-1.175,0.0,1.0
1985-05,-0.8113407174305928,-0.8142992436858083,1.3651895700420846,0.8074703805701829,0.03549726060491622,-1.1666666666666667,0.0,1.0
1985-06,1.3606758038682711,-0.888062043015442,1.1469961034618334,0.7329392521558199,0.008273092744138018,-1.1583333333333332,0.0,1.0
1985-07,-1.5659380065203392,-0.8300044043207307,0.7053131521856736,0.9560942507549447,-0.01989753045936837,-1.15,0.0,1.0
1985-08,-0.6379872861532186,-0.9967878409779208,0.6174936306193771,0.9186998433977478,-0.03366602854110233,-1.1416666666666666,0.0,1.0
1985-09,-0.02615164635072173,-1.059988807920451,0.4634860069046406,1.0575784598524864,-0.06503792954315708,-1.1333333333333333,0.0,1.0
1985-10,-0.37285850890547,-0.9780624571439747,0.08351384894999093,1.169111235388688,-0.08024331236802139,-1.125,0.0,1.0
1985-11,0.11661000293652755,-1.0104705706706825,-0.2853518655653014,1.10634228084044,-0.10323238752120405,-1.1166666666666667,0.0,1.0
1985-12,1.9011306190271435,-1.014238019461168,-0.4781731260641149,1.056109087581854,-0.005595643685341353,-1.1083333333333334,0.0,1.0
1986-01,-0.37285850890547,-1.0461181532286392,-0.387800411873427,1.332384044268739,0.12122396855572089,-1.1,0.0,1.0
1986-02,-0.6685790681433434,-0.8255004365501232,-0.3966234640616653,1.5306377984808512,0.16452603416765046,-1.0916666666666666,0.0,1.0
1986-03,0.5652894721250253,-0.935309519860019,-0.6651402306576433,1.4447801003534257,0.1349220386159482,-1.0833333333333333,0.0,1.0
1986-04,0.32055521620402655,-0.948330037651365,-1.0492754069582648,1.2748781124763693,0.11495884666811158,-1.075,0.0,1.0
1986-05,-0.9235105847277172,-0.9764516714378287,-1.2747689005743472,0.8714579864758155,0.10874614052029367,-1.0666666666666667,0.0,1.0
1986-06,-0.9439051060544671,-1.0704611522127687,-1.4555540605374393,0.3046809959545839,0.05655321265371319,-1.0583333333333333,0.0,1.0
1986-07,-0.8725242814108425,-1.0123587694706644,-1.4922024676753967,0.09421044173112163,0.049607271547971454,-1.05,0.0,1.0
1986-08,0.7692346853925243,-1.0631656352853498,-1.5226368462983304,0.08405323084714424,0.04098366652327067,-1.0416666666666667,0.0,1.0
1986-09,0.004440135639403113,-1.07628682718333,-1.5406539908550902,0.06308754584881067,0.00876933110539335,-1.0333333333333332,0.0,1.0
1986-10,0.4531196048279009,-0.8075876365768669,-1.4629698870642038,-0.03884223569172599,0.0023076501935663006,-1.025,0.0,1.0
1986-11,0.39193604084765116,-0.9510348153162682,-1.1765046968266788,-0.44533201785785204,-0.012332192016143226,-1.0166666666666666,0.0,1.0
1986-12,-0.21989959895484576,-1.0571923049583922,-1.1009693965796543,-0.6193528715899042,-0.027478314434164344,-1.0083333333333333,0.0,1.0
1987-01,2.7169114720971397,-1.0610179210104884,-1.1853978683179571,-0.6470081573363022,-0.04902415551491202,-1.0,0.0,1.0
1987-02,-0.10772973165772132,-1.0692276547062471,-0.8868883106878703,-0.7857845730711863,-0.08687696553952486,-0.9916666666666667,0.0,1.0
1987-03,-0.556409200846219,-0.9965193766935632,-1.1388481760810818,-0.7255198343762481,-0.11256941399394188,-0.9833333333333333,0.0,1.0
1987-04,-0.3524639875787201,-0.7419346958372036,-0.8510863146178554,-1.2013780780988985,-0.12719169422897902,-0.975,0.0,1.0
1987-05,1.6563963631061447,-0.6537576016399332,-0.08864920993897114,-1.6897613491456813,-0.12835118983369442,-0.9666666666666667,0.0,1.0
1987-06,0.228779870233652,-0.848253264049942,0.6209337426482903,-1.488320047540365,-0.13217537736466065,-0.9583333333333334,0.0,1.0
1987-07,-1.2090338833022158,-0.7112089584924703,1.0886039396511011,-0.8967294850716072,-0.15070960997332164,-0.95,0.0,1.0
1987-08,0.6774593394221498,-0.6030178518963376,1.4221307437123043,-0.22455625385732095,-0.1618774047595982,-0.9416666666666667,0.0,1.0
1987-09,0.25937165222377684,-0.7112805489682993,1.4467577683728075,0.35154896024948185,-0.17694436319948076,-0.9333333333333333,0.0,1.0
1987-10,1.799158012393394,-0.49442404887366787,1.3085588671299715,0.5850458392278037,-0.182392447988486,-0.9249999999999999,0.0,1.0
1987-11,0.840615510036149,-0.4618861776095207,1.1729788569224682,0.5335959249711932,-0.19814648491439704,-0.9166666666666666,0.0,1.0
1987-12,-0.17911055630134598,-0.6183874321758127,0.9304994064981061,0.4595800878020463,-0.21495707725502078,-0.9083333333333333,0.0,1.0
1988-01,0.228779870233652,-0.3458290674817089,0.884675057127398,0.5543825621371591,-0.23396850023702323,-0.9,0.0,1.0
1988-02,-0.6175927648264687,-0.39008401614969995,0.3823410427158627,0.6964522804314227,-0.24459439552789627,-0.8916666666666666,0.0,1.0
1988-03,-0.2504913809449706,-0.15280324702855808,0.08843988525805623,0.7651754800689395,-0.263454740497012,-0.8833333333333333,0.0,1.0
1988-04,2.3702046095423914,0.04938615433066653,-0.3239809578789205,0.7705175212825458,-0.2762471080018919,-0.875,0.0,1.0
1988-05,-1.1172585373318413,-0.06924373852223949,-0.7274843935717391,0.7758225409821242,-0.29401752980441737,-0.8666666666666667,0.0,1.0
1988-06,-1.3415982719260904,0.47077664386791296,-1.0115058768599032,0.59684834981341,-0.29706687400669757,-0.8583333333333333,0.0,1.0
1988-07,-0.7399598927869682,0.7587672305078422,-1.1463364531510591,0.33515286241065284,-0.29740717103900305,-0.85,0.0,1.0
1988-08,-0.14851877431122112,0.7668211590385722,-1.2030062411032056,0.45387172575388934,-0.28513846559428996,-0.8416666666666667,0.0,1.0
1988-09,0.5958812541151502,0.6850782588564074,-1.347693880529474,0.6723491190402565,-0.27983339832210385,-0.8333333333333334,0.0,1.0
1988-10,-0.38305576956884496,0.9891095864867064,-1.2878328194135042,0.5152744065497006,-0.29503432310724365,-0.825,0.0,1.0
1988-11,0.9017990740163986,0.6572675961993237,-0.9594926209896614,0.16946139498187834,-0.30699794553040455,-0.8166666666666667,0.0,1.0
1988-12,-0.5768037221729689,1.5048294767377521,-0.9430603383646782,0.1687851260614596,-0.3279934438586947,-0.8083333333333333,0.0,1.0
1989-01,-0.13832151364784617,2.2192129374134595,-0.8145426289697818,0.05168122651264959,-0.3445377921602148,-0.8,0.0,1.0
1989-02,-1.4945571818767145,1.9927441375374706,-1.2111213943982273,0.6579941170114868,-0.3526674779049311,-0.7916666666666666,0.0,1.0
1989-03,-0.9133133240643422,1.7028218864515188,-1.3058732776688167,0.7446536931566246,-0.3732400703738991,-0.7833333333333333,0.0,1.0
1989-04,1.411662107185146,1.4511545174851797,-1.401302918766863,0.44131283717587566,-0.37839250607390057,-0.775,0.0,1.0
1989-05,-1.7290941771343382,1.5234206284295198,-1.1399293934395838,-0.35043243629542853,-0.38321509186499136,-0.7666666666666666,0.0,1.0
1989-06,-0.5360146795194691,2.6220458332944827,-1.2316375039315242,-0.7589670775398544,-0.38588545765998256,-0.7583333333333333,0.0,1.0
1989-07,-0.06694068900422152,1.3863696112649386,-0.9283406921424101,-1.2579573601787992,-0.3899306784029471,-0.75,0.0,1.0
1989-08,0.004440135639403113,2.108672768329197,-0.38434505377971345,-1.4628852955758302,-0.38678676972166187,-0.7416666666666667,0.0,1.0
1989-09,0.20838534890690208,2.231101430805764,-0.4118375217757815,-1.497254844582313,-0.38210416187485075,-0.7333333333333333,0.0,1.0
1989-10,1.4014648465217712,1.7929587699246001,-0.045847267494259075,-1.5574245263418163,-0.38761247523084136,-0.725,0.0,1.0
1989-11,-0.5360146795194691,2.2641135889722763,0.6454622884457988,-1.564644735413518,-0.3967007520930915,-0.7166666666666667,0.0,1.0
1989-12,-0.7603544141137181,1.7719514396736136,1.198614715939792,-1.2882292110316493,-0.4036300543535988,-0.7083333333333334,0.0,1.0
1990-01,0.830418249372774,1.7108758149822487,1.2695833120505642,-0.8602831719514891,-0.41257135099705244,-0.7,0.0,1.0
1990-02,0.1879908275801522,1.100761964749022,1.3036982981019303,-0.6821975502917546,-0.40936712368737316,-0.6916666666666667,0.0,1.0
1990-03,-0.7501571534503431,1.3692550131371386,1.6398181681565014,-0.2796657945773851,-0.38095504584747375,-0.6833333333333333,0.0,1.0
1990-04,-1.2804147079458406,1.3614807349026157,1.5078966881614884,0.08816730207313588,-0.37048094906075607,-0.675,0.0,1.0
1990-05,-0.7195653714602183,1.514896887401164,1.1840362151392099,0.6185102373511038,-0.35943241809478665,-0.6666666666666666,0.0,1.0
1990-06,,1.1477339461017937,1.1873682826109782,0.9477714327514081,-0.35654613007273384,-0.6583333333333333,0.0,1.0
1990-07,0.2695689128871518,1.3673086470755462,0.7694389584183686,0.846404042112932,-0.3543277374566828,-0.65,0.0,1.0
1990-08,0.5754867327884002,2.2243137588162543,0.662526734343514,1.0782802076778617,-0.3392913323496597,-0.6416666666666666,0.0,1.0
1990-09,0.4939086474814006,1.2086261201988477,0.4347680699615275,1.1806246089845167,-0.33869260410544455,-0.6333333333333333,0.0,1.0
1990-10,-0.31167494492522024,1.2415331298539873,0.477241008055717,1.2351003343585538,-0.3567833067922195,-0.625,0.0,1.0
1990-11,2.869870382047764,1.2355351903009633,0.2263923418604305,1.3265705568569957,-0.36068352866737624,-0.6166666666666667,0.0,1.0
1990-12,0.12680726359990252,1.6095976637083256,-0.10939197893385069,1.2484389487744476,-0.3764184275439648,-0.6083333333333333,0.0,1.0
1991-01,-0.7195653714602183,2.0998805630164843,-0.11969626974762043,1.1907246638090465,-0.38276559537478716,-0.6,0.0,1.0
1991-02,-0.4850283762025944,2.413916659643845,-0.08118549562914627,1.4078891019424902,-0.3845558810851708,-0.5916666666666667,0.0,1.0
1991-03,1.8297497943835188,2.2147161606504686,-0.1848322480344219,1.1733048872737828,-0.3913482224585857,-0.5833333333333334,0.0,1.0
1991-04,0.04522917829290291,1.6413905465833798,-0.6738836183085174,1.0627456244420013,-0.3947089539810184,-0.575,0.0,1.0
1991-05,-1.0560749733515917,1.5256354587754701,-1.1066814595327128,0.5415330880200335,-0.3960480320344349,-0.5666666666666667,0.0,1.0
1991-06,0.228779870233652,1.9172085151300604,-1.2109373137101875,-0.08614100233663412,-0.3708067462062808,-0.5583333333333333,0.0,1.0
1991-07,0.25937165222377684,2.0330329562114287,-1.270295891425137,-0.3720233232544484,0.6775866957467227,-0.55,0.0,1.0
1991-08,2.0642867896411428,1.962695313709725,-1.0558672359892947,-0.4751992073204228,2.0056354688233387,-0.5416666666666666,0.0,1.0
1991-09,1.0547579839670227,1.2763842683683493,-1.0009897949370377,-0.4157708940550721,3.3246660328135773,-0.5333333333333333,0.0,1.0
1991-10,0.06562369961965281,1.639330083200935,-0.36980030627222166,-0.9343756555496207,4.686787558474042,-0.525,0.0,1.0
1991-11,0.1879908275801522,0.9811473832531321,-0.2933137769179566,-1.055838448112001,5.154222480038508,-0.5166666666666666,0.0,1.0
1991-12,-0.7195653714602183,1.9926290814156022,0.2484577549973052,-1.2540475351019957,5.115893425285344,-0.5083333333333333,0.0,1.0
1992-01,0.20838534890690208,1.8614171624358014,-0.12495954404838304,-1.1639162481427494,5.177129419187069,-0.5,0.0,1.0
1992-02,2.7169114720971397,2.1905034594181436,-0.09460223992374599,-1.220525049242078,5.193124325350217,-0.49166666666666664,0.0,1.0
1992-03,-1.1274557979952162,1.0083718988893682,-0.012339932415786889,-1.2431525752023134,5.190874591363982,-0.48333333333333334,0.0,1.0
1992-04,-0.8623270207474675,0.8009675788064958,0.20751067150078034,-1.3233925412104015,5.081037498692515,-0.475,0.0,1.0
1992-05,-0.5054228975293443,0.145124992537344,0.475066553140279,-1.2816916472010793,5.235245685895712,-0.4666666666666667,0.0,1.0
1992-06,-0.31167494492522024,-0.015528509627013066,0.7208835573101239,-1.3129267144390588,5.385181359876049,-0.4583333333333333,0.0,1.0
1992-07,-0.05674342834084658,0.31868715237456485,0.9590718515453505,-0.9811460383746395,5.069286286101482,-0.45,0.0,1.0
1992-08,-0.17911055630134598,0.08217011785547494,1.4387398717730473,-0.7952820550526859,4.839717594166724,-0.44166666666666665,0.0,1.0
1992-09,0.19818808824352716,-0.06580963288483138,1.607611938384005,-0.3491386324041482,4.637937169725362,-0.43333333333333335,0.0,1.0
1992-10,-0.8011434567672178,0.24559775095819425,1.553905607395106,-0.13276749105521013,4.141550387268695,-0.425,0.0,1.0
1992-11,-0.27088590227172055,0.4338328725439284,1.6715696485342681,0.20912759517617469,3.7572662822776386,-0.4166666666666667,0.0,1.0
1992-12,-1.0764694946783417,0.2792229025739901,1.5753645419586897,0.6919507130344679,3.5489607286621077,-0.4083333333333333,0.0,1.0
1993-01,-0.770551674777093,-0.08367369380646307,1.3418989875638752,0.8148743431265367,3.076548653414082,-0.4,0.0,1.0
1993-02,0.5550922114616503,0.3736671996094886,1.4095630432933317,0.9367078566933625,2.985353912072272,-0.39166666666666666,0.0,1.0
1993-03,-1.6679106131540884,0.2877466436023454,1.1631456744831699,1.0267323779584339,2.7564433889113897,-0.3833333333333333,0.0,1.0
1993-04,-0.33206946625197015,-0.0938283553622917,0.6139776074731746,1.1639863307601648,2.7343008909988242,-0.375,0.0,1.0
1993-05,-0.3014776842618453,-0.13139322035103573,-0.2694557779029122,1.2838887726452755,2.4759593802521147,-0.36666666666666664,0.0,1.0
1993-06,-0.10772973165772132,-0.17504103858285028,-0.8140957268213201,1.0280534408086563,2.2358563854790057,-0.35833333333333334,0.0,1.0
1993-07,0.37154151952090125,-0.3944211029504431,-1.0464490567411522,0.7623393090100747,2.0293108119098724,-0.35,0.0,1.0
1993-08,1.411662107185146,-0.5242235844373672,-1.1218629429707614,0.7819676320864702,1.8001210983824039,-0.3416666666666667,0.0,1.0
1993-09,-0.13832151364784617,-0.6923471053139758,-1.2359613574817863,0.7051303527080185,1.581113907831387,-0.3333333333333333,0.0,1.0
1993-10,-1.2906119686092155,-0.4473085669689006,-1.245280393744357,0.46667383140416097,1.4085063549788726,-0.325,0.0,1.0
1993-11,0.3613442588575263,-0.5695224580179812,-1.205464961739222,0.03937092790686778,1.2295892799643207,-0.31666666666666665,0.0,1.0
1993-12,-0.09753247099434637,-0.40911952251902467,-1.1609849432121537,-0.14678315944266312,1.0544893676908662,-0.30833333333333335,0.0,1.0
1994-01,-0.9133133240643422,-0.20488531819394243,-1.2656197138980505,-0.016436632086395876,0.8921799766634156,-0.3,0.0,1.0
1994-02,-1.586332527847089,-0.49951528226630787,-1.3875443407182109,-0.1089033832509261,0.6332374861372766,-0.2916666666666667,0.0,1.0
1994-03,-0.3218722055885952,-0.6591268873270864,-1.4821734046793036,-0.11047752829518627,0.44531976401101936,-0.2833333333333333,0.0,1.0
1994-04,,-0.8635803374843941,-1.5186605709650334,-0.3833952943631834,0.2932775536840826,-0.275,0.0,1.0
1994-05,0.3307524768674015,-0.8220847079321799,-1.2274769495799362,-1.1104073823023939,0.1986014885937567,-0.26666666666666666,0.0,1.0
1994-06,0.5143031688081505,-0.8620545654682947,-0.6219024589114562,-1.820283755550545,0.1382263916966121,-0.2583333333333333,0.0,1.0
1994-07,-0.1893078169647209,-0.7912113152310504,-0.07798020504303427,-1.9732988629633408,0.09520522761803198,-0.25,0.0,1.0
1994-08,-0.06694068900422152,-0.8983285646897526,0.6168063602993636,-1.8865970018908809,0.059869363778900606,-0.24166666666666667,0.0,1.0
1994-09,2.971842988681513,-0.8585869017953419,1.0769337503120802,-1.6328868475522569,0.03329224210803873,-0.23333333333333334,0.0,1.0
1994-10,-0.40345029089559487,-0.7086585477910726,1.354251303507864,-0.8917085986058313,0.014073677886310842,-0.225,0.0,1.0
1994-11,-1.198836622638841,-0.8746075079643846,1.6016539492138036,-0.2053233392175008,-0.028265496175825366,-0.21666666666666667,0.0,1.0
1994-12,-0.2097023382914708,-0.8260445561264554,1.5389779788711218,0.4237338421216833,-0.06764444179946764,-0.20833333333333334,0.0,1.0
1995-01,2.054089528977768,-0.8564481363299592,1.5012153064151401,0.6876837780984026,-0.09568956443012297,-0.2,0.0,1.0
1995-02,-0.3422667269153451,-0.7841113937108061,0.9966692115430977,0.5441270529045954,-0.14523815424879086,-0.19166666666666665,0.0,1.0
1995-03,-0.9948914093713419,-0.7696670564113488,0.9145916893736508,0.5127228922172875,-0.1715620682694405,-0.18333333333333332,0.0,1.0
1995-04,0.13700452426327744,-0.8940264245329214,0.931870034536065,0.7843488715338615,-0.1980380059477669,-0.175,0.0,1.0
1995-05,0.41233056217440106,-0.9163156717417151,0.5015565637554649,1.4311413908650124,-0.22670351659139998,-0.16666666666666666,0.0,1.0
1995-06,1.768566230403269,-0.8963150825570703,0.09293022761788142,1.5159880413365814,-0.24554125614696307,-0.15833333333333333,0.0,1.0
1995-07,1.5544237564723953,-0.9331618055851577,-0.27128910188463934,1.3878663831237585,-0.24838093739007763,-0.15,0.0,1.0
1995-08,0.024834656966153015,-0.9472561805139342,-0.49157642606301466,1.2566335879636465,-0.26673639810271466,-0.14166666666666666,0.0,1.0
1995-09,0.19818808824352716,-1.007557733185402,-0.5460035491866713,1.0500915512948457,-0.282945875571796,-0.13333333333333333,0.0,1.0
1995-10,-0.8113407174305928,-0.9097382967749528,-0.700368608359018,0.7773638697556113,-0.29754086720003453,-0.125,0.0,1.0
1995-11,0.7794319460558992,-1.0102625108503052,-0.7846664574692036,0.4324248233467334,-0.31021194450291434,-0.11666666666666667,0.0,1.0
1995-12,2.4313881735226412,-1.0589373228067167,-0.7837382564085129,0.14888053530377637,-0.3278305678012845,-0.10833333333333334,0.0,1.0
1996-01,-1.3008092292725906,-1.0204798140724831,-1.0572268083904974,0.19754563474534756,-0.34890930538645126,-0.1,0.0,1.0
1996-02,-0.8929188027375924,-1.0690047334701287,-1.2003422313881005,0.213069223526077,-0.3696323004077417,-0.09166666666666666,0.0,1.0
1996-03,-0.4646338548758445,-1.0652462334891215,-1.281462947614483,0.03372594821681531,-0.3849104078200314,-0.08333333333333333,0.0,1.0
1996-04,-0.08733521033097144,-1.0676870212744065,-1.4321983991255387,-0.2321762441880139,-0.39510295012818747,-0.075,0.0,1.0
1996-05,-0.5666064615095939,-1.029876064025001,-1.4386373263879277,-0.680584710781826,-0.4002250126181466,-0.06666666666666667,0.0,1.0
1996-06,-0.4136475515589698,-1.0276701824885293,-0.9337201482081388,-1.4735919888791706,-0.388649487319893,-0.058333333333333334,0.0,1.0
1996-07,0.2491743915604019,-0.9912172070774994,-0.8673430611577038,-1.6145968051341844,-0.41360079792778365,-0.05,0.0,1.0
1996-08,-0.37285850890547,-0.9769214839354547,-0.5353341646263551,-1.8116958286182319,-0.4120969525273768,-0.041666666666666664,0.0,1.0
1996-09,-0.36266124824209506,-1.062693585585354,0.09968545306426085,-1.909956020515145,-0.4146251338735782,-0.03333333333333333,0.0,1.0
1996-10,-0.954102366717842,-1.0914886172850817,0.6537377627289386,-1.8702965966054754,-0.41911174557997516,-0.025,0.0,1.0
1996-11,-0.6787763288067183,-0.920311315173905,1.2285611136823238,-1.6729751055175852,-0.4227945366994766,-0.016666666666666666,0.0,1.0
1996-12,-0.06694068900422152,-0.9538335554806969,1.4502213681931626,-1.0499256678916267,-0.4316319024774332,-0.008333333333333333,0.0,1.0
1997-01,-1.198836622638841,-1.0310170372335212,1.4499929770426685,-0.7111156512405061,-0.43828597707333133,0.0,0.0,1.0
1997-02,-0.27088590227172055,-1.0236774154593862,1.4783084618229594,-0.35138068244265575,-0.44603175354863905,0.0,0.008333333333333333,1.0
1997-03,-0.6379872861532186,-1.007526412352227,1.5767119130284368,-0.13227822997388117,-0.4513716295552399,0.0,0.016666666666666666,1.0
1997-04,-0.11792699232109628,-0.9602588006863234,1.5639499918972093,0.4642626560792036,-0.4538690098997082,0.0,0.025,1.0
1997-05,1.0241662019768978,-0.9343698948647672,1.468593830859318,0.6227932309868502,-0.4545043706218617,0.0,0.03333333333333333,1.0
1997-06,1.3198867612147713,-0.9816889621851725,1.323067473652704,0.8886447233896987,-0.4590479011384789,0.0,0.041666666666666664,1.0
1997-07,0.2491743915604019,-0.9934991534945397,0.7970734464027674,1.0297156626281656,-0.45993306969267095,0.0,0.05,1.0
1997-08,-0.9031160634009673,-0.836246198932046,0.66300656121537,1.0982219751028224,-0.45810988905280475,0.0,0.058333333333333334,1.0
1997-09,0.2899634342139017,-0.49899017891011754,0.4989199724762167,1.155858618908852,-0.4565894723532199,0.0,0.06666666666666667,1.0
1997-10,-0.17911055630134598,-0.7663783689279676,0.07188409437750755,1.1981661871212093,-0.45841447673660973,0.0,0.075,1.0
1997-11,-1.0356804520248417,-0.4956612217840828,-0.3415324057496097,0.9813371602715317,-0.4567333904841248,0.0,0.08333333333333333,1.0
1997-12,-1.6067270491738388,-0.5305996111908614,-0.5215448618039357,0.6201991234673623,-0.4560985701304227,0.0,0.09166666666666666,1.0
1998-01,0.004440135639403113,-0.6407370838485872,-0.6139481602053737,0.5483081768932027,-0.45878046378571163,0.0,0.1,1.0
1998-02,,-0.625391473594501,-0.85097027941115,0.6181567499396515,-0.46359796110721785,0.0,0.10833333333333334,1.0
1998-03,-0.05674342834084658,-0.273477942847322,-1.029357897418883,0.40243572100986286,-0.4669350515098993,0.0,0.11666666666666667,1.0
1998-04,0.6162757754419002,-0.25368765068542387,-1.3297496802470161,-0.01876057155466006,-0.4688466949683395,0.0,0.125,1.0
1998-05,-0.6583818074799684,-0.2527390768806935,-1.2566096937105886,-0.6931410102676064,-0.46541864254299603,0.0,0.13333333333333333,1.0
1998-06,0.6876566000855246,-0.1947373682452233,-0.8335536575373961,-1.46179587274282,-0.4698255949335073,0.0,0.14166666666666666,1.0
1998-07,2.074484050304518,-0.07212972957908456,-0.4326347480960986,-1.7223798498874594,-0.4675506437528703,0.0,0.15,1.0
1998-08,-0.6175927648264687,0.3788231520706782,0.23647856961951752,-1.8526500979122325,-0.4568175753857915,0.0,0.15833333333333333,1.0
1998-09,-0.6277900254898438,0.3877607755374184,0.6852678375879081,-1.7554132502001176,-0.4418221932503749,0.0,0.16666666666666666,1.0
1998-10,0.06562369961965281,-0.09622439910018332,0.9781714648979724,-1.6778071048145913,-0.43795151151723116,0.0,0.175,1.0
1998-11,2.166259396274892,0.3313765642152034,1.5203415252901025,-1.2963465211924177,-0.44771918913042863,0.0,0.18333333333333332,1.0
1998-12,-1.1376530586585911,0.5052027139320423,1.6693335890447398,-0.6529888526430468,-0.4574938014720865,0.0,0.19166666666666665,1.0
1999-01,-0.954102366717842,0.3517753754216453,1.4398281512649331,-0.23015324208609397,-0.46479611557156464,0.0,0.2,1.0
1999-02,0.1064127422731526,0.36237252364615596,1.5826752907774173,0.2218446107826317,-0.4757057943608615,0.0,0.20833333333333334,1.0
1999-03,1.0445607233036478,0.07821026966119966,1.0866882506790585,0.47075884875085316,-0.4839980859787623,0.0,0.21666666666666667,1.0
1999-04,1.595212799125895,-0.06601769270520837,1.2941171178293145,0.7086063813100427,-0.4858830937756161,0.0,0.225,1.0
1999-05,1.595212799125895,0.6398375525374038,0.9409605255419226,0.8210408782717804,-0.4783486914262369,0.0,0.23333333333333334,1.0
1999-06,0.3103579555406516,1.123182887297287,0.5342216721882632,1.2780092861053893,-0.46876115914554417,0.0,0.24166666666666667,1.0
1999-07,0.06562369961965281,1.0358223719649378,0.2782718178096373,1.105258366134977,-0.46701847088959303,0.0,0.25,1.0
1999-08,-0.8725242814108425,1.1196503447556139,0.24580672081895744,1.1854803389408117,-0.4606095659631917,0.0,0.2583333333333333,1.0
1999-09,2.441585434186016,0.33317974932513844,0.18246105853398464,1.1628118984129916,-0.45604592923710985,0.0,0.26666666666666666,1.0
1999-10,0.48371138681802567,0.8850125602270277,-0.23544918752751762,1.2110941521091934,-0.4548959351109993,0.0,0.275,1.0
1999-11,-1.2294284046289659,1.377085221430904,-0.47416784434162035,1.0209636194554685,-0.45445026623065954,0.0,0.2833333333333333,1.0
1999-12,-1.147850319321966,0.9013888815728442,-0.6275428575860282,1.0025822403175555,-0.46387802957253793,0.0,0.2916666666666667,1.0
2000-01,-0.6889735894700934,0.6634624095608774,-0.8517301817560875,1.0871989898156897,-0.46773963761876763,0.0,0.3,1.0
2000-02,0.4021333015110261,0.9973880067034937,-0.8687338526492588,1.157810257087712,-0.47453922893557293,0.0,0.30833333333333335,1.0
2000-03,-0.046546167677471634,1.7672533146973548,-0.9477219433557581,1.2420819082105374,-0.47967520591315704,0.0,0.31666666666666665,1.0
2000-04,-0.3422667269153451,1.3380393284734529,-1.162485464063068,1.072722894972586,-0.4743010615405929,0.0,0.325,1.0
2000-05,0.25937165222377684,1.405363459383243,-1.4322777215597629,0.7927707896044434,-0.47540676796903614,0.0,0.3333333333333333,1.0
2000-06,-0.12812425298447122,1.338524801387667,-1.6210176262790468,0.3387406688274645,-0.47623920556850674,0.0,0.3416666666666667,1.0
2000-07,-0.7909461961038429,1.8765853945020083,-1.4462933821467603,-0.15610494657912033,-0.47530209409691837,0.0,0.35,1.0
2000-08,-0.7603544141137181,0.9567596402216095,-1.5059746537328074,-0.1647952490725426,-0.4689695612449897,0.0,0.35833333333333334,1.0
2000-09,0.004440135639403113,1.3037094581112183,-1.5908939192105962,-0.05930817219346008,-0.46532592432286674,0.0,0.36666666666666664,1.0
2000-10,-1.2600201866190905,0.944947211709873,-1.4810498865230899,-0.3119366847334315,-0.46008988912035437,0.0,0.375,1.0
2000-11,-0.9846941487079669,1.1170104459594306,-1.079116328923963,-0.7010155810658535,-0.4545885104928241,0.0,0.3833333333333333,1.0
2000-12,-0.23009685961822074,0.9776998544015061,-0.8764775212486539,-0.847655959953487,-0.45700947373211537,0.0,0.39166666666666666,1.0
2001-01,-1.1070612766684662,0.8348097390521473,-0.845205296035665,-0.8102589301599918,-0.4609191520551727,0.0,0.4,1.0
2001-02,0.05542643895627786,0.4561480569732983,-1.0337451387017298,-0.6165468832324564,-0.46770341041716784,0.0,0.4083333333333333,1.0
2001-03,1.992905964997518,1.143073853565819,-0.9421417804915648,-0.6828810956885298,-0.4674350274196105,0.0,0.4166666666666667,1.0
2001-04,0.422527822837776,1.2095277127538158,-0.7932528596263437,-1.0017199861340498,-0.4745827511112674,0.0,0.425,1.0
2001-05,-0.1893078169647209,0.6243337401157494,-0.31514880011574903,-1.4474929952617521,-0.47308930780355113,0.0,0.43333333333333335,1.0
2001-06,-0.4748311155392195,1.207516467823503,-0.13448459203644778,-1.467057789111616,-0.4622317070237635,0.0,0.44166666666666665,1.0
2001-07,0.41233056217440106,0.29976042032735056,0.3866402009976769,-1.4572244765767446,-0.4410988200166902,0.0,0.45,1.0
2001-08,-0.6379872861532186,0.9550817384443739,0.5673271590216643,-1.5314149391441252,-0.4294801102730243,0.0,0.4583333333333333,1.0
2001-09,-1.0152859306980917,2.3934574439734226,0.7821542359646021,-1.4845175904496941,-0.44264017599376904,0.0,0.4666666666666667,1.0
2001-10,-1.8820530870849623,1.7767837967920521,1.0998452748255874,-1.1285324136814714,-0.44059702036345527,0.0,0.475,1.0
2001-11,0.4939086474814006,1.8083932290727955,1.4082723963232275,-0.7579848582423514,-0.45253402964038186,0.0,0.48333333333333334,1.0
2001-12,,2.2271997498730993,1.670095670201592,-0.21018577084990467,-0.46099577179851897,0.0,0.49166666666666664,1.0
2002-01,-0.05674342834084658,2.0571276257325275,1.6610739769919127,0.0057524554317920345,-0.46669343926604123,0.0,0.5,1.0
2002-02,0.5346976901349004,1.6415688835722746,1.5491894902822594,0.3735231096301579,-0.47376341744674466,0.0,0.5083333333333333,1.0
2002-03,-0.5666064615095939,1.190994728323659,1.6727952193648263,0.6370107840902884,-0.47586948097094894,0.0,0.5166666666666666,1.0
2002-04,1.7379744484131443,1.4539980016970009,1.1833620917128973,0.8456170520953593,-0.4844705706435057,0.0,0.525,1.0
2002-05,0.6978538607488997,1.2735474957636366,0.7988058990367941,1.108064970437957,-0.48282107343007885,0.0,0.5333333333333333,1.0
2002-06,-0.29128042359847045,0.669959245242332,0.21948333041108997,1.1263113500057484,-0.47895041421228723,0.0,0.5416666666666666,1.0
2002-07,-0.046546167677471634,1.2062971925320454,0.3027812687647112,1.1269631842765002,-0.47660044187830625,0.0,0.55,1.0
2002-08,0.4735141261546507,1.3928798701606122,0.20501880744237935,1.1125687993025664,-0.47667719671376535,0.0,0.5583333333333333,1.0
2002-09,1.972511443670768,1.1775558536891895,0.23447234496585787,1.040695179361366,-0.4815043981520457,0.0,0.5666666666666667,1.0
2002-10,-1.7596859591244631,0.9304501403545601,-0.1591650381263921,1.0339801180400674,-0.471643552011676,0.0,0.575,1.0
2002-11,-1.0458777126882168,0.9137360014509265,-0.4901244218335276,0.6658770110083441,-0.4584141164909754,0.0,0.5833333333333334,1.0
2002-12,0.1879908275801522,0.6470189721439709,-0.5555092529065144,0.5821555807388583,-0.450114687506445,0.0,0.5916666666666667,1.0
2003-01,0.9833771593233982,0.37895738421285746,-0.6783044299191441,0.5067693846245495,-0.4339306298699343,0.0,0.6,1.0
2003-02,0.6876566000855246,0.005475624620587918,-0.8785347339085707,0.5850031000483692,-0.42813477295171176,0.0,0.6083333333333333,1.0
2003-03,0.9731798986600233,0.2006970993993773,-1.1442033028810956,0.5156747391972938,-0.4232360402396697,0.0,0.6166666666666667,1.0
2003-04,1.034363462640273,0.12428768966645139,-1.2558147530661814,0.24267203957870837,-0.4400610198903135,0.0,0.625,1.0
2003-05,-0.24029412028159564,-0.05065258683047257,-1.2253879026127559,-0.3239879002151888,-0.447688770889682,0.0,0.6333333333333333,1.0
2003-06,-0.7909461961038429,0.2550186101367784,-0.8312969319285298,-0.982072054631208,-0.4417220899947424,0.0,0.6416666666666666,1.0
2003-07,2.3600073488790163,0.22237559036125792,-0.31361732900928285,-1.492181848924217,-0.43403350251388056,0.0,0.65,1.0
2003-08,-1.5047544425400894,0.0829083946374584,0.1407424991676579,-1.578704820249848,-0.42277168361705036,0.0,0.6583333333333333,1.0
2003-09,-1.147850319321966,-0.16165585680525182,0.3853159505014438,-1.4748154707342642,-0.41890433415602396,0.0,0.6666666666666666,1.0
2003-10,-0.5666064615095939,0.6011786955899019,0.5803341350858101,-1.4970104438478964,-0.41648150214250473,0.0,0.675,1.0
2003-11,0.09621548160977766,0.343652093617457,0.9399880320907718,-1.462943951090163,-0.4241056506855302,0.0,0.6833333333333333,1.0
2003-12,0.5041059081447756,-0.20293895213234917,1.4653921997073371,-1.2212855174607267,-0.4368560946047178,0.0,0.6916666666666667,1.0
2004-01,0.06562369961965281,-0.223543585956799,1.6072399450343426,-0.7619727971102932,-0.4429701384794404,0.0,0.7,1.0
2004-02,0.5245004294715255,-0.3489742654337954,1.3213892235760636,-0.24991408423160152,-0.4538004281370773,0.0,0.7083333333333334,1.0
2004-03,0.05542643895627786,-0.2121338538715989,1.4841015026609183,-0.0029066297845685737,-0.46075918047818903,0.0,0.7166666666666667,1.0
2004-04,0.2695689128871518,-0.40009241095749865,1.2883034480417572,0.6317480618763375,-0.46196278365775467,0.0,0.725,1.0
2004-05,-0.7093681107968433,-0.39750844222055653,1.1370434703351924,0.7369114111510422,-0.4677814035969949,0.0,0.7333333333333333,1.0
2004-06,-0.7399598927869682,-0.4303997914591079,0.8640958456232264,0.753859548090737,-0.47094573370267484,0.0,0.7416666666666667,1.0
2004-07,0.626473036105275,0.02492010921620609,0.7629614322270533,0.7327173152481129,-0.46752686754100614,0.0,0.75,1.0
2004-08,-2.4225079022438347,-0.17609252369658432,0.5461723385389035,0.7454635946455028,-0.4629335330654463,0.0,0.7583333333333333,1.0
2004-09,-0.7093681107968433,-0.35501278320911006,0.12733829995872936,0.7365519743500889,-0.4551854600242199,0.0,0.7666666666666666,1.0
2004-10,0.4021333015110261,-0.3326072014770945,-0.17253894609590958,0.8392817149423765,-0.46118812045188573,0.0,0.775,1.0
2004-11,-0.7501571534503431,-0.20874672948395304,-0.44590628048969255,0.6633962972522158,-0.4555041648338192,0.0,0.7833333333333333,1.0
2004-12,0.48371138681802567,-0.592147629767202,-0.6979841116702786,0.6053117794691809,-0.4474489598739955,0.0,0.7916666666666666,1.0
2005-01,1.8807360977003937,-0.46187275439530284,-0.9091646589892414,0.6237627998738247,-0.4393994963289685,0.0,0.8,1.0
2005-02,-0.4850283762025944,-0.5475176551104711,-1.0669426162166236,0.896915993733406,-0.4296408473719808,0.0,0.8083333333333333,1.0
2005-03,-0.5870009828363438,-0.6693956462037662,-1.2198894466519816,1.0273493754636307,-0.394294446348046,0.0,0.8166666666666667,1.0
2005-04,0.004440135639403113,-0.7189787623222548,-1.3825199082848285,0.34822086102503286,-0.38800084253997447,0.0,0.825,1.0
2005-05,0.3613442588575263,-0.40442139754276596,-1.4668527209892663,-0.10790270020663088,-0.3863102097781804,0.0,0.8333333333333334,1.0
2005-06,-0.9031160634009673,-0.5107108821246986,-1.4728097136429126,-0.5435014872008523,-0.3854421078609136,0.0,0.8416666666666667,1.0
2005-07,-1.4129790965697149,-0.4485837723195991,-1.2699514029606376,-1.0164106764561087,-0.3716504865125277,0.0,0.85,1.0
2005-08,-2.1573791249960856,-0.5907356108869748,-1.2153611182110846,-1.1803779290137901,-0.3683092307696996,0.0,0.8583333333333333,1.0
2005-09,0.5652894721250253,-0.6058635733105285,-0.8822133279679771,-1.532710696602388,-0.3661838715887079,0.0,0.8666666666666667,1.0
2005-10,,-0.93745723413488,-0.21864445268573388,-1.7769081262646857,-0.3672042673478772,0.0,0.875,1.0
2005-11,0.5346976901349004,-0.7662083415478742,0.4934860180987683,-1.7396039430517458,-0.3775855783684092,0.0,0.8833333333333333,1.0
2005-12,0.0860182209464027,-0.6921479943030774,0.9251152242396713,-1.6361175178929506,-0.3968610614003573,0.0,0.8916666666666666,1.0
2006-01,-0.29128042359847045,-0.8410114399793941,1.0299271657999507,-1.4864480990244229,-0.3876807417785422,0.0,0.9,1.0
2006-02,2.003103225660893,-0.9672783427214293,1.2440808896006212,-0.8612971589119544,-0.39142409919531124,0.0,0.9083333333333333,1.0
2006-03,-0.11792699232109628,-0.9668540732720429,1.3803863292976597,-0.4169406390764412,-0.39943657001676547,0.0,0.9166666666666666,1.0
2006-04,-0.14851877431122112,-0.6562834031152648,1.0802862470274375,0.039530959345187654,-0.397947156957083,0.0,0.9249999999999999,1.0
2006-05,-0.4442393335490946,-0.8010773776811939,1.179569954805855,0.4313150283325946,-0.3969617050244413,0.0,0.9333333333333333,1.0
2006-06,1.0445607233036478,-0.878421938004633,1.1552273431765663,0.8458572378915239,-0.37266257410675585,0.0,0.9416666666666667,1.0
2006-07,1.5442264958090202,-0.8923552343627947,0.9266787285940676,0.9299598747847486,-0.34765393941230643,0.0,0.95,1.0
2006-08,-1.790277741114588,-0.8277224579036907,0.5949182270381628,0.7762133062436454,-0.32287588443916443,0.0,0.9583333333333334,1.0
2006-09,-0.6175927648264687,-0.8850798522567025,0.6244695536767797,0.9934821834400412,-0.31140359203049145,0.0,0.9666666666666667,1.0
2006-10,0.07582096028302776,-0.9856465731770782,0.21454444585847882,1.0055958840551409,-0.31560169201451427,0.0,0.975,1.0
2006-11,0.43272508350115096,-0.7644745097113979,-0.2914393801934906,1.0107046732511773,-0.2724451206081397,0.0,0.9833333333333333,1.0
2006-12,0.03503191762952796,-0.8177221633113682,-0.6203239945866682,0.9155238055644753,-0.25078602730610733,0.0,0.9916666666666667,1.0
2007-01,0.6672620787587747,-0.840004698913053,-0.7667593899604661,0.832612217225286,-0.24420735662453968,0.0,1.0,1.0
2007-02,0.9425881166698984,-0.9441688412438214,-0.8960518937497842,1.011658264205097,-0.24697719524530334,0.0,1.0083333333333333,1.0
2007-03,-0.6583818074799684,-1.0336345640060083,-1.0654433125872276,0.9493693752666125,-0.2851472015509219,0.0,1.0166666666666666,1.0
2007-04,-0.5971982434997188,-1.0045755424266625,-1.2746694284229048,0.5928054559997682,-0.3003915359349954,0.0,1.025,1.0
2007-05,2.3600073488790163,-0.9392022519832046,-1.4278596441223814,-0.009941686812566405,-0.3138931595477657,0.0,1.0333333333333332,1.0
2007-06,-1.800475001777963,-0.9404931177504913,-1.1960061137612104,-0.8801903031867208,-0.3302129172116487,0.0,1.0416666666666667,1.0
2007-07,-0.9948914093713419,-0.9820894214093395,-0.899528356378243,-1.3823010936444684,-0.3358388732825921,0.0,1.05,1.0
2007-08,-0.02615164635072173,-1.0466550817973543,-0.6108896687334535,-1.653845925686478,-0.3353116537967865,0.0,1.0583333333333333,1.0
2007-09,0.4429223441645259,-1.1116569966474503,-0.26990262124454883,-1.788193242798309,-0.3385968237974237,0.0,1.0666666666666667,1.0
2007-10,1.0853497659571476,-1.1248453046165197,0.013887316599381984,-1.80923180907694,-0.3456504558324705,0.0,1.075,1.0
2007-11,0.1064127422731526,-1.1051377889422986,0.7150177574815615,-1.6516435973893686,-0.34609738557253034,0.0,1.0833333333333333,1.0
2007-12,0.840615510036149,-0.9379941627035955,1.225529166783183,-1.5628561215056813,-0.36437318696928167,0.0,1.0916666666666666,1.0
2008-01,0.06562369961965281,-1.0243725461956694,1.266040098605866,-1.1651197398644633,-0.3787800628303565,0.0,1.1,1.0
2008-02,0.6570648180953998,-1.0765840554981545,1.4537485368024978,-0.8100036923728531,-0.3800121254150322,0.0,1.1083333333333334,1.0
2008-03,-0.8623270207474675,-1.0194059569350526,1.5473324446231669,-0.2866949303080055,-0.38201655463965817,0.0,1.1166666666666667,1.0
2008-04,-0.9744968880445919,-1.050695469276937,1.4085417809640275,0.1516849188126802,-0.3780131674209773,0.0,1.125,1.0
2008-05,0.626473036105275,-1.0667227870530887,1.1808483202892597,0.5344623272960757,-0.3819649719678961,0.0,1.1333333333333333,1.0
2008-06,-2.3715215989269596,-1.1063167945911025,1.1887841942883641,0.8595001366817391,-0.3899282242295634,0.0,1.1416666666666666,1.0
2008-07,-0.770551674777093,-1.110214001119028,0.8290340811793598,1.037835071549833,-0.3875865825758757,0.0,1.15,1.0
2008-08,0.03503191762952796,-1.106992429706736,0.5166272870263537,1.113251704824041,-0.36849329377347745,0.0,1.1583333333333332,1.0
2008-09,-0.40345029089559487,-1.1098538115375145,0.40091831089006863,1.1971148134982408,-0.3132374449472739,0.0,1.1666666666666667,1.0
2008-10,0.2899634342139017,-1.1101468850479383,-0.039639461173210225,1.2348381014675567,-0.3122168465499353,0.0,1.175,1.0
2008-11,2.0438922683143925,-1.1257357111596393,-0.305084215590592,1.0781436123362482,-0.310293630200493,0.0,1.1833333333333333,1.0
2008-12,-0.21989959895484576,-1.1269147168084435,-0.411064957586812,1.162063895185055,-0.32983256536787886,0.0,1.1916666666666667,1.0
2009-01,-0.6889735894700934,-1.1148450100241973,-0.4182993432349016,1.3560791126969307,-0.34485753267601277,0.0,1.2,1.0
2009-02,0.5245004294715255,-1.1008824702350608,-0.4439096415650466,1.692001822174306,-0.3554733636044774,0.0,1.2083333333333333,1.0
2009-03,0.3817387801842762,-1.0949115369106417,-0.5256114550424025,1.3758559934898245,-0.3249867887640797,0.0,1.2166666666666666,1.0
2009-04,-0.9235105847277172,-1.0594339817327787,-0.8687385662887264,1.2876290708771947,-0.3047874783183082,0.0,1.225,1.0
2009-05,-1.2600201866190905,-1.02088251049902,-1.1299915231406268,1.089558462637712,-0.32253171476629017,0.0,1.2333333333333334,1.0
2009-06,-1.7290941771343382,-1.0487535776200831,-1.301140569103601,0.39336248728412265,-0.339400149046572,0.0,1.2416666666666667,1.0
2009-07,0.5754867327884002,-1.0557828674655143,-1.3036708761579556,-0.07611581050006162,-0.24727417274008365,0.0,1.25,1.0
2009-08,,-1.085112590531588,-1.1380935885715855,-0.2349903508916137,-0.19829679740531087,0.0,1.2583333333333333,1.0
2009-09,0.4429223441645259,-1.040015065164242,-1.3643214600774793,0.03853074190313259,-0.1915982099582239,0.0,1.2666666666666666,1.0
2009-10,0.17779356691677725,-1.0266544926127095,-1.341937212207458,-0.03053429839440846,-0.23498322212745223,0.0,1.275,1.0
2009-11,-0.01595438568734679,-1.022884806619854,-1.1282470222045091,-0.49364221902386235,-0.26208531174890526,0.0,1.2833333333333332,1.0
2009-12,1.778763491066644,-0.974236841091878,-1.2002035959836865,-0.42325594514520193,-0.3098400584315507,0.0,1.2916666666666667,1.0
2010-01,-0.4442393335490946,-0.8883282700974301,-1.28550944227428,-0.46190495842308976,-0.34581236372973856,0.0,1.3,1.0
2010-02,-0.08733521033097144,-0.8016478642854538,-1.3074792288057075,-0.31696955414118333,-0.376411110054518,0.0,1.3083333333333333,1.0
2010-03,-0.5156201581927193,-0.8038291365958598,-1.232455884385762,-0.637194411806791,-0.3661102238718446,0.0,1.3166666666666667,1.0
2010-04,1.3708730645316463,-0.9305062463723863,-1.2085058305859295,-0.9992721938698093,-0.3629192806199304,0.0,1.325,1.0
2010-05,1.3402812825415213,-0.952424117987819,-0.4951404808436743,-1.682036234460481,-0.371695382124703,0.0,1.3333333333333333,1.0
2010-06,-1.7800804804512131,-0.9654602961957528,0.6116511000939664,-1.7255138853027516,-0.3784240275669023,0.0,1.3416666666666666,1.0
2010-07,-0.4850283762025944,-0.8062453151550787,1.3038008917439183,-1.1449638258544137,-0.37577534405602586,0.0,1.35,1.0
2010-08,0.27976617355052674,-0.8254405114866504,1.415963558034597,-0.056600605831971865,-0.3799629518859496,0.0,1.3583333333333334,1.0
2010-09,0.6060785147785251,-0.8165588180791515,1.3853244460372158,0.560931510223593,-0.3867565541190845,0.0,1.3666666666666667,1.0
2010-10,0.4633168654912759,-0.8327561632353965,1.3257101796059128,0.655287466910637,-0.3996410769602901,0.0,1.375,1.0
2010-11,0.6774593394221498,-0.8422888825324629,1.2677916585751114,0.6769885931580525,-0.3910793891539855,0.0,1.3833333333333333,1.0
2010-12,1.1771251119275221,-0.8232256811407,0.6623391801419951,0.6233033206151692,-0.3454300080196279,0.0,1.3916666666666666,1.0
2011-01,-0.9031160634009673,-0.8411792301571178,0.3035233720647308,0.781081721791481,-0.33253542081601395,0.0,1.4,1.0
2011-02,-0.2606886416083456,-0.6010930588575948,0.39976304850994376,0.9433257403489332,-0.3311424184942124,0.0,1.4083333333333332,1.0
2011-03,2.298823784898767,-0.13448055962114858,0.10944776165403865,1.1464935981603375,-0.3386274897070439,0.0,1.4166666666666667,1.0
2011-04,-1.3721900539162148,-0.16297356900097362,-0.21112152171036241,1.178784512710532,-0.34802456462395,0.0,1.425,1.0
2011-05,-1.1274557979952162,-0.48328278107282546,-0.644061426573588,1.1954308646810703,-0.3574363420658061,0.0,1.4333333333333333,1.0
2011-06,-0.3014776842618453,-0.46445224872750596,-0.9749695227892582,1.0450316485778566,-0.31104075713068974,0.0,1.4416666666666667,1.0
2011-07,-0.00575712502397183,-0.4984510131390325,-1.0671680713784513,0.7372589953463785,-0.23612105796340502,0.0,1.45,1.0
2011-08,0.9527853773332734,-0.3505271924579676,-1.1716962911622986,0.9078873533915885,-0.1750008380024045,0.0,1.4583333333333333,1.0
2011-09,0.23897713089702693,0.3062706792230236,-1.3219569181710416,0.809149542215611,-0.15389089413916607,0.0,1.4666666666666666,1.0
2011-10,0.6570648180953998,0.3162709738153458,-1.317635614879786,0.690655594006263,-0.16950493060544528,0.0,1.475,1.0
2011-11,0.03503191762952796,0.5971383081103193,-1.1928255815083286,0.12153043118970869,-0.19545130720134313,0.0,1.4833333333333334,1.0
2011-12,0.7182483820756496,0.3270095451896521,-1.0130437656137399,-0.45460162531345893,-0.2775088233053413,0.0,1.4916666666666667,1.0
2012-01,-1.0254831913614668,0.16146104424050695,-1.2454341248421714,-0.15719286999609255,-0.3099100361460145,0.0,1.5,1.0
2012-02,-0.9846941487079669,-0.351485332231451,-1.2016685364318411,-0.05512919819335421,-0.3245945262990257,0.0,1.5083333333333333,1.0
2012-03,0.48371138681802567,-0.15233343453093262,-1.2679886986480828,-0.0017310385522845073,-0.34581301667495074,0.0,1.5166666666666666,1.0
2012-04,-2.2491544709664604,-0.1495883872233752,-1.1092534891221661,-0.25028448022804933,-0.3436648944729413,0.0,1.525,1.0
2012-05,-1.0458777126882168,0.06411589473242284,-0.8608056676062736,-1.0713122480659534,-0.3585823059438829,0.0,1.5333333333333332,1.0
2012-06,-0.24029412028159564,0.07372915331479678,-0.3409121773958756,-1.4495418655765362,-0.37500462103678217,0.0,1.5416666666666667,1.0
2012-07,-0.2810831629350955,0.403521866231582,0.04184239962524112,-1.5270710625205777,-0.3804763694608908,0.0,1.55,1.0
2012-08,-0.036348907014096675,-0.05353857788731705,0.3348075727270783,-1.5271564893811365,-0.38475248514009286,0.0,1.5583333333333333,1.0
2012-09,2.3396128275522665,0.06637770632813605,0.49717139116384323,-1.5012489991561466,-0.3872933651449035,0.0,1.5666666666666667,1.0
2012-10,-0.24029412028159564,0.026396662780173302,0.6094682129206254,-1.4988759243911327,-0.39583625263216776,0.0,1.575,1.0
2012-11,-0.6991708501334684,-0.05984525136735236,0.8737628888156546,-1.500446028984126,-0.3962735908322142,0.0,1.5833333333333333,1.0
2012-12,0.6876566000855246,-0.33663416574245913,1.4144767241950627,-1.1845026790776536,-0.4100866693111934,0.0,1.5916666666666666,1.0
2013-01,0.21858260957027703,0.03901448414498291,1.2952283880996167,-0.8777174524122211,-0.4137231013206302,0.0,1.6,1.0
2013-02,-1.1172585373318413,-0.40365915073539327,1.2964829829164766,-0.6303169477462596,-0.43453962511472716,0.0,1.6083333333333334,1.0
2013-03,-1.351795532589465,-0.2289799877150412,1.5259876412187288,-0.3957367403248244,-0.4327530769527994,0.0,1.6166666666666667,1.0
2013-04,-1.7086996558075884,0.09765603265817217,1.4282690144503793,0.011260191280064573,-0.4163790572902492,0.0,1.625,1.0
2013-05,0.7590374247291493,0.2722428311806916,1.4311039167445883,0.24697620421149774,-0.4191635308899065,0.0,1.6333333333333333,1.0
2013-06,,-0.15583018183469077,1.4325467889679002,0.6560310384369679,-0.41979504148684343,0.0,1.6416666666666666,1.0
2013-07,0.2899634342139017,-0.03924285474527247,1.1274713426599612,0.8249201766105042,-0.42131394965783464,0.0,1.65,1.0
2013-08,0.07582096028302776,-0.05910921178773825,1.1021370766541962,0.8093718047735009,-0.4247186761783568,0.0,1.6583333333333332,1.0
2013-09,-0.10772973165772132,-0.36375129566495135,1.1052119363962079,0.8314760237263562,-0.4314320562118024,0.0,1.6666666666666667,1.0
2013-10,1.8705388370370186,0.21566398325231687,0.9055378550213761,0.8833975703985857,-0.440694962145282,0.0,1.675,1.0
2013-11,-0.4850283762025944,0.4982405401577004,0.562601606295258,1.122007379175476,-0.4411753046679236,0.0,1.6833333333333333,1.0
2013-12,-0.13832151364784617,0.45647644632112877,0.14354295129426398,1.2473804831268944,-0.4404424975016905,0.0,1.6916666666666667,1.0
2014-01,-0.02615164635072173,0.7048059093519552,0.12966361521545175,1.3998262033452316,-0.4491284250211261,0.0,1.7,1.0
2014-02,0.626473036105275,0.9359488641788138,0.01925340425507158,1.3747082495673644,-0.46125145613746704,0.0,1.7083333333333333,1.0
2014-03,1.2587031972345217,0.5660098743390504,-0.1983172703765793,1.2923078800800807,-0.4142948561729768,0.0,1.7166666666666666,1.0
2014-04,-1.5659380065203392,0.5003211383614721,-0.7878207099916913,1.2210495577959375,-0.3670660230857126,0.0,1.7249999999999999,1.0
2014-05,-0.4442393335490946,0.24787969737523455,-1.0916097180865345,0.5654930756365701,-0.3530675531971791,0.0,1.7333333333333334,1.0
2014-06,-0.01595438568734679,0.1003608103230754,-1.2779401671129857,0.0018492965273080397,-0.35981425595179795,0.0,1.7416666666666667,1.0
2014-07,1.0445607233036478,0.4308381071649729,-1.3832335719745845,-0.28873510134729585,-0.35625392583260806,0.0,1.75,1.0
2014-08,0.7386429034023995,0.14928618894488735,-1.3854088288323654,-0.3039002987630182,-0.3506370209332266,0.0,1.7583333333333333,1.0
2014-09,1.034363462640273,0.5852788983488203,-1.439841342943458,-0.42391226450489433,-0.3486328393774742,0.0,1.7666666666666666,1.0
2014-10,1.60541005978927,0.684134159456416,-1.291788268118749,-0.6906199965387879,-0.361396747477244,0.0,1.775,1.0
2014-11,-0.6991708501334684,0.6266134493304201,-0.8576837978604442,-1.308407656053225,-0.3639975183187578,0.0,1.7833333333333332,1.0
2014-12,-0.3218722055885952,0.6821206773237337,-0.38181826904268773,-1.67688833111088,-0.37027265953807126,0.0,1.7916666666666667,1.0
2015-01,2.1560621356115175,0.3341506951535656,-0.2751239743709137,-1.633713357986471,-0.37380525074341964,0.0,1.8,1.0
2015-02,-1.2600201866190905,0.09925115794773028,0.06431970559865174,-1.707411101175575,-0.39310138035328385,0.0,1.8083333333333333,1.0
2015-03,-1.3008092292725906,0.08076068036259738,0.31851364444891295,-1.5473871325032162,-0.41012881805040713,0.0,1.8166666666666667,1.0
2015-04,-0.4748311155392195,0.1822670262782248,0.6621842884280952,-1.4883610977308455,-0.3912087398520532,0.0,1.825,1.0
2015-05,-0.168913295637971,0.02901418955266008,1.0540012589096797,-1.1251737196428924,-0.34563642876808476,0.0,1.8333333333333333,1.0
2015-06,0.9119963346797736,0.20009081755720348,1.2850546871576227,-0.41243252088167015,-0.29633994334737407,0.0,1.8416666666666666,1.0
2015-07,0.34094973753077645,-0.22106029132649063,1.4439142446094466,0.32492047996048723,-0.25785017401060545,0.0,1.8499999999999999,1.0
2015-08,0.4633168654912759,-0.24951750546840168,1.3497100036922154,0.666548318736521,-0.23622845619313224,0.0,1.8583333333333334,1.0
2015-09,-0.6175927648264687,-0.3768590643487138,1.4676936975971502,0.8146224513161026,-0.2080983606234852,0.0,1.8666666666666667,1.0
2015-10,0.840615510036149,-0.3710647102113278,1.1022966129509681,0.7760594408256137,-0.2316044783233043,0.0,1.875,1.0
2015-11,-1.0968640160050913,-0.2916238912675293,0.7447325033961211,1.1243210719391508,-0.23251797119049356,0.0,1.8833333333333333,1.0
2015-12,-1.0458777126882168,-0.24951750546840168,0.34540707166857487,0.98263261716673,-0.24622333622481554,0.0,1.8916666666666666,1.0
2016-01,0.626473036105275,-0.4375767366609357,0.3461922167763667,0.8980510955064949,-0.2743535668865755,0.0,1.9,1.0
2016-02,-2.147181864332711,-0.41942762529944705,0.5102313961088815,0.7924946495198718,-0.2995119511881351,0.0,1.9083333333333332,1.0
2016-03,-1.2702174472824657,-0.6365758874410439,0.5832793152787557,0.33451377010405153,-0.339299347815023,0.0,1.9166666666666667,1.0
2016-04,-0.13832151364784617,-0.5633500166801252,0.8819071277708811,-0.2893251761692176,-0.3432242014854254,0.0,1.925,1.0
2016-05,-0.07713794966759648,-0.538854887934859,1.0060819723045493,-0.36420883786551433,-0.3462170771845282,0.0,1.9333333333333333,1.0
2016-06,0.17779356691677725,-0.7631567975156758,0.9646502021512271,-0.19648154843077473,-0.35625318282598734,0.0,1.9416666666666667,1.0
2016-07,2.247837481581892,-0.674228003322204,0.9826470020272964,0.2250965498066913,-0.36740364079111293,0.0,1.95,1.0
2016-08,-0.4952256368659694,-0.7097324049285034,1.1145633518733757,0.6739661713533134,-0.3736438381838988,0.0,1.9583333333333333,1.0
2016-09,-0.546211940182844,-0.6761877925980152,1.0805685587517784,0.8186699072181726,-0.36514195115288883,0.0,1.9666666666666666,1.0
2016-10,0.5856839934517752,-0.7412098422694378,1.1084614255158802,0.8574721326906112,-0.36846908976992254,0.0,1.9749999999999999,1.0
2016-11,0.37154151952090125,-0.9220451470103814,1.1632174482431852,0.9842538767629521,-0.3827125041744314,0.0,1.9833333333333334,1.0
2016-12,-1.1376530586585911,-1.0069223677124222,1.1053360290280947,1.0980041270630623,-0.3985319031676167,0.0,1.9916666666666667,1.0
2017-01,-1.4333736178964647,-0.963498269717572,0.9674690944645203,1.1688489443002898,-0.4117000068690769,0.0,2.0,1.0
2017-02,-1.7086996558075884,-0.9602934773230526,0.9764357319840015,1.2285127530689226,-0.4181318774546652,0.0,2.0083333333333333,1.0
2017-03,0.5448949507982754,-0.9842371356842006,0.6143416417654761,1.3531604348331348,-0.42846966629950267,0.0,2.0166666666666666,1.0
2017-04,,-0.8228699659639261,-0.04461972858914243,1.4631261270977467,-0.41769206256588287,0.0,2.025,1.0
2017-05,0.5958812541151502,-0.9565181983242733,-0.8242067766421349,1.101670668740585,-0.4174406561438422,0.0,2.033333333333333,1.0
2017-06,-0.01595438568734679,-0.9176758907824605,-1.2490817409250008,0.5585580243655934,-0.44220540454386703,0.0,2.0416666666666665,1.0
2017-07,-0.21989959895484576,-0.853360797059846,-1.4367472898830937,0.2082171002883287,-0.4326651094719725,0.0,2.05,1.0
2017-08,2.237640220918517,-0.860005288097698,-1.4489042360168702,0.11829079553575082,-0.4416965801007631,0.0,2.058333333333333,1.0
2017-09,-0.42384481222234466,-0.5571775753422686,-1.4928777427379056,0.10850521358712502,-0.38554552087331134,0.0,2.0666666666666664,1.0
2017-10,-0.5360146795194691,-0.941685546613513,-1.5218266797828606,-0.09695974796205395,-0.3859394719897762,0.0,2.075,1.0
2017-11,-0.00575712502397183,-1.051805121652282,-1.3324381425992715,-0.3902395001893261,-0.3948033383372063,0.0,2.0833333333333335,1.0
2017-12,0.7080511214122747,-1.0786023316359146,-1.0236510681198592,-0.8036355707375191,-0.40661083930860026,0.0,2.091666666666667,1.0
2018-01,0.9731798986600233,-1.1125630636071575,-1.1517589010487606,-0.7548856147516085,-0.4164061882895828,0.0,2.1,1.0
2018-02,-1.6781078738174635,-1.0581558999790328,-1.3162528540869074,-0.32220525922704546,-0.42972386147533603,0.0,2.1083333333333334,1.0
2018-03,-0.31167494492522024,-1.1153819385929125,-1.3752957449074836,-0.4273450175189547,-0.43968458571781677,0.0,2.1166666666666667,1.0
2018-04,0.17779356691677725,-1.0545792525906443,-1.1461998044674697,-0.9849069184355895,-0.41804616150905266,0.0,2.125,1.0
2018-05,1.1159415479472725,-1.0144393676744363,-0.7799233728679351,-1.494522536936059,-0.40952011550519213,0.0,2.1333333333333333,1.0
2018-06,0.6876566000855246,-0.9664312420241794,-0.08653902982640282,-1.873017329763434,-0.4062144565341039,0.0,2.1416666666666666,1.0
2018-07,0.7692346853925243,-1.0249765908354742,0.42750476845423113,-1.8093999265843206,-0.3843478392313596,0.0,2.15,1.0
2018-08,1.0853497659571476,-1.0481316353613215,0.8758996898170771,-1.6730545602393307,-0.34648940036871073,0.0,2.158333333333333,1.0
2018-09,-0.7297626321235932,-1.0861349920145165,1.2599736526447531,-1.2347929927282175,-0.2844813325266131,0.0,2.1666666666666665,1.0
2018-10,-0.29128042359847045,-1.0829648762567265,1.4247954703241166,-0.8236590841604075,-0.27486705200757316,0.0,2.175,1.0
2018-11,2.237640220918517,-1.1182455576260608,1.7494522005059634,-0.3690834322754623,-0.2711892142655434,0.0,2.183333333333333,1.0
2018-12,-1.3110064899359655,-1.1107509296877431,1.7207518055696018,0.14318168750515106,-0.2874779908048761,0.0,2.1916666666666664,1.0
2019-01,-1.3008092292725906,-1.0808842780529546,1.33166559258468,0.388057235342759,-0.3091423076686059,0.0,2.2,1.0
2019-02,-0.8215379780939677,-1.0892905659569034,1.0199558474014028,0.4782519516435657,-0.32502492977061176,0.0,2.2083333333333335,1.0
2019-03,-0.23009685961822074,-1.0477960550058745,1.1987225275351994,0.7896840398015218,-0.34122269925657817,0.0,2.216666666666667,1.0
2019-04,0.9119963346797736,-1.0045755424266625,1.0194282971486974,0.9077024543614783,-0.35270904124498903,0.0,2.225,1.0
2019-05,0.3613442588575263,-1.0057142784328126,0.5593670959575343,1.3521512112209777,-0.35928482996148225,0.0,2.2333333333333334,1.0
2019-06,0.626473036105275,-1.0595033350062373,-0.02955372581961704,1.3628832809842049,-0.3376793907436092,0.0,2.2416666666666667,1.0
2019-07,-0.6583818074799684,-1.078803679849183,-0.16804359904410715,1.329897895681134,-0.20194833721603636,0.0,2.25,1.0
2019-08,1.0751525052937727,-1.0926967065646913,-0.248488364053769,1.2775784540045905,-0.027477774065712886,0.0,2.2583333333333333,1.0
2019-09,-1.0866667553417166,-1.0897413622343872,-0.09832485872566109,1.1188949949246556,0.060808614208942686,0.0,2.2666666666666666,1.0
2019-10,-0.9439051060544671,-1.1270601349624707,-0.47521858788412535,0.9102324779710995,0.02665129396244058,0.0,2.275,1.0
2019-11,1.1159415479472725,-1.0926541997196682,-0.6619269251653381,0.7545650182249214,-0.0020063363079420673,0.0,2.283333333333333,1.0
2019-12,-1.9942229543820866,-1.0917570815694395,-0.8690037549671962,0.6870874713609261,-0.013311024435254587,0.0,2.2916666666666665,1.0
2020-01,-1.1070612766684662,-1.066789903124178,-0.8966237670892238,0.4552667227929276,0.04832524739688803,0.0,2.3,1.0
2020-02,0.024834656966153015,-1.0801251721454606,-0.8817204981690121,0.33409808899097615,0.08255313075700965,0.0,2.308333333333333,1.0
2020-03,-0.10772973165772132,-1.0760519209345172,-0.8050378610489531,0.1826596519443791,0.05831188680968661,0.0,2.3166666666666664,1.0
2020-04,0.43272508350115096,-1.0640806510545355,-0.4889429507388036,-0.04447419386472335,0.0018805339633932662,0.0,2.325,1.0
2020-05,2.033695007651018,-1.0506820460627189,0.3368512863539241,-0.7390315054088479,-0.054755078157551096,0.0,2.3333333333333335,1.0
2020-06,-0.4340420728857196,-1.0302362536065144,0.6383552511853396,-0.4983906852794134,-0.10181720757754058,0.0,2.341666666666667,1.0
2020-07,-0.5768037221729689,-1.0283323943899447,0.6626161808785207,0.02575045971315171,-0.1422946322015878,0.0,2.35,1.0
2020-08,0.39193604084765116,-0.9945058945608808,0.5827945087245024,0.5934859886282853,-0.16348103820070756,0.0,2.3583333333333334,1.0
2020-09,0.5346976901349004,-1.0348135696548124,0.6010696199734636,0.9832911166290438,-0.19118608895257883,0.0,2.3666666666666667,1.0
2020-10,-1.0968640160050913,-0.978263805357243,0.47916528094103356,1.3046123696367216,-0.21647127971741387,0.0,2.375,1.0
2020-11,-1.36199279325284,-0.6924858118608941,0.13212840183051533,1.3862498617736783,-0.2334725770906979,0.0,2.3833333333333333,1.0
2020-12,-1.5047544425400894,-0.7700026367667958,-0.16203220838831453,1.2593154178638453,-0.26470609873847517,0.0,2.3916666666666666,1.0
2021-01,0.9833771593233982,-0.9898077695846218,-0.1904570842688057,1.0254496655103507,-0.2773841332851675,0.0,2.4,1.0
2021-02,,-1.0249406357973903,-0.2086513581178279,1.094590812998791,-0.3099662344649661,0.0,2.408333333333333,1.0
2021-03,0.6978538607488997,-0.9745724214473251,-0.387036016289827,1.163843001042666,-0.32558979492520224,0.0,2.4166666666666665,1.0
2021-04,-0.06694068900422152,-0.954225065895385,-0.8109100717832743,1.1342974215255448,-0.3229596640644925,0.0,2.425,1.0
2021-05,-0.13832151364784617,-0.918230716970133,-1.0659132260094162,0.8041232026887685,-0.25108183400257617,0.0,2.433333333333333,1.0
2021-06,2.472177216176141,-0.8144782198753799,-1.1395000822232744,0.2645561960479775,-0.19073443098856874,0.0,2.4416666666666664,1.0
2021-07,-0.45443659421246957,-0.7815466009941746,-1.0371342552230884,-0.333505686863224,-0.17191159659612507,0.0,2.45,1.0
2021-08,-0.23009685961822074,-0.8640322523630627,-0.9877343489548484,-0.3331813392830831,-0.17752156676704617,0.0,2.4583333333333335,1.0
2021-09,-0.37285850890547,-0.685550484514988,-1.1598767621847192,-0.5099009441175372,-0.19436503152180026,0.0,2.466666666666667,1.0
2021-10,1.1363360692740223,-0.6800671015069832,-1.114442910095972,-0.6494404695339692,-0.20153900811405714,0.0,2.475,1.0
2021-11,0.8610100313628989,-0.768080879931269,-0.668513916975545,-1.167608962341113,-0.22480817424791205,0.0,2.4833333333333334,1.0
2021-12,-1.5251489638668394,-0.4457648973338437,-0.22720011091861414,-1.3914190861199045,-0.2522258390450164,0.0,2.4916666666666667,1.0
2022-01,-0.01595438568734679,-0.4293214599169378,-0.20360338098097205,-1.3391273644216717,-0.2689415967224093,0.0,2.5,1.0
2022-02,0.37154151952090125,-0.30505365729235173,0.07133125588541898,-1.3812084625500276,-0.13313745836177682,0.0,2.5083333333333333,1.0
2022-03,1.3096895005513964,-0.050317006475025516,0.04429348093158052,-1.4219427348532467,0.05674576394524929,0.0,2.5166666666666666,1.0
2022-04,0.7998264673826492,0.21950973412574026,0.3317446285231162,-1.455045879114841,0.07598270069432674,0.0,2.525,1.0
2022-05,0.3307524768674015,0.3290901433934238,0.792047874283491,-1.2768708299092433,0.05122666573558165,0.0,2.533333333333333,1.0
2022-06,0.9833771593233982,-0.02884433813115282,1.1602398433518988,-0.6576543447172711,0.04936770820115854,0.0,2.5416666666666665,1.0
2022-07,-0.8623270207474675,0.17391778703470182,1.3011879461887628,-0.1271891277402042,0.07124429980490263,0.0,2.55,1.0
2022-08,-0.42384481222234466,-0.004678078134224819,1.292461401060545,0.3747205002294775,0.06476267029107594,0.0,2.558333333333333,1.0
2022-09,2.207048438928392,0.3193784479067857,1.3268093019552694,0.7863904581077601,0.049304800307268,0.0,2.5666666666666664,1.0
2022-10,-1.2600201866190905,0.24029558134213075,1.3695349663503413,0.8435065281130981,0.024774459238415078,0.0,2.575,1.0
2022-11,-1.4027818359063398,-0.009425421562616049,1.2451214478550603,0.8617131029533663,0.010502112606401085,0.0,2.5833333333333335,1.0
2022-12,-0.7501571534503431,0.47063793732099435,0.93095150393279,0.9071016495413727,-0.0984705706655501,0.0,2.591666666666667,1.0
2023-01,0.11661000293652755,1.1542822374377506,0.6986247118995764,0.9715185802188704,-0.0984705706655501,0.0,2.6,1.0
2023-02,0.9833771593233982,1.0942972489015883,0.47654994075982304,0.9966243696886421,-0.0984705706655501,0.0,2.6083333333333334,1.0
2023-03,0.19818808824352716,0.725142078892047,0.38176111124535717,1.3603284994872966,-0.0984705706655501,0.0,2.6166666666666667,1.0
2023-04,0.5448949507982754,0.5311833450507539,0.11983047911824839,1.5632159835605774,-0.0984705706655501,0.0,2.625,1.0
2023-05,-0.6583818074799684,0.8046075070619119,-0.48173808815702407,1.2332556974653284,-0.0984705706655501,0.0,2.6333333333333333,1.0
2023-06,0.7080511214122747,0.9492448774619647,-1.0407965295059654,0.9264399087258687,-0.0984705706655501,0.0,2.6416666666666666,1.0
2023-07,-1.1580475799853411,1.2832793260716013,-1.3080612449258282,0.5094920431477158,-0.0984705706655501,0.0,2.65,1.0
2023-08,-0.9744968880445919,0.7570893287306073,-1.3808740321754223,0.3420495171911512,-0.0984705706655501,0.0,2.658333333333333,1.0
2023-09,1.0241662019768978,0.7252338041892025,-1.4196938982839677,0.07576412146378442,-0.0984705706655501,0.0,2.6666666666666665,1.0
2023-10,-1.8412640444314627,0.4313079196625989,-1.2923376181523702,-0.19908457701358775,-0.0984705706655501,0.0,2.675,1.0
2023-11,-1.147850319321966,0.6579611289339143,-0.9100923085865571,-0.7925040558005447,-0.0984705706655501,0.0,2.683333333333333,1.0
2023-12,0.024834656966153015,0.5284919906000686,-0.4316959271418007,-1.3646261692821224,-0.0984705706655501,0.0,2.6916666666666664,1.0
2024-01,-0.29128042359847045,0.7793047482612028,-0.2130513912567095,-1.5672920740479916,-0.0984705706655501,0.0,2.7,1.0
2024-02,0.41233056217440106,0.997459751469141,-0.11791885932289584,-1.5382988960663107,-0.0984705706655501,0.0,2.7083333333333335,1.0
2024-03,2.0234977469876427,0.6762815791389548,0.2395318624774154,-1.5400080641539036,-0.0984705706655501,0.0,2.716666666666667,1.0
2024-04,-0.3218722055885952,0.8615129865362542,0.8121526479407036,-1.3453047159236298,-0.0984705706655501,0.0,2.725,1.0
2024-05,-0.6991708501334684,1.4719426019039399,1.228326491920049,-0.5928006155457082,-0.0984705706655501,0.0,2.7333333333333334,1.0
