time,giss_aod,tropopause_pressure
1850-01,-0.3817321457642831,
1850-02,-0.39028709239597176,
1850-03,-0.4002347047584004,
1850-04,-0.40580536768136055,
1850-05,-0.41535507554929213,
1850-06,-0.4189362159997664,
1850-07,-0.4290827806094437,
1850-08,-0.4290827806094437,
1850-09,-0.4336586822961609,
1850-10,-0.43903039297187235,
1850-11,-0.4424125811750982,
1850-12,-0.4487790530870525,
1851-01,-0.4487790530870525,
1851-02,-0.4529570502792726,
1851-03,-0.45733399971874117,
1851-04,-0.46270571039445274,
1851-05,-0.46787846882291556,
1851-06,-0.46787846882291556,
1851-07,-0.4722554182623842,
1851-08,-0.4768313199491014,
1851-09,-0.4818051261303158,
1851-10,-0.48618207556978443,
1851-11,-0.4909569295037502,
1851-12,-0.4965275924267103,
1852-01,-0.5009045418661788,
1852-02,-0.5060773002946418,
1852-03,-0.5060773002946418,
1852-04,-0.5102552974868618,
1852-05,-0.5158259604098219,
1852-06,-0.5198050053547935,
1852-07,-0.524181954794262,
1852-08,-0.5297526177172222,
1852-09,-0.533532710414945,
1852-10,-0.5389044210906565,
1852-11,-0.5432813705301252,
1852-12,-0.5432813705301252,
1853-01,-0.5488520334530852,
1853-02,-0.5534279351398024,
1853-03,-0.5534279351398024,
1853-04,-0.5587996458155139,
1853-05,-0.5587996458155139,
1853-06,-0.5639724042439768,
1853-07,-0.5639724042439768,
1853-08,-0.5677524969416997,
1853-09,-0.5677524969416997,
1853-10,-0.5677524969416997,
1853-11,-0.5721294463811684,
1853-12,-0.5721294463811684,
1854-01,-0.5721294463811684,
1854-02,-0.5721294463811684,
1854-03,-0.576506395820637,
1854-04,-0.576506395820637,
1854-05,-0.576506395820637,
1854-06,-0.576506395820637,
1854-07,-0.576506395820637,
1854-08,-0.576506395820637,
1854-09,-0.5822760109908457,
1854-10,-0.5822760109908457,
1854-11,-0.5822760109908457,
1854-12,-0.5822760109908457,
1855-01,-0.5822760109908457,
1855-02,-0.5822760109908457,
1855-03,-0.5822760109908457,
1855-04,-0.5822760109908457,
1855-05,-0.5822760109908457,
1855-06,-0.5822760109908457,
1855-07,-0.5822760109908457,
1855-08,-0.5822760109908457,
1855-09,-0.5822760109908457,
1855-10,-0.4529570502792726,
1855-11,-0.23231900808060396,
1855-12,-0.007502968689715427,
1856-01,0.2125382167672075,
1856-02,0.4297940707626502,
1856-03,0.6500342084668215,
1856-04,0.8708712029127388,
1856-05,1.089320770391673,
1856-06,1.3155294755133016,
1856-07,1.4758849867956523,
1856-08,1.586502436265859,
1856-09,1.6959261722525747,
1856-10,1.8041561947557996,
1856-11,1.9115904082700288,
1856-12,2.0202183352677507,
1857-01,2.1322284504686984,
1857-02,2.241254281960916,
1857-03,2.3451073550246715,
1857-04,2.4547300432586363,
1857-05,2.565944349470589,
1857-06,2.6749701809628075,
1857-07,2.6319964955571153,
1857-08,2.445379287637953,
1857-09,2.2547830347738196,
1857-10,2.066773161123917,
1857-11,1.878564335226766,
1857-12,1.6911513183186093,
1858-01,1.5105026778169042,
1858-02,1.343780694622599,
1858-03,1.1856136580599828,
1858-04,1.0469439417277266,
1858-05,0.9134469838239334,
1858-06,0.7940756354747889,
1858-07,0.6844529472408248,
1858-08,0.5829873011440522,
1858-09,0.48749022246473656,
1858-10,0.4021397083950985,
1858-11,0.32594099769889456,
1858-12,0.24994123924993925,
1859-01,0.1824964274326725,
1859-02,0.12559608471958056,
1859-03,0.07287373919870846,
1859-04,0.030099006040265136,
1859-05,-0.017251628804895554,
1859-06,-0.0651991203918019,
1859-07,-0.09842414568231374,
1859-08,-0.12826698276959986,
1859-09,-0.15671715412614595,
1859-10,-0.17959666255973192,
1859-11,-0.2088426429052723,
1859-12,-0.23729281426181836,
1860-01,-0.261763940673393,
1860-02,-0.2852403058487247,
1860-03,-0.31010933675479646,
1860-04,-0.33318779743563104,
1860-05,-0.3522872131714941,
1860-06,-0.3721824378963515,
1860-07,-0.39028709239597176,
1860-08,-0.40580536768136055,
1860-09,-0.4189362159997664,
1860-10,-0.4336586822961609,
1860-11,-0.4424125811750982,
1860-12,-0.45733399971874117,
1861-01,-0.46787846882291556,
1861-02,-0.4768313199491014,
1861-03,-0.48618207556978443,
1861-04,-0.4965275924267103,
1861-05,-0.5009045418661788,
1861-06,-0.5102552974868618,
1861-07,-0.5158259604098219,
1861-08,-0.46270571039445274,
1861-09,-0.4002347047584004,
1861-10,-0.33736579462785105,
1861-11,-0.27628745472253885,
1861-12,-0.21341854459198942,
1862-01,-0.15154439569768302,
1862-02,-0.08807862882538788,
1862-03,-0.027398193414572867,
1862-04,0.03964871390819663,
1862-05,0.10052810156626027,
1862-06,0.1637949161913068,
1862-07,0.1824964274326725,
1862-08,0.15464311281787238,
1862-09,0.12977408191180065,
1862-10,0.10052810156626027,
1862-11,0.07744964088542558,
1862-12,0.05457013245183969,
1863-01,0.02492624761180212,
1863-02,0.0008530256947247537,
1863-03,-0.027398193414572867,
1863-04,-0.05107351083715321,
1863-05,-0.07892682545195348,
1863-06,-0.10339795186352811,
1863-07,-0.12826698276959986,
1863-08,-0.15154439569768302,
1863-09,-0.17422495188402035,
1863-10,-0.19949188728458928,
1863-11,-0.21819339852595523,
1863-12,-0.2418687159485356,
1864-01,-0.2667377468546074,
1864-02,-0.2900151597826905,
1864-03,-0.3150831429360108,
1864-04,-0.33318779743563104,
1864-05,-0.3522872131714941,
1864-06,-0.3721824378963515,
1864-07,-0.39028709239597176,
1864-08,-0.40580536768136055,
1864-09,-0.41535507554929213,
1864-10,-0.42351211768648356,
1864-11,-0.4336586822961609,
1864-12,-0.4424125811750982,
1865-01,-0.4529570502792726,
1865-02,-0.46270571039445274,
1865-03,-0.4722554182623842,
1865-04,-0.4818051261303158,
1865-05,-0.48618207556978443,
1865-06,-0.4965275924267103,
1865-07,-0.5009045418661788,
1865-08,-0.5102552974868618,
1865-09,-0.5158259604098219,
1865-10,-0.5198050053547935,
1865-11,-0.524181954794262,
1865-12,-0.5297526177172222,
1866-01,-0.533532710414945,
1866-02,-0.5389044210906565,
1866-03,-0.5432813705301252,
1866-04,-0.5432813705301252,
1866-05,-0.5488520334530852,
1866-06,-0.5534279351398024,
1866-07,-0.5534279351398024,
1866-08,-0.5587996458155139,
1866-09,-0.5587996458155139,
1866-10,-0.5639724042439768,
1866-11,-0.5639724042439768,
1866-12,-0.5677524969416997,
1867-01,-0.5677524969416997,
1867-02,-0.5677524969416997,
1867-03,-0.5721294463811684,
1867-04,-0.5721294463811684,
1867-05,-0.5721294463811684,
1867-06,-0.5721294463811684,
1867-07,-0.576506395820637,
1867-08,-0.576506395820637,
1867-09,-0.576506395820637,
1867-10,-0.576506395820637,
1867-11,-0.576506395820637,
1867-12,-0.576506395820637,
1868-01,-0.5822760109908457,
1868-02,-0.5822760109908457,
1868-03,-0.5822760109908457,
1868-04,-0.5822760109908457,
1868-05,-0.5822760109908457,
1868-06,-0.5822760109908457,
1868-07,-0.5822760109908457,
1868-08,-0.5822760109908457,
1868-09,-0.5822760109908457,
1868-10,-0.5822760109908457,
1868-11,-0.5822760109908457,
1868-12,-0.576506395820637,
1869-01,-0.576506395820637,
1869-02,-0.5721294463811684,
1869-03,-0.5677524969416997,
1869-04,-0.5677524969416997,
1869-05,-0.5639724042439768,
1869-06,-0.5587996458155139,
1869-07,-0.5587996458155139,
1869-08,-0.5587996458155139,
1869-09,-0.5587996458155139,
1869-10,-0.5587996458155139,
1869-11,-0.5587996458155139,
1869-12,-0.5587996458155139,
1870-01,-0.5587996458155139,
1870-02,-0.5639724042439768,
1870-03,-0.5639724042439768,
1870-04,-0.5639724042439768,
1870-05,-0.5639724042439768,
1870-06,-0.5639724042439768,
1870-07,-0.5639724042439768,
1870-08,-0.5639724042439768,
1870-09,-0.5639724042439768,
1870-10,-0.5639724042439768,
1870-11,-0.5639724042439768,
1870-12,-0.5639724042439768,
1871-01,-0.5639724042439768,
1871-02,-0.5639724042439768,
1871-03,-0.5677524969416997,
1871-04,-0.5677524969416997,
1871-05,-0.5677524969416997,
1871-06,-0.5677524969416997,
1871-07,-0.5677524969416997,
1871-08,-0.5639724042439768,
1871-09,-0.5639724042439768,
1871-10,-0.5587996458155139,
1871-11,-0.5587996458155139,
1871-12,-0.5534279351398024,
1872-01,-0.5534279351398024,
1872-02,-0.5488520334530852,
1872-03,-0.5488520334530852,
1872-04,-0.5432813705301252,
1872-05,-0.5432813705301252,
1872-06,-0.5432813705301252,
1872-07,-0.533532710414945,
1872-08,-0.524181954794262,
1872-09,-0.5158259604098219,
1872-10,-0.5060773002946418,
1872-11,-0.4965275924267103,
1872-12,-0.48618207556978443,
1873-01,-0.4768313199491014,
1873-02,-0.46787846882291556,
1873-03,-0.45733399971874117,
1873-04,-0.4487790530870525,
1873-05,-0.43903039297187235,
1873-06,-0.4290827806094437,
1873-07,-0.4290827806094437,
1873-08,-0.4336586822961609,
1873-09,-0.43903039297187235,
1873-10,-0.4424125811750982,
1873-11,-0.4529570502792726,
1873-12,-0.45733399971874117,
1874-01,-0.46270571039445274,
1874-02,-0.4722554182623842,
1874-03,-0.4768313199491014,
1874-04,-0.4818051261303158,
1874-05,-0.48618207556978443,
1874-06,-0.4965275924267103,
1874-07,-0.5009045418661788,
1874-08,-0.5102552974868618,
1874-09,-0.5158259604098219,
1874-10,-0.5198050053547935,
1874-11,-0.524181954794262,
1874-12,-0.5297526177172222,
1875-01,-0.533532710414945,
1875-02,-0.5389044210906565,
1875-03,-0.5432813705301252,
1875-04,-0.5488520334530852,
1875-05,-0.5488520334530852,
1875-06,-0.5534279351398024,
1875-07,-0.5534279351398024,
1875-08,-0.5587996458155139,
1875-09,-0.5367159463709222,
1875-10,-0.49215064298724165,
1875-11,-0.4457947693783239,
1875-12,-0.40003575251115187,
1876-01,-0.3530830221604884,
1876-02,-0.3065281963043221,
1876-03,-0.2617639406733929,
1876-04,-0.21381644908648667,
1876-05,-0.16686371873582317,
1876-06,-0.1195130838906625,
1876-07,-0.10538747433601381,
1876-08,-0.11672775242918251,
1876-09,-0.12946069625309126,
1876-10,-0.13960726086276848,
1876-11,-0.15094753895593727,
1876-12,-0.16387943502709457,
1877-01,-0.17939771031248336,
1877-02,-0.19053903615840354,
1877-03,-0.20327197998231228,
1877-04,-0.21461225807548098,
1877-05,-0.22555463167415254,
1877-06,-0.23788967100356417,
1877-07,-0.2500257580857272,
1877-08,-0.2625597496623873,
1877-09,-0.27489478899179887,
1877-10,-0.2884235418047019,
1877-11,-0.3021512468648535,
1877-12,-0.3150831429360108,
1878-01,-0.3280150390071681,
1878-02,-0.3401511260893311,
1878-03,-0.35268511766599125,
1878-04,-0.36601491823164567,
1878-05,-0.3787478620555545,
1878-06,-0.39108290138496604,
1878-07,-0.4006326092528975,
1878-08,-0.4052085109396148,
1878-09,-0.41217183959331494,
1878-10,-0.4161508845382863,
1878-11,-0.42251735645024074,
1878-12,-0.4276901148787037,
1879-01,-0.4338576345434094,
1879-02,-0.4386324884773753,
1879-03,-0.4436062946585896,
1879-04,-0.4495748620760468,
1879-05,-0.45494657275175826,
1879-06,-0.46111409241646406,
1879-07,-0.4654910418559327,
1879-08,-0.47046484803714705,
1879-09,-0.4760355109601071,
1879-10,-0.4806114126468244,
1879-11,-0.48717683680602725,
1879-12,-0.4923495952344902,
1880-01,-0.4965275924267103,
1880-02,-0.5015013986079246,
1880-03,-0.5060773002946418,
1880-04,-0.5112500587231047,
1880-05,-0.5158259604098219,
1880-06,-0.5202029098492905,
1880-07,-0.5247788115360078,
1880-08,-0.5281609997392336,
1880-09,-0.5295536654699735,
1880-10,-0.5331348059204478,
1880-11,-0.5363180418764251,
1880-12,-0.5381086121016623,
1881-01,-0.5410928958103909,
1881-02,-0.5446740362608652,
1881-03,-0.5458677497443566,
1881-04,-0.5490509857003337,
1881-05,-0.5524331739035595,
1881-06,-0.5542237441287967,
1881-07,-0.5556164098595368,
1881-08,-0.557406980084774,
1881-09,-0.557406980084774,
1881-10,-0.557406980084774,
1881-11,-0.557406980084774,
1881-12,-0.557406980084774,
1882-01,-0.557406980084774,
1882-02,-0.557406980084774,
1882-03,-0.557406980084774,
1882-04,-0.5591975503100111,
1882-05,-0.5591975503100111,
1882-06,-0.5591975503100111,
1882-07,-0.5591975503100111,
1882-08,-0.5591975503100111,
1882-09,-0.5591975503100111,
1882-10,-0.5607891682879996,
1882-11,-0.5607891682879996,
1882-12,-0.5635744997494797,
1883-01,0.7976567759252634,
1883-02,0.9761169417072343,
1883-03,0.8519707394241242,
1883-04,0.7365784360199512,
1883-05,0.6269557477859872,
1883-06,0.530662860117677,
1883-07,0.4409353966085701,
1883-08,0.18607756788314708,
1883-09,0.9327453518070453,
1883-10,2.1759979448633837,
1883-11,3.177523557512705,
1883-12,4.375017133701872,
1884-01,5.514814558188952,
1884-02,6.221492940415887,
1884-03,6.971940817037509,
1884-04,7.043961530541491,
1884-05,6.808601022046431,
1884-06,6.666947022005446,
1884-07,6.583586030408291,
1884-08,6.155838698823859,
1884-09,5.964844541465227,
1884-10,5.576091850341514,
1884-11,5.123276535603758,
1884-12,4.82027226304418,
1885-01,4.533582074758985,
1885-02,4.012327186967721,
1885-03,3.7823383891483697,
1885-04,3.3743738310186093,
1885-05,3.143104818738702,
1885-06,2.8607915798929753,
1885-07,2.6039442286950667,
1885-08,2.3558507763760947,
1885-09,2.1063646583263833,
1885-10,1.9682917987358728,
1885-11,1.788438967223162,
1885-12,1.6555388660611146,
1886-01,1.4955812592732616,
1886-02,1.3224928041670019,
1886-03,1.150399110296985,
1886-04,1.0547030793704208,
1886-05,0.9255830709060967,
1886-06,0.8028295343537264,
1886-07,0.7117094051138796,
1886-08,0.5774166382210919,
1886-09,0.49107136291521103,
1886-10,2.713765869176279,
1886-11,2.44995518932467,
1886-12,2.2080292566704047,
1887-01,1.9820195037960242,
1887-02,1.7765018323882475,
1887-03,1.5916751946943222,
1887-04,1.4154035036320856,
1887-05,1.2572364670694696,
1887-06,1.108420186127536,
1887-07,0.9757190372127371,
1887-08,1.0562946973484098,
1887-09,0.9227977394446164,
1887-10,0.8030284866009751,
1887-11,0.6930078938725134,
1887-12,0.5879611073252665,
1888-01,0.49743783482716536,
1888-02,0.4126841774992727,
1888-03,0.33151166062185455,
1888-04,0.2592919948706222,
1888-05,0.18747023361388696,
1888-06,-0.0697750220785191,
1888-07,0.026915770084287804,
1888-08,0.11903066056037759,
1888-09,0.46560547526739354,
1888-10,0.8159603826721323,
1888-11,1.162137292884651,
1888-12,1.2001371721091283,
1889-01,1.240524478300589,
1889-02,1.2759379783108353,
1889-03,1.128514363099642,
1889-04,0.9904415035091316,
1889-05,0.8639078742590387,
1889-06,0.749709284338357,
1889-07,0.6416782140823815,
1889-08,0.5425999949525913,
1889-09,0.45227567470173924,
1889-10,0.36990944434082956,
1889-11,0.3171870988199573,
1889-12,0.6267567955387386,
1890-01,0.9375202057410108,
1890-02,1.2474878069542892,
1890-03,1.3970998968852169,
1890-04,1.5506910317611158,
1890-05,1.7007010261865405,
1890-06,1.5176649587178528,
1890-07,1.3489534530510618,
1890-08,1.1927759389609314,
1890-09,1.0513208911671952,
1890-10,1.0087451102560006,
1890-11,1.238733908075352,
1890-12,1.3481576440620677,
1891-01,1.4754870823011552,
1891-02,1.6061987087434684,
1891-03,1.4291312086922374,
1891-04,1.268576745162638,
1891-05,1.1199594164679534,
1891-06,0.9848708405861716,
1891-07,0.8585361635833271,
1891-08,0.7437407169208999,
1891-09,0.638097073631907,
1891-10,0.5410083769746029,
1891-11,0.4817206072945279,
1891-12,0.49584621684917674,
1892-01,0.5095739219093284,
1892-02,0.5227047702277343,
1892-03,0.638097073631907,
1892-04,0.7546830905195715,
1892-05,0.8738554866214674,
1892-06,0.7546830905195716,
1892-07,0.6494373517250759,
1892-08,0.5501601803480375,
1892-09,0.45804528987194787,
1892-10,0.3736895370385524,
1892-11,0.2988834920730885,
1892-12,0.22825544429984476,
1893-01,0.1629991072023124,
1893-02,0.10132391055525447,
1893-03,0.046810994809145245,
1893-04,-0.003523923744744054,
1893-05,-0.05067560634265594,
1893-06,-0.09046605579237083,
1893-07,-0.13284288445631706,
1893-08,-0.16686371873582326,
1893-09,-0.20247617099331788,
1893-10,-0.2333137693168469,
1893-11,-0.2609681316843987,
1893-12,-0.28663297157946466,
1894-01,-0.31050724124929363,
1894-02,-0.3341825586718739,
1894-03,-0.3534809266549856,
1894-04,-0.3705908199183629,
1894-05,-0.3888944266652318,
1894-06,-0.4052085109396148,
1894-07,-0.4189362159997664,
1894-08,-0.43425553903790665,
1894-09,-0.4449989603893296,
1894-10,-0.4575329519659898,
1894-11,-0.466286850844927,
1894-12,-0.4768313199491014,
1895-01,-0.4851873143335415,
1895-02,-0.4927474997289873,
1895-03,-0.5011034941134275,
1895-04,-0.507867870519879,
1895-05,-0.5126427244538447,
1895-06,-0.518611291871302,
1895-07,-0.525574620525002,
1895-08,-0.5291557609754763,
1895-09,-0.5337316626621936,
1895-10,-0.5375117553599165,
1895-11,-0.5418887047993851,
1895-12,-0.5456687974971081,
1896-01,-0.25380585078345,
1896-02,-0.28046545191475897,
1896-03,-0.21321959234474094,
1896-04,0.12460132348333772,
1896-05,0.4638149050421562,
1896-06,0.6142228039620782,
1896-07,0.7646307028820004,
1896-08,0.9142427928129276,
1896-09,0.7942745877220376,
1896-10,0.6836571382518306,
1896-11,0.5807988264243179,
1896-12,0.4900766016789681,
1897-01,0.40313446963134125,
1897-02,0.3245483319681546,
1897-03,0.2519307617224251,
1897-04,0.18408804541066123,
1897-05,0.15205673360364097,
1897-06,0.17811947799320418,
1897-07,0.2035853656410215,
1897-08,0.23024496677233028,
1897-09,0.34404565219851496,
1897-10,0.45665262414120755,
1897-11,0.570851214061889,
1897-12,0.4781394668440536,
1898-01,0.3927889527744154,
1898-02,0.31519757634747164,
1898-03,0.24377371958523347,
1898-04,0.1769257645097127,
1898-05,0.11704113808789182,
1898-06,0.060936604363794014,
1898-07,0.00861216333741903,
1898-08,-0.0387384715077415,
1898-09,-0.08270691814967647,
1898-10,-0.12289527209388837,
1898-11,-0.16009934232937167,
1898-12,-0.19312541537263495,
1899-01,-0.22316720470716958,
1899-02,-0.25241318505271,
1899-03,-0.2796696429257646,
1899-04,-0.3027481036065992,
1899-05,-0.3268213255236767,
1899-06,-0.3467165502485341,
1899-07,-0.3656170137371486,
1899-08,-0.3825279547532774,
1899-09,-0.400433657005649,
1899-10,-0.41455926656029785,
1899-11,-0.4296796373511894,
1899-12,-0.440622010949861,
1900-01,-0.4529570502792726,
1900-02,-0.4625067581472041,
1900-03,-0.4726533227568814,
1900-04,-0.48041246039957575,
1900-05,-0.48916635927851304,
1900-06,-0.4967265446739588,
1900-07,-0.5044856823166533,
1900-08,-0.5108521542286076,
1900-09,-0.5166217693988162,
1900-10,-0.5219934800745277,
1900-11,-0.5273651907502392,
1900-12,-0.5309463312007136,
1901-01,-0.5369148986181708,
1901-02,-0.5404960390686451,
1901-03,-0.5438782272718709,
1901-04,-0.5466635587333509,
1901-05,-0.5486530812058367,
1901-06,-0.5528310783980568,
1901-07,-0.5554174576122881,
1901-08,-0.5570090755902768,
1901-09,-0.5593965025572596,
1901-10,-0.5605902160407511,
1901-11,-0.562977643007734,
1901-12,-0.5645692609857226,
1902-01,-0.45454866825726115,
1902-02,-0.3873028086872432,
1902-03,-0.2786748816895218,
1902-04,-0.1686542889610604,
1902-05,-0.05942950522159323,
1902-06,-0.1012094771437938,
1902-07,-0.14139783108800572,
1902-08,-0.20168036200432368,
1902-09,0.1739414808009841,
1902-10,0.7940756354747889,
1902-11,1.294241585057704,
1902-12,1.8930878492759116,
1903-01,2.4632849898903246,
1903-02,2.819409512465272,
1903-03,3.193439737292591,
1903-04,3.2304448552808256,
1903-05,3.112267220415173,
1903-06,3.040843363652935,
1903-07,2.9984665349889887,
1903-08,2.7859855349275113,
1903-09,2.690289504000947,
1903-10,2.4975047764170797,
1903-11,2.270699214553705,
1903-12,2.118102840914049,
1904-01,1.9746582706478266,
1904-02,1.7136329222576985,
1904-03,1.600031189078762,
1904-04,1.4134139811596,
1904-05,1.2769327395470782,
1904-06,1.1368703574840822,
1904-07,1.0075513967725092,
1904-08,0.8840020512311445,
1904-09,0.758065278722797,
1904-10,0.6898246579165364,
1904-11,0.600296146654678,
1904-12,0.5338460960736545,
1905-01,0.45287253144348455,
1905-02,0.3673230651265979,
1905-03,0.281375694315214,
1905-04,0.23482086845904765,
1905-05,0.17016138810326126,
1905-06,0.10868514370345181,
1905-07,0.06431879256701982,
1905-08,-0.004717637228235449,
1905-09,-0.04749237038667878,
1905-10,-0.07335616252899345,
1905-11,-0.10538747433601373,
1905-12,-0.09723043219882226,
1906-01,-0.10021471590755088,
1906-02,-0.0580368394908532,
1906-03,-0.21441330582823234,
1906-04,-0.22416196594341248,
1906-05,-0.24027709797054697,
1906-06,-0.25420375527794714,
1906-07,-0.2685283170798445,
1906-08,-0.1577119153623888,
1906-09,-0.19252855863088922,
1906-10,-0.22137663448193245,
1906-11,-0.2518163283109643,
1906-12,-0.27927173843126746,
1907-01,-0.3035439125955935,
1907-02,-0.3093135277658021,
1907-03,-0.19173274964189493,
1907-04,-0.077733111968462,
1907-05,0.04243404536967669,
1907-06,0.04860156503438246,
1907-07,0.05835022514956259,
1907-08,0.06969050324273114,
1907-09,0.021743011655824956,
1907-10,-0.02898981139256145,
1907-11,-0.07355511477624199,
1907-12,0.0591460341385568,
1908-01,0.2011979386740387,
1908-02,0.341061368489786,
1908-03,0.2680458937495595,
1908-04,0.20099898642679015,
1908-05,0.13892588528523503,
1908-06,0.0796381156051599,
1908-07,0.025324152106299305,
1908-08,-0.024214957458595785,
1908-09,-0.06858130859502762,
1908-10,-0.10857071029199106,
1908-11,-0.1489580164834515,
1908-12,-0.18258094626846053,
1909-01,-0.21580597155897238,
1909-02,-0.23908338448705552,
1909-03,-0.26673774685460727,
1909-04,-0.2937952524804133,
1909-05,-0.31647580866675085,
1909-06,-0.3359731288971111,
1909-07,-0.3572610193527085,
1909-08,-0.3753656738523288,
1909-09,-0.3914808058794632,
1909-10,-0.40620327217585767,
1909-11,-0.42331316543923503,
1909-12,-0.4344544912851552,
1910-01,-0.41038126936807773,
1910-02,-0.326622373276428,
1910-03,-0.3349783676608682,
1910-04,-0.3417427440673197,
1910-05,-0.3526851176659913,
1910-06,-0.36999396317661726,
1910-07,-0.38829756992348596,
1910-08,-0.40381584520887487,
1910-09,-0.4177425025162749,
1910-10,-0.4306743985874323,
1910-11,-0.4436062946585896,
1910-12,-0.4551455249990069,
1911-01,-0.4654910418559327,
1911-02,-0.44201467668060096,
1911-03,-0.4533549547737697,
1911-04,-0.4625067581472041,
1911-05,-0.47285227500412996,
1911-06,-0.48220303062481296,
1911-07,-0.4905590250092531,
1911-08,-0.4977213059102017,
1911-09,-0.5044856823166533,
1911-10,-0.5112500587231047,
1911-11,-0.5172186261405619,
1911-12,-0.5215955755800306,
1912-01,-0.5397002300796508,
1912-02,-0.4806114126468244,
1912-03,-0.47563760646561,
1912-04,-0.46947008680090424,
1912-05,-0.46389942387794414,
1912-06,0.25372133194766205,
1912-07,0.9711431355260202,
1912-08,1.6889628435988753,
1912-09,1.5347748519812303,
1912-10,1.3945135176709855,
1912-11,1.264000843475921,
1912-12,1.1744723322140624,
1913-01,1.0964830512926216,
1913-02,1.0258550035193776,
1913-03,0.898326613033042,
1913-04,0.7785573601894006,
1913-05,0.8491854079626443,
1913-06,0.7343899613002172,
1913-07,0.6291442225057213,
1913-08,0.5324534303429145,
1913-09,0.4421291100920619,
1913-10,0.36055868872014646,
1913-11,0.2857526437546826,
1913-12,0.21552250047593594,
1914-01,0.1508630201201495,
1914-02,0.10271657628599459,
1914-03,0.05357537121559668,
1914-04,0.008214258842921925,
1914-05,-0.03456047431552157,
1914-06,-0.07892682545195356,
1914-07,-0.12030889287965686,
1914-08,-0.1577119153623888,
1914-09,-0.19153379739464646,
1914-10,-0.22237139571817532,
1914-11,-0.2514184238164671,
1914-12,-0.2782769771950246,
1915-01,-0.3017533423703564,
1915-02,-0.32562761204018525,
1915-03,-0.34452807552879977,
1915-04,-0.36402539575916,
1915-05,-0.3805384322807916,
1915-06,-0.3980462300386662,
1915-07,-0.4141613620658006,
1915-08,-0.4258995446534665,
1915-09,-0.4398262019608667,
1915-10,-0.45017171881779255,
1915-11,-0.4378366794883809,
1915-12,-0.4457947693783239,
1916-01,-0.42848592386769796,
1916-02,-0.44101991544435815,
1916-03,-0.45116648005403537,
1916-04,-0.463501519383447,
1916-05,-0.4712606570261414,
1916-06,-0.48061141264682433,
1916-07,-0.47862189017433865,
1916-08,-0.4837946486028016,
1916-09,-0.4730512272513785,
1916-10,-0.4772292244435986,
1916-11,-0.46409837612519267,
1916-12,-0.46409837612519267,
1917-01,-0.434056586790658,
1917-02,-0.4475853396035611,
1917-03,-0.4601193311802212,
1917-04,-0.47006694354265,
1917-05,-0.47981560365783,
1917-06,-0.487773693547773,
1917-07,-0.49632864017946166,
1917-08,-0.5030930165859132,
1917-09,-0.5098573929923647,
1917-10,-0.5146322469263305,
1917-11,-0.5206008143437877,
1917-12,-0.5267683340084935,
1918-01,-0.49632864017946166,
1918-02,-0.49632864017946166,
1918-03,-0.46409837612519267,
1918-04,-0.4748417974766157,
1918-05,-0.48419255309729864,
1918-06,-0.49254854748173876,
1918-07,-0.5024961598441674,
1918-08,-0.5070720615308847,
1918-09,-0.5140353901845848,
1918-10,-0.5196060531075448,
1918-11,-0.5249777637832563,
1918-12,-0.5267683340084935,
1919-01,-0.5267683340084935,
1919-02,-0.49632864017946166,
1919-03,-0.46409837612519267,
1919-04,-0.46409837612519267,
1919-05,-0.4748417974766157,
1919-06,-0.48419255309729864,
1919-07,-0.49254854748173876,
1919-08,-0.5024961598441674,
1919-09,-0.5070720615308847,
1919-10,-0.5140353901845848,
1919-11,-0.5196060531075448,
1919-12,-0.5249777637832563,
1920-01,-0.5287578564809793,
1920-02,-0.5337316626621936,
1920-03,-0.5361190896291764,
1920-04,-0.4424125811750982,
1920-05,-0.2514184238164671,
1920-06,-0.1087696625392396,
1920-07,0.08242344706664004,
1920-08,0.2262659218273589,
1920-09,0.17752262125145835,
1920-10,0.11644428134614616,
1920-11,0.05854917739681115,
1920-12,0.011795399293396359,
1921-01,-0.03575418779901288,
1921-02,-0.08409958388041633,
1921-03,-0.12349212883563411,
1921-04,-0.16208886480185736,
1921-05,-0.19491598559787207,
1921-06,-0.22336615695441825,
1921-07,-0.2514184238164671,
1921-08,-0.28006754742026174,
1921-09,-0.3051355305735821,
1921-10,-0.3284129435016652,
1921-11,-0.3473134069902798,
1921-12,-0.36681072722064,
1922-01,-0.38610909520375175,
1922-02,-0.4002347047584004,
1922-03,-0.41535507554929213,
1922-04,-0.4290827806094437,
1922-05,-0.4424125811750982,
1922-06,-0.4529570502792726,
1922-07,-0.46270571039445274,
1922-08,-0.4722554182623842,
1922-09,-0.4818051261303158,
1922-10,-0.4909569295037502,
1922-11,-0.5009045418661788,
1922-12,-0.5060773002946418,
1923-01,-0.5102552974868618,
1923-02,-0.5198050053547935,
1923-03,-0.524181954794262,
1923-04,-0.5297526177172222,
1923-05,-0.533532710414945,
1923-06,-0.5389044210906565,
1923-07,-0.5432813705301252,
1923-08,-0.5432813705301252,
1923-09,-0.5488520334530852,
1923-10,-0.5534279351398024,
1923-11,-0.5534279351398024,
1923-12,-0.5587996458155139,
1924-01,-0.4505696233122896,
1924-02,-0.46270571039445263,
1924-03,-0.4436062946585896,
1924-04,-0.44320839016409247,
1924-05,-0.44320839016409247,
1924-06,-0.42331316543923503,
1924-07,-0.3882975699234861,
1924-08,-0.4006326092528976,
1924-09,-0.4141613620658006,
1924-10,-0.4141613620658006,
1924-11,-0.4237110699337322,
1924-12,-0.4306743985874323,
1925-01,-0.4428104856695953,
1925-02,-0.45494657275175826,
1925-03,-0.4358471570158952,
1925-04,-0.43823458398287807,
1925-05,-0.41953307274151214,
1925-06,-0.43345973004891236,
1925-07,-0.4455958171310753,
1925-08,-0.45773190421323834,
1925-09,-0.46688370758667275,
1925-10,-0.47703027219635,
1925-11,-0.48638102781703296,
1925-12,-0.4935433087179817,
1926-01,-0.5007055896189303,
1926-02,-0.5080668227671276,
1926-03,-0.5122448199593477,
1926-04,-0.5196060531075448,
1926-05,-0.5249777637832563,
1926-06,-0.46270571039445263,
1926-07,-0.4507685755595382,
1926-08,-0.4316691598236751,
1926-09,-0.44300943791684383,
1926-10,-0.45474762050450973,
1926-11,-0.4650931373614356,
1926-12,-0.47464284522936717,
1927-01,-0.48339674410830435,
1927-02,-0.4907579772565016,
1927-03,-0.4973234014157046,
1927-04,-0.505480443552896,
1927-05,-0.5126427244538447,
1927-06,-0.5206008143437877,
1927-07,-0.5253756682777535,
1927-08,-0.5297526177172222,
1927-09,-0.532140044684205,
1927-10,-0.5389044210906565,
1927-11,-0.5414908003048879,
1927-12,-0.5472604154750966,
1928-01,-0.510653201981359,
1928-02,-0.47742817669084714,
1928-03,-0.4573339997187412,
1928-04,-0.4306743985874323,
1928-05,-0.40222422723088624,
1928-06,-0.3120988592272822,
1928-07,-0.28205706989274754,
1928-08,-0.24525090415176132,
1928-09,-0.24226662044303268,
1928-10,-0.2639524153931273,
1928-11,-0.2667377468546074,
1928-12,-0.18994217941665778,
1929-01,-0.18019351930147773,
1929-02,-0.11334556422595679,
1929-03,-0.09404719624284509,
1929-04,-0.11453927770944827,
1929-05,-0.11991098838515968,
1929-06,-0.12269631984663974,
1929-07,-0.09524090972633657,
1929-08,-0.07415197151798773,
1929-09,-0.09046605579237066,
1929-10,-0.12150260636314834,
1929-11,-0.14736639850546301,
1929-12,-0.17760714008724623,
1930-01,-0.2118269266140009,
1930-02,-0.23192110358610682,
1930-03,-0.26017232269540436,
1930-04,-0.28583716259047043,
1930-05,-0.27907278618401893,
1930-06,-0.28583716259047043,
1930-07,-0.2983711541671306,
1930-08,-0.31408838169976794,
1930-09,-0.3172716176557451,
1930-10,-0.3377636991223482,
1930-11,-0.3544756878912284,
1930-12,-0.35964844631969134,
1931-01,-0.34094693507832546,
1931-02,-0.3487060727210198,
1931-03,-0.34532388451779406,
1931-04,-0.342538553056314,
1931-05,-0.34989978620451123,
1931-06,-0.3548735923857256,
1931-07,-0.35487359238572563,
1931-08,-0.37437091261608585,
1931-09,-0.37834995756105727,
1931-10,-0.393470328351949,
1931-11,-0.41058022161532626,
1931-12,-0.3956588030716832,
1932-01,-0.36899920194037433,
1932-02,-0.3166747609139994,
1932-03,-0.30235019911210204,
1932-04,-0.2760885024752903,
1932-05,-0.2424655726902813,
1932-06,-0.16785847997206602,
1932-07,-0.13204707546732275,
1932-08,-0.10081157264929669,
1932-09,-0.08648701084739921,
1932-10,-0.10558642658326235,
1932-11,-0.12269631984663974,
1932-12,-0.12747117378060557,
1933-01,-0.13503135917605139,
1933-02,-0.16984800244455178,
1933-03,-0.19451808110337498,
1933-04,-0.21321959234474086,
1933-05,-0.23291586482234974,
1933-06,-0.2623607974151386,
1933-07,-0.28842354180470187,
1933-08,-0.31130305023828786,
1933-09,-0.33318779743563104,
1933-10,-0.3544756878912284,
1933-11,-0.37357510362709156,
1933-12,-0.3904860446432204,
1934-01,-0.40500955869236627,
1934-02,-0.4221194519557435,
1934-03,-0.4338576345434094,
1934-04,-0.4457947693783239,
1934-05,-0.45514552499900685,
1934-06,-0.440622010949861,
1934-07,-0.4149571710547949,
1934-08,-0.40500955869236627,
1934-09,-0.40262213172538336,
1934-10,-0.3815331935170345,
1934-11,-0.3483081682265226,
1934-12,-0.3666117749733915,
1935-01,-0.37616148284132295,
1935-02,-0.378946814302803,
1935-03,-0.3693971064348715,
1935-04,-0.36203587328667425,
1935-05,-0.3634285390174143,
1935-06,-0.37178453340185436,
1935-07,-0.38809861767623743,
1935-08,-0.39287347161020314,
1935-09,-0.4073969856593491,
1935-10,-0.4167477412800321,
1935-11,-0.4211246907195007,
1935-12,-0.42430792667547795,
1936-01,-0.4290827806094437,
1936-02,-0.43783667948838095,
1936-03,-0.4455958171310753,
1936-04,-0.45017171881779255,
1936-05,-0.45773190421323834,
1936-06,-0.46947008680090413,
1936-07,-0.45474762050450973,
1936-08,-0.4266953536424608,
1936-09,-0.42629744914796364,
1936-10,-0.4149571710547949,
1936-11,-0.40580536768136055,
1936-12,-0.419135168247015,
1937-01,-0.43345973004891236,
1937-02,-0.4455958171310753,
1937-03,-0.4553444772462555,
1937-04,-0.4654910418559327,
1937-05,-0.4738470362403728,
1937-06,-0.48299883961380724,
1937-07,-0.4937422609652302,
1937-08,-0.46966903904815277,
1937-09,-0.4388314407246238,
1937-10,-0.4388314407246238,
1937-11,-0.4386324884773753,
1937-12,-0.44818219634530676,
1938-01,-0.43505134802690093,
1938-02,-0.42470583116997507,
1938-03,-0.3723813901436001,
1938-04,-0.3723813901436001,
1938-05,-0.36502015699540286,
1938-06,-0.35527149688022275,
1938-07,-0.3286118957489139,
1938-08,-0.32662237327642807,
1938-09,-0.3188632356337337,
1938-10,-0.310308289002045,
1938-11,-0.3280150390071681,
1938-12,-0.3457217890122912,
1939-01,-0.3674075839623857,
1939-02,-0.38411957273126596,
1939-03,-0.35745997159995707,
1939-04,-0.3672086317151372,
1939-05,-0.3721824378963515,
1939-06,-0.3715855811546058,
1939-07,-0.38829756992348596,
1939-08,-0.40461165419786904,
1939-09,-0.41933412049426355,
1939-10,-0.43306182555441514,
1939-11,-0.44320839016409247,
1939-12,-0.44201467668060096,
1940-01,-0.4266953536424608,
1940-02,-0.41853831150526927,
1940-03,-0.4143603143130492,
1940-04,-0.4294806851039408,
1940-05,-0.43644401375764097,
1940-06,-0.44400419915308675,
1940-07,-0.45017171881779255,
1940-08,-0.4601193311802212,
1940-09,-0.4338576345434094,
1940-10,-0.4457947693783239,
1940-11,-0.44818219634530687,
1940-12,-0.4585277132022326,
1941-01,-0.4700669435426499,
1941-02,-0.4790197946688357,
1941-03,-0.48936531152576157,
1941-04,-0.49414016545972733,
1941-05,-0.5036898733276589,
1941-06,-0.5110511064758562,
1941-07,-0.5142343424318333,
1941-08,-0.5198050053547935,
1941-09,-0.49135483399824736,
1941-10,-0.5005066373716818,
1941-11,-0.5070720615308847,
1941-12,-0.5122448199593476,
1942-01,-0.4672816120811699,
1942-02,-0.4553444772462555,
1942-03,-0.44619267387282097,
1942-04,-0.4436062946585896,
1942-05,-0.4268943058897094,
1942-06,-0.42470583116997507,
1942-07,-0.41535507554929213,
1942-08,-0.41077917386257484,
1942-09,-0.28862249405195045,
1942-10,-0.29797324967263344,
1942-11,-0.3063292440570735,
1942-12,-0.3021512468648535,
1943-01,-0.2997638198978706,
1943-02,-0.32363808956769946,
1943-03,-0.3447270277760483,
1943-04,-0.3638264435119114,
1943-05,-0.3805384322807916,
1943-06,-0.39963784801665475,
1943-07,-0.4014284182418919,
1943-08,-0.4014284182418919,
1943-09,-0.3946640418354403,
1943-10,-0.4089886036373377,
1943-11,-0.4241089744282293,
1943-12,-0.43903039297187235,
1944-01,-0.45156438454853254,
1944-02,-0.46270571039445274,
1944-03,-0.47245437050963274,
1944-04,-0.4790197946688357,
1944-05,-0.4889674070312645,
1944-06,-0.495731783437716,
1944-07,-0.5005066373716818,
1944-08,-0.48618207556978443,
1944-09,-0.47245437050963274,
1944-10,-0.47464284522936717,
1944-11,-0.4839936008500501,
1944-12,-0.4911558817509987,
1945-01,-0.47464284522936717,
1945-02,-0.46270571039445274,
1945-03,-0.45156438454853254,
1945-04,-0.4601193311802212,
1945-05,-0.47245437050963274,
1945-06,-0.4790197946688357,
1945-07,-0.4889674070312645,
1945-08,-0.495731783437716,
1945-09,-0.5028940643386646,
1945-10,-0.5108521542286076,
1945-11,-0.5154280559153248,
1945-12,-0.5221924323217764,
1946-01,-0.5154280559153248,
1946-02,-0.520003957602042,
1946-03,-0.525176716030505,
1946-04,-0.5271662385029906,
1946-05,-0.520003957602042,
1946-06,-0.46787846882291556,
1946-07,-0.4768313199491014,
1946-08,-0.48618207556978443,
1946-09,-0.4965275924267103,
1946-10,-0.5009045418661788,
1946-11,-0.5102552974868618,
1946-12,-0.5158259604098219,
1947-01,-0.5198050053547935,
1947-02,-0.524181954794262,
1947-03,-0.5297526177172222,
1947-04,-0.533532710414945,
1947-05,-0.5389044210906565,
1947-06,-0.5432813705301252,
1947-07,-0.41535507554929213,
1947-08,-0.4199309772360093,
1947-09,-0.4245068789227265,
1947-10,-0.4370408704993866,
1947-11,-0.4483811485925554,
1947-12,-0.4581298087077355,
1948-01,-0.46986799129540135,0.3136078115616234
1948-02,-0.47981560365783,-0.8836068276883181
1948-03,-0.48837055028951876,-0.2655243004260451
1948-04,-0.49553283119046737,0.7676295271695369
1948-05,-0.5034909210804104,0.2788641598879422
1948-06,-0.5102552974868618,-0.33552520299920824
1948-07,-0.5148311991735791,-1.1988083132474123
1948-08,-0.5219934800745277,-1.675187923476747
1948-09,-0.5267683340084935,-1.8579283092856653
1948-10,-0.5309463312007136,-0.8247952631616476
1948-11,-0.5365169941236736,-0.9436949683253605
1948-12,-0.5412918480576394,-1.3332555279227947
1949-01,-0.5436792750246223,-2.099557447944207
1949-02,-0.5289568087282278,-1.2255867237487028
1949-03,-0.4692711345536556,-0.8682344762941182
1949-04,-0.4601193311802212,-0.7335794469030938
1949-05,-0.43922934521912094,0.48485010603223816
1949-06,-0.4127686963350606,0.7715334750419535
1949-07,-0.38789966542898885,-0.6194505738541897
1949-08,-0.3757635783468259,-0.7989520188807457
1949-09,-0.3835227159895202,-0.21622768109412366
1949-10,-0.3952608985771861,0.44621438161274857
1949-11,-0.409784412626332,-0.28181400535072154
1949-12,-0.4239100221809808,-1.0900440286437223
1950-01,-0.4308733508346808,-1.426032923330315
1950-02,-0.44320839016409247,-0.5438742993385183
1950-03,-0.45514552499900685,-0.35734277935996045
1950-04,-0.45315600252652116,0.7802141925924827
1950-05,-0.41953307274151214,1.3601063126830701
1950-06,-0.43186811207092374,1.022039270840058
1950-07,-0.44599372162557244,0.5449412154509325
1950-08,-0.455543429493504,0.46232595963830336
1950-09,-0.46767951657566703,0.6820454897048799
1950-10,-0.4764334154546043,1.3168630391396334
1950-11,-0.4831977918610558,0.528734636412513
1950-12,-0.4937422609652302,-0.38443884949801804
1951-01,-0.5011034941134275,0.32173039816157145
1951-02,-0.507867870519879,0.5845774192871556
1951-03,-0.5148311991735791,-0.7013058215638998
1951-04,-0.5164228171515677,0.6000922722006528
1951-05,-0.5243809070415106,1.0191268960394189
1951-06,-0.5297526177172222,1.1532802013312504
1951-07,-0.5345274716511879,0.9815272764164868
1951-08,-0.5397002300796508,-0.17774039575723544
1951-09,-0.4738470362403728,0.13329292036241172
1951-10,-0.4286848761149465,-0.1332799217364673
1951-11,-0.4400251542081152,-0.7572821996128837
1951-12,-0.45076857555953825,-0.4321056077029762
1952-01,-0.4006326092528976,-0.8079800838845622
1952-02,-0.3904860446432204,-0.7332350682314587
1952-03,-0.4052085109396148,-0.8064036608273355
1952-04,-0.4071980334121006,0.6883244628989186
1952-05,-0.4054074631868633,1.58574559336379
1952-06,-0.41535507554929213,0.9781458341148273
1952-07,-0.417742502516275,0.3761837912230651
1952-08,-0.4203288817305064,0.2704832892842678
1952-09,-0.415355075549292,0.1617190046805778
1952-10,-0.4290827806094437,-0.057092078200478215
1952-11,-0.44141781993885526,0.20800824819899502
1952-12,-0.45275809803202394,-0.10031457027235076
1953-01,-0.4646952328669384,0.09565767535965547
1953-02,-0.4738470362403728,-0.2507664868338149
1953-03,-0.4810093171413215,1.0696674348835398
1953-04,-0.4905590250092531,1.6258953964258138
1953-05,-0.48817159804227017,2.2523706694183696
1953-06,-0.43107230308192945,1.3896902218455272
1953-07,-0.42888382836219513,1.5720149782231616
1953-08,-0.39963784801665475,0.6393247217322
1953-09,-0.3709887244128601,0.9038817610893521
1953-10,-0.37476881711058296,1.4376093264909076
1953-11,-0.37775310081931157,0.8274267272046806
1953-12,-0.3666117749733915,0.414424667682835
1954-01,-0.35686311485821137,1.1185454560025254
1954-02,-0.36422434800640857,0.9274123244633243
1954-03,-0.3666117749733915,0.3718345261028444
1954-04,-0.38312481149502314,0.4955258448529301
1954-05,-0.40003575251115187,1.426428894789371
1954-06,-0.4143603143130492,1.4452212826467068
1954-07,-0.4294806851039409,0.9378238417169859
1954-08,-0.44141781993885526,0.44796893156909695
1954-09,-0.45315600252652116,0.5357201796397343
1954-10,-0.46270571039445274,1.7472621591423618
1954-11,-0.47245437050963274,0.510271783318552
1954-12,-0.48220303062481296,0.1152338215731267
1955-01,-0.4889674070312645,-0.45326411453697824
1955-02,-0.498517114899196,-0.11907133274986231
1955-03,-0.505480443552896,-0.3703965122839266
1955-04,-0.5108521542286076,1.2268198916336308
1955-05,-0.5174175783878106,1.2073862469394567
1955-06,-0.5221924323217764,1.2571163083925743
1955-07,-0.5271662385029906,1.5686780676462824
1955-08,-0.5154280559153248,1.6243160045869351
1955-09,-0.4839936008500501,1.631556863036231
1955-10,-0.4911558817509987,0.9077471148002924
1955-11,-0.498517114899196,0.9055324036878796
1955-12,-0.505480443552896,1.7252991124806603
1956-01,-0.5124437722065962,1.7604791750571895
1956-02,-0.5174175783878106,1.2486196553044708
1956-03,-0.525176716030505,1.0774070486503762
1956-04,-0.5295536654699735,0.8773111653037035
1956-05,-0.5319410924369564,1.4080254173284508
1956-06,-0.5371138508654193,1.7651698500673936
1956-07,-0.5418887047993851,0.6959275127097617
1956-08,-0.544276131766368,-0.4773379649532716
1956-09,-0.5492499379475824,-0.4903263846808931
1956-10,-0.5506426036783223,0.16361605615622354
1956-11,-0.5532289828925538,-0.23742478208960205
1956-12,-0.556412218848531,-0.10816996652361628
1957-01,-0.5584017413210167,0.26088818698491395
1957-02,-0.5605902160407511,-1.015869019067808
1957-03,-0.5625797385132367,-0.9054511230839385
1957-04,-0.5625797385132367,0.13287729093112782
1957-05,-0.5653650699747168,0.3528402610931706
1957-06,-0.5679514491889484,-0.3273551158928278
1957-07,-0.5679514491889484,-0.07057628446398842
1957-08,-0.5705378284031798,-0.03625419978489518
1957-09,-0.5705378284031798,-0.11721584421734495
1957-10,-0.5731242076174112,0.4808986576533892
1957-11,-0.5731242076174112,-0.7689406051603969
1957-12,-0.575113730089897,0.5791386113006407
1958-01,-0.575113730089897,0.8572451701176477
1958-02,-0.575113730089897,0.022572208650035414
1958-03,-0.5773022048096312,0.13348589116979354
1958-04,-0.5773022048096312,0.8720861095961345
1958-05,-0.5773022048096312,0.6463696405924619
1958-06,-0.5773022048096312,0.18872601136907455
1958-07,-0.5794906795293656,0.27820212157954
1958-08,-0.5794906795293656,0.23805528729916825
1958-09,-0.5794906795293656,-0.43910896362010976
1958-10,-0.5794906795293656,-0.09708750461659656
1958-11,-0.5794906795293656,-0.10499337015594655
1958-12,-0.5794906795293656,-0.5692009756119674
1959-01,-0.5822760109908457,-0.14835836374711642
1959-02,-0.5822760109908457,0.652366579529558
1959-03,-0.5822760109908457,-0.0820921884922042
1959-04,-0.5822760109908457,-0.08926476496350334
1959-05,-0.5822760109908457,-0.057843179958441245
1959-06,-0.5822760109908457,-0.011452997863855048
1959-07,-0.5822760109908457,0.32545325035321426
1959-08,-0.5822760109908457,1.3072204363338473
1959-09,-0.5822760109908457,1.5945420933987484
1959-10,-0.5822760109908457,1.7263025606790456
1959-11,-0.5822760109908457,2.3042085658444265
1959-12,-0.5822760109908457,0.8377996502968657
1960-01,-0.5822760109908457,0.32625482139926176
1960-02,-0.5822760109908457,0.9223653956548772
1960-03,-0.5822760109908457,1.3257396962791965
1960-04,-0.5184123396240534,0.6010066569494773
1960-05,-0.454150763762764,0.6202918625610498
1960-06,-0.3835227159895202,0.7545609503373105
1960-07,-0.3156799996777565,0.29748732719111254
1960-08,-0.24863309235498715,-0.6008660007124957
1960-09,-0.18059142379597476,0.3040809912402662
1960-10,-0.18059142379597476,0.10113210872599471
1960-11,-0.18059142379597476,-0.06540466682615602
1960-12,-0.18059142379597476,-1.2720036248781574
1961-01,-0.21361749683923814,-1.0185765479344573
1961-02,-0.1975023648121036,0.16127665621442563
1961-03,-0.11971203613791112,-1.1794845134743634
1961-04,-0.09723043219882234,-0.48436803990527333
1961-05,-0.1292617440058427,0.452140069790196
1961-06,-0.1406020220990114,1.569280730321644
1961-07,-0.1720364771642861,1.843005367420258
1961-08,-0.16984800244455178,1.8697689340132886
1961-09,-0.14577478052747433,2.7972074157618128
1961-10,-0.15850772435138308,2.7230175622776387
1961-11,-0.17442390413126907,2.7389332007141594
1961-12,-0.20744997717453229,2.229804960081306
1962-01,-0.23729281426181836,1.4576129772622708
1962-02,-0.25420375527794714,0.321252424315595
1962-03,-0.055450460276621774,0.7750158559197821
1962-04,-0.02361810071684988,1.195003458668849
1962-05,-0.06221483668307329,1.1770393608924288
1962-06,-0.09404719624284509,1.9015408352532899
1962-07,-0.0986230979295623,0.6408061437765619
1962-08,-0.027199241167324317,0.28213575726847684
1962-09,-0.07076978331476194,0.2818240351950139
1962-10,-0.06360750241381331,0.20403304956692983
1962-11,-0.06917816533677328,-0.2451436143848743
1962-12,-0.07813101646295928,-0.18201247255450342
1963-01,-0.07076978331476194,0.6204284265170431
1963-02,-0.056644173760113166,0.2960118427100547
1963-03,-0.03217304734853861,0.24361878411506832
1963-04,0.14827664090591797,0.6549553571301263
1963-05,0.7457302393933855,0.8416560976628498
1963-06,1.2870793041567552,0.8063275960037191
1963-07,1.4675289924112123,0.7386185928659214
1963-08,1.6436017312262001,0.090373244019046
1963-09,1.7932138211571278,0.4824899246188761
1963-10,2.415536450550667,1.1136736853115476
1963-11,3.259292931131869,1.9667857496199046
1963-12,3.303062425526555,2.222819416854085
1964-01,3.1238064507555903,1.8523926550039698
1964-02,2.8549527639411143,1.6946405043601693
1964-03,2.725901956258442,1.5452959433549116
1964-04,2.5792741500362433,1.5173211138478537
1964-05,2.505661818554271,1.707869395401605
1964-06,2.5275465657516145,2.344399931849579
1964-07,2.7857865826802626,2.320599209345272
1964-08,2.7159543438960134,1.8986967424306473
1964-09,2.4911383045051245,1.9380509120099276
1964-10,2.2882070123115796,1.8680945411615448
1964-11,2.2137988718406127,1.2436617899455844
1964-12,2.1600817650834983,1.9453125519307874
1965-01,2.085275720118034,1.974635208307866
1965-02,2.0582182144922285,1.9893336462670557
1965-03,1.9585431386206924,1.5036498743402658
1965-04,1.7802819250859707,1.9605809959671665
1965-05,1.6278845036935632,1.227478961160381
1965-06,1.4717069896034318,1.4402693548511245
1965-07,1.3224928041670014,0.418266271140559
1965-08,1.1712890962580853,0.7575089505177741
1965-09,1.0411743265575182,0.1209932579780606
1965-10,0.9313526860763051,0.048967646318214465
1965-11,0.8629131130227959,0.41253949133379736
1965-12,0.8979287085385446,-0.15110151799359012
1966-01,0.9225987871973681,-0.4779020334671568
1966-02,0.8336671326772552,-0.6996225223672
1966-03,0.7489134753493628,-0.348106899640502
1966-04,0.6709241944279218,-0.9006684158425218
1966-05,0.5945265314844693,-0.2357414828929023
1966-06,0.5213121044969943,0.126913008592204
1966-07,0.4530714836907331,0.09756660196190933
1966-08,0.3846319106372239,0.7099134430724646
1966-09,0.3183808123034488,1.4001165830074487
1966-10,0.254716093183905,1.3833251539835796
1966-11,0.190255565075367,1.3292339522836332
1966-12,0.1283814161810606,1.5245382220439332
1967-01,0.07108316897347133,1.4966969877112166
1967-02,0.018758727947096345,1.9730587852506392
1967-03,-0.030581429370550032,2.551134010970186
1967-04,-0.07474882825973339,2.2560252396320157
1967-05,-0.049481892859164545,1.282199544570557
1967-06,0.02393148637555936,1.6230750538563876
1967-07,0.10251762403874604,1.131225122438336
1967-08,0.18448594990515851,1.2248842459965086
1967-09,0.26545951453532796,0.6159485350041332
1967-10,0.347228888154492,0.5221617538349234
1967-11,0.27142808195278517,0.3693734061133133
1967-12,0.20259060440477875,0.6769510603900002
1968-01,0.1395227420269807,-0.5551942637777003
1968-02,0.0822244948193915,0.14795276416012493
1968-03,0.028905292556773574,1.8452378912225829
1968-04,-0.019241151277381324,0.9470270648382719
1968-05,0.10211971954424877,0.9284128038800578
1968-06,0.426610834806673,0.5248366261034004
1968-07,0.7509029978218487,0.05181470792250911
1968-08,1.0745983040952785,-0.4982856882899796
1968-09,1.4000841805939457,0.20911560375520138
1968-10,1.7231826301256294,0.12359687948688897
1968-11,1.6467849671821777,-1.1097211134333624
1968-12,1.5743663491836961,-0.761162397232084
1969-01,1.4965760205095042,-1.271017989369684
1969-02,1.4239584502637739,-1.2754474115945096
1969-03,1.3471628828258246,-1.7609293063689615
1969-04,1.2741474080855981,-1.1428883420498168
1969-05,1.19854555413114,-0.6207894943792542
1969-06,1.1207552254569475,-0.45276832800108957
1969-07,1.0469439417277266,0.3008004875147755
1969-08,0.9693525653007828,1.0798087930068667
1969-09,0.8977297562912959,0.20572822389023768
1969-10,0.8201383798643523,1.269154717991547
1969-11,0.7449344304043912,0.8732201841872091
1969-12,0.6715210511696676,0.3703620104034386
1970-01,0.5947254837317181,-0.08413767905045134
1970-02,0.5203173432607513,-0.5360931226285535
1970-03,0.44332282357555325,-0.4747046556279229
1970-04,0.36971049209358087,-0.6792566802342894
1970-05,0.294904447128117,-0.07592602900094249
1970-06,0.2236795426131274,-0.0617916595556382
1970-07,0.15882111001009247,-0.27479283674367583
1970-08,0.0989364835882716,0.15331141504203508
1970-09,0.04422461559491382,-0.2300889226274414
1970-10,-0.004717637228235449,-1.186615527002534
1970-11,-0.05067560634265594,-0.6469177416987507
1970-12,-0.09603671871533086,-0.20078704772192715
1971-01,-0.1338376456925599,-0.5661015675672504
1971-02,-0.17143962042254038,0.030644325961898967
1971-03,-0.2034709322295608,-0.3198648797847617
1971-04,-0.23351272156409542,0.2066396398574102
1971-05,-0.26196289292064157,-0.004081513021870054
1971-06,-0.28802563731020475,0.6996355209931445
1971-07,-0.3132925727107736,0.9060608468219405
1971-08,-0.33338674968287957,1.9018377134184927
1971-09,-0.3150831429360108,1.2509798367178329
1971-10,-0.33318779743563104,0.899054522123155
1971-11,-0.35745997159995707,0.6952239114582311
1971-12,-0.3721824378963515,1.4170950452753956
1972-01,-0.39028709239597176,1.3436087930427518
1972-02,-0.40580536768136055,1.4308434731059363
1972-03,-0.4189362159997664,1.2426227163673746
1972-04,-0.4336586822961609,1.3635204115829023
1972-05,-0.4487790530870525,1.121181734109526
1972-06,-0.4487790530870525,0.4701605744180047
1972-07,-0.4290827806094437,-0.8506177259709853
1972-08,-0.40958546037908344,-1.4253768225852168
1972-09,-0.39028709239597176,-1.4016948513469911
1972-10,-0.37616148284132295,-1.5349189279817381
1972-11,-0.35745997159995707,-0.8618308142706943
1972-12,-0.33736579462785105,-0.7374507381773381
1973-01,-0.31965904462272804,-0.9438849703510903
1973-02,-0.30016172439236777,-2.0356128599411805
1973-03,-0.28006754742026174,-1.5813002037313681
1973-04,-0.2667377468546074,-0.3895510915028099
1973-05,-0.2462456653880042,0.7135412942512426
1973-06,-0.22774310639388679,0.3874265673392943
1973-07,-0.2088426429052723,0.3772644277444032
1973-08,-0.18934532267491197,0.4830510243511093
1973-09,-0.17422495188402035,0.23441852977543423
1973-10,-0.15671715412614595,0.4691422823113591
1973-11,-0.13741878614303424,0.5213512764439198
1973-12,-0.1191151793961654,1.3323541417999145
1974-01,-0.09842414568231374,1.585626842097709
1974-02,-0.07892682545195348,1.8459414924741135
1974-03,-0.0651991203918019,0.7008556902521279
1974-04,-0.04530389566694454,0.7044152594529092
1974-05,-0.027398193414572867,1.1495395364496954
1974-06,-0.007502968689715427,0.7256064228850836
1974-07,0.011795399293396359,0.8101840433697032
1974-08,0.030099006040265136,-0.7803021325427072
1974-09,0.04402566334766527,-0.38851201792460016
1974-10,0.06372193582527391,-0.8349217773767144
1974-11,0.08242344706664004,-0.8723729579170449
1974-12,0.2875432139799197,-0.4518420681256569
1975-01,0.4970399303326681,-0.5272639659954228
1975-02,0.703552362976688,-0.6334365042168926
1975-03,0.9086721298899678,-0.3577643463545484
1975-04,1.1193625597262074,-0.7059697775392355
1975-05,1.324681278886736,0.11653711671836689
1975-06,1.1712890962580853,0.12188686125532096
1975-07,1.0322214754313321,0.7662698251729081
1975-08,0.9044941326977476,-0.03225821968126578
1975-09,0.783929070865112,0.2830412356723453
1975-10,0.6743063826311475,0.2425054909955579
1975-11,0.5742334022651151,1.0867943362340882
1975-12,0.4787363235857995,1.5267440268113899
1976-01,0.3927889527744154,1.5697408914777082
1976-02,0.3163912898309631,2.094639300246133
1976-03,0.2443705763269793,1.6090713108037724
1976-04,0.17752262125145835,1.3294536421258834
1976-05,0.11644428134614616,0.7920833816372898
1976-06,0.05854917739681115,1.4585273620110955
1976-07,0.011795399293396359,0.8632896095611762
1976-08,-0.03575418779901288,0.7976171906366696
1976-09,-0.08409958388041633,-0.5379011106546384
1976-10,-0.12349212883563411,-1.103053229842908
1976-11,-0.16208886480185736,-0.8397074533997831
1976-12,-0.19491598559787207,-1.1618885446227947
1977-01,-0.22336615695441825,-1.4468025197679013
1977-02,-0.2514184238164671,0.11472022234732589
1977-03,-0.28006754742026174,-0.11358205547526294
1977-04,-0.3051355305735821,0.5406750762169686
1977-05,-0.3284129435016652,0.8138534574916095
1977-06,-0.3473134069902798,0.6009829066962611
1977-07,-0.36681072722064,-1.1475404228985444
1977-08,-0.38610909520375175,-0.21009120941938222
1977-09,-0.4002347047584004,-0.945024982505469
1977-10,-0.41535507554929213,-0.9375763093405313
1977-11,-0.4290827806094437,-0.24762848462762155
1977-12,-0.4424125811750982,0.3339825600394901
1978-01,-0.4529570502792726,0.5147279245782458
1978-02,-0.46270571039445274,0.18044904812322107
1978-03,-0.4722554182623842,0.9153353207028754
1978-04,-0.4529570502792726,0.8428436103236608
1978-05,-0.36203587328667425,0.6249439434097774
1978-06,-0.27628745472253885,0.8511146360062103
1978-07,-0.18934532267491197,0.36543086407942044
1978-08,-0.09842414568231374,-0.6617378997056734
1978-09,-0.012476774870929807,-0.630384596678608
1978-10,-0.0033249714974954193,-0.6784076086818095
1978-11,0.0008530256947247537,0.43779788562924976
1978-12,0.011795399293396359,1.2104529983860015
1979-01,0.020350345925084924,0.246041309943123
1979-02,0.02492624761180212,0.5615960805188085
1979-03,-0.023021243975104227,0.11854995067844173
1979-04,-0.0701729265730162,0.13321276325780698
1979-05,-0.1087696625392396,0.6745344721252495
1979-06,-0.1463716372692201,0.4852419852103058
1979-07,-0.18437151649369768,0.28264935649427764
1979-08,-0.21341854459198942,-0.23038876957429621
1979-09,-0.2462456653880042,-0.16739716048157063
1979-10,-0.2713136485413245,-2.2250181605589012
1979-11,-0.30016172439236777,-0.7574811079835696
1979-12,-0.31965904462272804,-0.37717127201385403
1980-01,-0.34273750530356256,0.20514634268644025
1980-02,-0.36203587328667425,-0.1580989363474196
1980-03,-0.3817321457642831,-0.9027317190906811
1980-04,-0.39585775531893175,-1.3350278905690551
1980-05,-0.40958546037908344,-0.6306606933722466
1980-06,-0.40461165419786904,-0.6909061794368465
1980-07,-0.381334241269786,0.20889888269460336
1980-08,-0.3576589238472056,1.0323557870808546
1980-09,-0.3475123592375284,0.9025250278743755
1980-10,-0.34233960080906545,0.8490068010332705
1980-11,-0.33358570193012815,1.1613790376779822
1980-12,-0.34313540979805973,1.2114416026761268
1981-01,-0.34631864575403687,1.1217814280032357
1981-02,-0.35527149688022275,0.595523317238182
1981-03,-0.36482120474815427,0.38241526391067143
1981-04,-0.3745698648633344,0.23588213912988393
1981-05,-0.3843185249785146,-0.16555948463896542
1981-06,-0.3572610193527085,0.11990965267507046
1981-07,-0.32662237327642807,0.9839587085894976
1981-08,-0.32881084799616245,0.6422341277511873
1981-09,-0.34532388451779406,0.228626436772328
1981-10,-0.3475123592375284,0.06899504734279392
1981-11,-0.34611969350678834,0.28289576537139594
1981-12,-0.3459207412595398,-0.2545427770951943
1982-01,-0.318266378891988,-0.1453420815886562
1982-02,-0.31965904462272804,0.3180936406378374
1982-03,-0.31946009237547945,0.5960369164639828
1982-04,0.29928139656758546,-0.10904278832931245
1982-05,0.941300298438734,-0.01304426482934194
1982-06,1.323686517650493,-0.2674213519016908
1982-07,1.8236535149861597,0.5266594580377455
1982-08,2.1039772313594,1.36691372901117
1982-09,2.2718929280371962,1.7183877887947396
1982-10,2.5480386472182173,1.6160924794108182
1982-11,2.9720058861049288,2.0018054979872244
1982-12,3.7260349031770246,2.0919911470125245
1983-01,3.8380450183779713,1.3572889388952958
1983-02,3.913845824579677,1.2790407608927994
1983-03,4.4026714960694235,0.9399049576550573
1983-04,4.116180260031477,0.7060896523046529
1983-05,3.833668068938502,0.6455324441665901
1983-06,3.4831142092865144,0.2966412244202846
1983-07,3.156434619304356,0.4078844417034178
1983-08,2.857608343936999,0.6699031727480862
1983-09,2.5846458607119547,1.3633511910287366
1983-10,2.329390127492035,1.2459210327827774
1983-11,2.096218093716706,0.755680181020125
1983-12,1.9259149700719267,1.2467463540820412
1984-01,1.7635699363170902,2.004133022802414
1984-02,1.5845129137933736,1.2954046853587766
1984-03,1.4102307452036225,0.18493487719943508
1984-04,1.249477329426775,0.18515753582333716
1984-05,1.10364533219357,0.4257951014101014
1984-06,1.0077503490197575,0.46243283577777633
1984-07,0.9259809754005935,0.5801004965558977
1984-08,0.8046201045789635,-0.18206887940589195
1984-09,0.6926099893780163,0.1396490818794032
1984-10,0.5909453910339952,-0.5919804372279766
1984-11,0.4978357393216625,0.27064360349347727
1984-12,0.42840140503191,-0.1218679250660725
1985-01,0.28555369150743404,-0.41573277689204297
1985-02,0.2805798853262196,-0.7796905635223894
1985-03,0.19224508754785286,-1.0791515687624322
1985-04,0.18130271394918118,0.21525801299324687
1985-05,0.11763799482963748,0.17936544282023095
1985-06,0.08859096673134581,-0.17593537651280253
1985-07,0.07128212122071981,1.7693320819435365
1985-08,0.04442356784216237,1.9177563206366657
1985-09,-0.06997397432576764,1.8316379024746436
1985-10,-0.08469644062216215,1.2524404772906306
1985-11,-0.09524090972633657,0.6437333624854612
1985-12,0.002842548167210357,0.37622535416619346
1986-01,0.09814067459927739,0.2795499484495606
1986-02,0.1675750088890296,1.0291168462984923
1986-03,0.06869574200648837,1.966186055726195
1986-04,0.09674800886853736,0.10215040083264024
1986-05,0.07366954818770267,-0.03437792978081362
1986-06,0.03467490772698225,0.4617767350326782
1986-07,0.07168002571521699,0.2591425433735216
1986-08,0.1864754723776442,-0.8171922133508045
1986-09,0.03746023918846231,-0.6835614136297298
1986-10,-0.0220264827388613,-0.19957875358955182
1986-11,-0.013869440601669754,-0.32379554669204647
1986-12,0.007816354348424738,0.14165300949452198
1987-01,0.05954393863305399,0.268045919547953
1987-02,-0.004120780486489627,-0.4704622666471752
1987-03,-0.009293538914952644,-0.726867031587859
1987-04,-0.040330089485730074,-0.5463858886161338
1987-05,-0.06221483668307329,-0.37879816435916525
1987-06,-0.026204479931081392,-1.7058019998724576
1987-07,0.022737772892067798,-1.131794005016189
1987-08,0.03069586278201079,-0.8351058418391402
1987-09,-0.008099825431461165,-0.773560029410952
1987-10,-0.11195289849521677,-0.413069779750174
1987-11,-0.1308533619838313,-0.5149078967596832
1987-12,-0.1061832833250081,-0.7774817899732808
1988-01,-0.11951308389066258,-0.05728801778951205
1988-02,-0.08728281983639366,-0.09857783300591451
1988-03,-0.1539318226646659,-1.0454024589421804
1988-04,-0.17462285637851763,-1.4365008474353649
1988-05,-0.20725102492728364,-0.930602641239918
1988-06,-0.21481121032272946,0.0024468378309390497
1988-07,-0.10399480860527377,0.1774713601262372
1988-08,0.05098899200136525,-0.32210927871369466
1988-09,-0.21958606425669527,-0.6081098279434435
1988-10,-0.25778489572842145,-0.6924469771142489
1988-11,-0.2257535839214011,-0.6438777092870743
1988-12,-0.2171986372897124,0.49774649352864686
1989-01,-0.16208886480185736,1.268510492373057
1989-02,-0.24564880864625846,0.9438771875054704
1989-03,-0.2599733704481558,0.7003153719914589
1989-04,-0.26415136764037583,0.5036187436363578
1989-05,-0.306130291809825,0.3158937734336848
1989-06,-0.2709157440468274,0.29567340160172356
1989-07,-0.16407838727434312,0.40202109794066293
1989-08,-0.007502968689715427,0.9687526089678113
1989-09,-0.21660178054796667,1.3014995940903897
1989-10,-0.31269571596902795,0.9649406933266076
1989-11,-0.3039418170900906,-0.029230062396197434
1989-12,-0.29837115416713056,0.6256891076044364
1990-01,-0.22416196594341248,0.3161847140355835
1990-02,-0.06579597713354755,-0.2423024903438837
1990-03,-0.2731042187665617,-0.29961778891793217
1990-04,-0.3329888451883824,0.005053428121419446
1990-05,-0.3381616036168454,-0.08151624485171081
1990-06,-0.2677325080908502,-0.2462005006529962
1990-07,-0.1477643029999601,0.5631992226109035
1990-08,-0.15134544345043438,0.27303644150501166
1990-09,-0.19650760357586075,0.24961275427051244
1990-10,-0.3041407693373392,0.5047290679742162
1990-11,-0.28842354180470187,0.7405393945947834
1990-12,-0.27330317101381024,0.8066036926973577
1991-01,-0.2500257580857271,0.18396111681756996
1991-02,-0.2760885024752903,-0.1117829737941341
1991-03,-0.2842455446124818,-0.0990261190353707
1991-04,-0.2929994434914191,0.018228881093118765
1991-05,-0.28006754742026174,-0.3679383610760476
1991-06,0.11644428134614608,-1.271130803072461
1991-07,0.7946724922165348,-0.01814463170752568
1991-08,1.924124399846689,0.7885356875631165
1991-09,2.833336169772672,0.5953333152124523
1991-10,3.9247881981783483,1.61990142627037
1991-11,4.9607325496016745,0.9725170241025826
1991-12,5.603348308214567,0.8873456472875574
1992-01,6.284560802793685,0.6613026123021617
1992-02,6.350413996632963,1.0062572275778783
1992-03,6.136540330840746,0.7002381836685061
1992-04,6.006823465634677,-0.14709069398170058
1992-05,5.930027898196726,0.03256512769076095
1992-06,5.542667872803753,-0.33421003272735994
1992-07,5.3689825609557476,0.7547984528694728
1992-08,5.015842322089528,1.389892098997865
1992-09,4.604806979273976,1.6317528026252648
1992-10,4.32786545110396,1.15109814681701
1992-11,4.069227529680814,1.7033241906923506
1992-12,3.5957211812292083,1.4319389535355345
1993-01,3.386622369370956,1.701133229833154
1993-02,3.0488014535428776,2.251227688482339
1993-03,2.8042891416743805,2.032110821091124
1993-04,2.5484365517127143,1.6975558479424606
1993-05,2.3134739477121484,0.8964330879244145
1993-06,2.08865790832126,0.11684290122852575
1993-07,1.8624492031996318,0.14276333383238035
1993-08,1.7361145261967867,-0.03371886025406345
1993-09,1.5727747312057077,0.551499254120262
1993-10,1.4518117648785747,0.21536192035106785
1993-11,1.3047860541618788,0.07636653218477892
1993-12,1.1490064445662451,-0.42134080543272345
1994-01,0.9920331214871204,-0.01610210993093056
1994-02,0.9058867984284877,0.12184529831219257
1994-03,0.7877091635628347,0.31302889913947796
1994-04,0.6758980006091363,-0.055640343972636626
1994-05,0.5939296747427237,-0.48683806623976045
1994-06,0.472369851673845,-0.712536722553521
1994-07,0.39398266625790684,-0.40463547107676306
1994-08,0.3460351746710005,0.11450350128672786
1994-09,0.2857526437546826,-0.26998934803069485
1994-10,0.3008730145455742,0.2486479002336034
1994-11,0.29848558757859145,-0.32207365333387034
1994-12,0.3756790595110381,-0.5060253020568161
1995-01,0.08839201448409727,-0.2038389552602117
1995-02,0.07128212122072004,0.15833162481561408
1995-03,0.04462252008941093,0.36490835850866354
1995-04,0.019355584688842083,-0.44146914503347184
1995-05,-0.0071050641952182395,-0.6657873178790393
1995-06,-0.0480892271284246,-0.873444688093427
1995-07,-0.0618169321885761,-0.2861810831608544
1995-08,-0.11434032546219965,-0.18115152587541536
1995-09,-0.06281169342481895,-0.7273242239622714
1995-10,-0.08429853612766489,0.07220726909028798
1995-11,-0.14139783108800572,-0.07722635536453067
1995-12,-0.2004866485208322,0.29362494226182434
1996-01,-0.19511493784512063,0.9084091531086945
1996-02,-0.20108350526257787,0.6180118382522926
1996-03,-0.19173274964189493,-0.11076171290583654
1996-04,-0.2171986372897124,-0.7863940724926682
1996-05,-0.21819339852595523,-0.8993918397321499
1996-06,-0.2583817524701672,-1.3674054232660702
1996-07,-0.23649700527282413,-1.7329129139187753
1996-08,-0.2609681316843987,-1.6040559150941611
1996-09,-0.2727063142720645,-1.5559764962395712
1996-10,-0.2587796569646644,-0.7189403845769449
1996-11,-0.2587796569646644,-0.18080417842212812
1996-12,-0.264549272134873,-0.7599392591914486
1997-01,-0.264549272134873,-0.38225976376542964
1997-02,-0.2884235418047019,0.2730631605398799
1997-03,-0.3053344828208307,-0.014914597270119448
1997-04,-0.3083187665295593,0.040468024448458914
1997-05,-0.28504135360147614,-0.7187058508264347
1997-06,-0.2914078255134305,-0.7111592078669801
1997-07,-0.3019522946176049,-0.5394894088384733
1997-08,-0.32741818226542235,-0.5875777340380194
1997-09,-0.321051710353468,-0.6744502227396565
1997-10,-0.3228422805787052,-0.2838387144374045
1997-11,-0.34293645755081115,-0.49398392367619137
1997-12,-0.36243377778117136,-0.7837399816957553
1998-01,-0.3809363367752887,-1.4310679770121542
1998-02,-0.3972504210496718,-1.186921311512693
1998-03,-0.4113760306043206,-0.8547680827205202
1998-04,-0.4245068789227265,-1.6607893324644123
1998-05,-0.4400251542081152,-2.3362851280952506
1998-06,-0.4505696233122896,-2.1338735950599963
1998-07,-0.46071618792196695,-0.9646783170418929
1998-08,-0.46827637331741273,-0.6272317505641545
1998-09,-0.4752397019711128,-0.21568439405180256
1998-10,-0.4790197946688357,-0.466700820294056
1998-11,-0.48160617388306726,-0.5169890126977547
1998-12,-0.4829988396138072,-0.4269013334669715
1999-01,-0.4839936008500501,-0.31248151981616856
1999-02,-0.4849883620862929,-0.7378248046654936
1999-03,-0.4855852188280387,-0.4595223062594528
1999-04,-0.4855852188280387,-0.45282770363413016
1999-05,-0.4855852188280387,0.935819914101867
1999-06,-0.4855852188280387,1.4183597462591595
1999-07,-0.4855852188280387,1.7127738226907552
1999-08,-0.4855852188280387,1.5924342584258087
1999-09,-0.4855852188280387,1.6640086152745466
1999-10,-0.4855852188280387,1.0979658615906687
1999-11,-0.4855852188280387,0.62180000364028
1999-12,-0.4855852188280387,0.4855596448470728
2000-01,-0.4855852188280387,1.1822733229449538
2000-02,-0.4855852188280387,1.627492600954605
2000-03,-0.4855852188280387,1.2637545041665084
2000-04,-0.4855852188280387,0.8664335493306736
2000-05,-0.4855852188280387,0.9450261060048052
2000-06,-0.4855852188280387,0.7232343663451134
2000-07,-0.4855852188280387,0.333121613360402
2000-08,-0.4855852188280387,-0.1132050202054554
2000-09,-0.4855852188280387,-0.3173711031970583
2000-10,-0.4855852188280387,-1.2071891838510866
2000-11,-0.4855852188280387,-2.148070308919993
2000-12,-0.4855852188280387,-2.161964207051483
2001-01,-0.4855852188280387,-0.5964484536142783
2001-02,-0.4855852188280387,-1.8668435605867049
2001-03,-0.4855852188280387,-1.390659889946404
2001-04,-0.4855852188280387,-0.6159681929763611
2001-05,-0.4855852188280387,-0.7032058418211976
2001-06,-0.4855852188280387,-0.47231478639804053
2001-07,-0.4855852188280387,-0.7457959834011882
2001-08,-0.4855852188280387,-0.9800833250342651
2001-09,-0.4855852188280387,-0.5010555615713216
2001-10,-0.4855852188280387,-1.1591721094111893
2001-11,-0.48717683680602725,-0.8522683685695127
2001-12,-0.48279988736655866,-1.1103356512353322
2002-01,-0.4831977918610558,-0.7696620191018396
2002-02,-0.4837946486028016,-0.8786905252725601
2002-03,-0.48916635927851304,-0.4351515776779567
2002-04,-0.48737578905327583,0.06315248505160323
2002-05,-0.49533387894321884,-0.6879492729114268
2002-06,-0.4973234014157046,-0.5468490185538502
2002-07,-0.5168207216460649,-1.700933197963132
2002-08,-0.4843915053445472,-1.034020150088306
2002-09,-0.4843915053445472,-1.1023763476262456
2002-10,-0.48459045759179586,-1.514407615547878
2002-11,-0.47762712893809567,-0.8777583278338233
2002-12,-0.4692711345536556,-1.2595020853414682
2003-01,-0.4605172356747184,-1.0585511928790114
2003-02,-0.45375285926826686,-0.5480780941577896
2003-03,-0.46151199691096123,-0.43204920085158766
2003-04,-0.45733399971874117,-0.8479576976107684
2003-05,-0.4633025671361984,-1.063624840722327
2003-06,-0.46668475533942416,-0.506553745190877
2003-07,-0.45773190421323834,-0.5550992627648353
2003-08,-0.4453968648838268,-0.8372047704671238
2003-09,-0.43922934521912094,-0.542128655727126
2003-10,-0.4517633367957811,-1.476036112695419
2003-11,-0.45216124129027824,-1.5206153379822682
2003-12,-0.4559413339880012,-1.4862457527967425
2004-01,-0.4609151401692155,-1.9575992156891941
2004-02,-0.4672816120811699,-1.679908286303471
2004-03,-0.466286850844927,-1.3396562211645666
2004-04,-0.46748056432841845,-1.0386366055572092
2004-05,-0.4748417974766157,-1.0147735386382097
2004-06,-0.47663236770185285,-0.21440188037812657
2004-07,-0.47344913174587566,0.5956094119060908
2004-08,-0.4660878985976784,-0.2293971965025189
2004-09,-0.4646952328669384,0.12701097838672093
2004-10,-0.4700669435426499,-0.5539740945187168
2004-11,-0.47086275253164417,-0.34849284125526564
2004-12,-0.4625067581472041,-0.1255224952797187
2005-01,-0.4523601935375269,-0.16264414105667413
2005-02,-0.44619267387282097,-0.7507033794719902
2005-03,-0.4338576345434094,-1.1030888552227323
2005-04,-0.4270932581369579,-1.394210552802229
2005-05,-0.43007754184568653,-1.4074038184638407
2005-06,-0.4346534435324037,-1.549756898678573
2005-07,-0.4286848761149465,-0.9389389801188119
2005-08,-0.41853831150526927,-1.147712612234362
2005-09,-0.41555402779654066,-1.7652904466157904
2005-10,-0.4211246907195007,-1.2860251806206846
2005-11,-0.41634983678553494,-1.9791139763214396
2005-12,-0.4183393592580206,-1.8734194119459464
2006-01,-0.4203288817305064,-1.5409307108270944
2006-02,-0.42251735645024074,-2.202586046396179
2006-03,-0.4278890671259522,-1.056146479740869
2006-04,-0.4211246907195007,-0.8837285477360513
2006-05,-0.4310723030819294,-0.9921306409781938
2006-06,-0.4227163086974893,-0.7756114575325033
2006-07,-0.40381584520887487,-0.5330263711820088
2006-08,-0.38829756992348596,0.1870130243558545
2006-09,-0.38033948003354306,0.5515319107184343
2006-10,-0.3918787103739604,-0.09938237283361404
2006-11,-0.38033948003354306,0.726945343410148
2006-12,-0.3562662581164656,0.21703631320281153
2007-01,-0.34512493227054547,-0.8922964515838034
2007-02,-0.3477113114847769,-0.3768387684688269
2007-03,-0.3733761513798429,0.17265005872334407
2007-04,-0.3697950109293686,-0.09084415680238211
2007-05,-0.3845174772257631,-0.06406277751943945
2007-06,-0.38750176093449173,-1.2955015316539573
2007-07,-0.3857111907092545,-1.8857131367669935
2007-08,-0.3839206204840173,-0.7374269879241219
2007-09,-0.38193109801153163,-0.6908883667469343
2007-10,-0.40003575251115187,-0.8689499526722569
2007-11,-0.3968525165551747,-1.0763460701012662
2007-12,-0.4010305137473948,-0.6223926364713492
2008-01,-0.401826322736389,-0.9620984457862808
2008-02,-0.40958546037908344,-0.7535593474212409
2008-03,-0.4159519322910378,-0.006815760923387645
2008-04,-0.41714564577452923,-0.666817485112293
2008-05,-0.42311421319198644,-0.9692324280961035
2008-06,-0.42669535364246075,-0.04416897166920126
2008-07,-0.41853831150526927,0.7865703541094742
2008-08,-0.400433657005649,1.0578041834020369
2008-09,-0.36243377778117136,0.7392954750825836
2008-10,-0.35825578058895136,0.3199164725721824
2008-11,-0.35885263733069706,-0.22054132083452005
2008-12,-0.36502015699540286,-0.45198160086330225
2009-01,-0.3807373845280402,0.27462770847049855
2009-02,-0.39366928059919754,-0.6240195288166605
2009-03,-0.3964546120606776,-0.2253032466043726
2009-04,-0.4006326092528976,-0.06023304918832361
2009-05,-0.4056064154341119,-0.015339133046359421
2009-06,-0.40580536768136055,-0.4429416607328776
2009-07,-0.29180573000792764,-0.6694507944376417
2009-08,-0.23868547999255843,-0.49874881822769596
2009-09,-0.2569890867394272,-0.9492406524513484
2009-10,-0.31408838169976794,-1.1070284284749732
2009-11,-0.3341825586718739,-1.3363014978977752
2009-12,-0.35646521036371415,-1.4658591291922678
2010-01,-0.3759625305940744,-1.039690523043679
2010-02,-0.3994388957694062,-2.0423549630729356
2010-03,-0.42231840420299216,-1.3816793254490198
2010-04,-0.41933412049426355,-1.5070984751205858
2010-05,-0.4239100221809808,-2.2183205891519266
2010-06,-0.4257005924062179,-1.7845756522273628
2010-07,-0.4215225952139979,-0.9763842230958384
2010-08,-0.41654878903278353,-1.2055029158727348
2010-09,-0.4151561233020435,-0.7847612425840529
2010-10,-0.42729221038420656,-0.4200315727241792
2010-11,-0.421920499708495,0.6429169475311536
2010-12,-0.39287347161020314,0.9757144019418165
2011-01,-0.38312481149502314,1.5917069069210619
2011-02,-0.39207766262120897,2.093855541889998
2011-03,-0.40998336487358056,2.0823841695865624
2011-04,-0.4141613620658006,0.28223372706299377
2011-05,-0.4215225952139979,-0.9676678801654849
2011-06,-0.42251735645024074,-0.821306944720515
2011-07,-0.34194169631456833,-0.5835283158646535
2011-08,-0.25519851651419,0.10175852165457257
2011-09,-0.2508215670747214,0.32322072655088935
2011-10,-0.2778790727005275,0.24821445811240733
2011-11,-0.30772190978781355,0.5804953445156174
2011-12,-0.33458046316637097,-0.5073345347653603
2012-01,-0.3578578760944542,-0.9883810697516827
2012-02,-0.393470328351949,-1.0627935818597591
2012-03,-0.40202527498363755,-1.1592730479873583
2012-04,-0.3994388957694062,-1.1086434456936762
2012-05,-0.4149571710547949,-0.21955865410769884
2012-06,-0.42351211768648356,-0.7144426803741227
2012-07,-0.41953307274151214,-0.6744235037047882
2012-08,-0.4207267862250036,-0.8433115543253449
2012-09,-0.41833935925802074,-1.0571914908823827
2012-10,-0.41833935925802074,-1.7627194817051342
2012-11,-0.41833935925802074,-2.1397963144557917
2012-12,-0.41833935925802074,-1.5315463920250345
2013-01,-0.41833935925802074,-2.365165436006177
2013-02,-0.41833935925802074,-1.6188998233543002
2013-03,-0.41833935925802074,-1.6506865685025616
2013-04,-0.41833935925802074,-1.5895088849992252
2013-05,-0.41833935925802074,-1.214596294072896
2013-06,-0.41833935925802074,-0.8014042325253207
2013-07,-0.41833935925802074,0.1699069044768704
2013-08,-0.41833935925802074,0.46573115219317923
2013-09,-0.41833935925802074,-0.05751364519506616
2013-10,-0.41833935925802074,-0.10310522502525687
2013-11,-0.41833935925802074,0.22957347811932488
2013-12,-0.41833935925802074,0.6008285300503556
2014-01,-0.41833935925802074,0.5458288811648889
2014-02,-0.41833935925802074,1.0800166077225086
2014-03,-0.41833935925802074,0.6005257143218489
2014-04,-0.41833935925802074,-0.3676058575310205
2014-05,-0.41833935925802074,-0.4074558136461895
2014-06,-0.41833935925802074,-0.9536374180780015
2014-07,-0.41833935925802074,-1.0628618638377558
2014-08,-0.41833935925802074,0.04307758352059134
2014-09,-0.41833935925802074,-0.2915545779510247
2014-10,-0.41833935925802074,-0.9860832327530132
2014-11,-0.41833935925802074,-0.8824430652807231
2014-12,-0.41833935925802074,-1.1737725775758618
2015-01,-0.41833935925802074,-1.7508532614419792
2015-02,-0.41833935925802074,-0.4163205956591445
2015-03,-0.41833935925802074,-0.7722715781739721
2015-04,-0.41833935925802074,-1.0003155719928345
2015-05,-0.41833935925802074,-1.4736017117407563
2015-06,-0.41833935925802074,-1.5094170935908193
2015-07,-0.41833935925802074,-1.87422988933695
2015-08,-0.41833935925802074,-0.7433793951364376
2015-09,-0.41833935925802074,-0.20346191999040417
2015-10,-0.41833935925802074,0.30827884849623355
2015-11,-0.41833935925802074,0.7264703383458236
2015-12,-0.41833935925802074,0.280654335224115
2016-01,-0.41833935925802074,-0.5378031408601215
2016-02,-0.41833935925802074,-0.8766242532427487
2016-03,-0.41833935925802074,-1.892719461465779
2016-04,-0.41833935925802074,-2.068913683731976
2016-05,-0.41833935925802074,-2.2889597797802756
2016-06,-0.41833935925802074,-2.059464051733572
2016-07,-0.41833935925802074,-2.001620310025462
2016-08,-0.41833935925802074,-2.4022781754381763
2016-09,-0.41833935925802074,-2.238333146268246
2016-10,-0.41833935925802074,-2.0054114441951016
2016-11,-0.41833935925802074,-1.650175938058413
2016-12,-0.41833935925802074,-0.8852485639418894
2017-01,-0.41833935925802074,0.06256763506615376
2017-02,-0.41833935925802074,0.2814469999252064
2017-03,-0.41833935925802074,0.864019929847575
2017-04,-0.41833935925802074,0.6744365023307326
2017-05,-0.41833935925802074,0.09992084581196738
2017-06,-0.41833935925802074,0.17941591210831542
2017-07,-0.41833935925802074,-0.266049774778454
2017-08,-0.41833935925802074,-0.5740519648313808
2017-09,-0.41833935925802074,-1.268544994253545
2017-10,-0.41833935925802074,-0.9683506999454512
2017-11,-0.41833935925802074,-0.7593128462628708
2017-12,-0.41833935925802074,-1.1414662956384956
2018-01,-0.41833935925802074,-0.023069840468239778
2018-02,-0.41833935925802074,-1.3802602478193506
2018-03,-0.41833935925802074,-0.8978747923079636
2018-04,-0.41833935925802074,-0.031242896356272275
2018-05,-0.41833935925802074,-0.3139718482054865
2018-06,-0.41833935925802074,-0.9537591381257347
2018-07,-0.41833935925802074,-1.1828065801429826
2018-08,-0.41833935925802074,-0.6451958483405746
2018-09,-0.41833935925802074,-0.4068561197524799
2018-10,-0.41833935925802074,-1.3720575041147978
2018-11,-0.41833935925802074,-1.727337541976267
2018-12,-0.41833935925802074,-1.437697266441132
2019-01,-0.41833935925802074,-2.0464518817527337
2019-02,-0.41833935925802074,-0.9864958934026451
2019-03,-0.41833935925802074,-0.14402394253515585
2019-04,-0.41833935925802074,-0.5038907480490081
2019-05,-0.41833935925802074,-0.4148065170166103
2019-06,-0.41833935925802074,-1.2639404139112498
2019-07,-0.41833935925802074,-0.5160360337874538
2019-08,-0.41833935925802074,-0.7832916956662992
2019-09,-0.41833935925802074,-1.6786346789747513
2019-10,-0.41833935925802074,-0.5545678508491224
2019-11,-0.41833935925802074,-0.6992722061322608
2019-12,-0.41833935925802074,-0.6111914232982484
2020-01,-0.41833935925802074,-0.9525656879016196
2020-02,-0.41833935925802074,-0.34985551203354637
2020-03,-0.41833935925802074,-0.002318056720565548
2020-04,-0.41833935925802074,-0.8723135822840044
2020-05,-0.41833935925802074,-2.1930859451096905
2020-06,-0.41833935925802074,-1.605525462011915
2020-07,-0.41833935925802074,-1.5155505964839089
2020-08,-0.41833935925802074,-1.6068911015718477
2020-09,-0.41833935925802074,-1.3458728499439128
2020-10,-0.41833935925802074,-0.2824433870609514
2020-11,-0.41833935925802074,0.7691495433753751
2020-12,-0.41833935925802074,0.813702049627356
2021-01,-0.41833935925802074,-0.16455009887727598
2021-02,-0.41833935925802074,-0.3620839236582488
2021-03,-0.41833935925802074,0.6516570407147234
2021-04,-0.41833935925802074,0.0761082481810525
2021-05,-0.41833935925802074,-0.7939674344869911
2021-06,-0.41833935925802074,0.0004904107222527381
2021-07,-0.41833935925802074,-0.5193016936046844
2021-08,-0.41833935925802074,-0.14901446449221456
2021-09,-0.41833935925802074,0.2236151333437051
2021-10,-0.41833935925802074,-0.1755138095182146
2021-11,-0.41833935925802074,-0.20055251397141693
2021-12,-0.41833935925802074,-0.9273933882740759
2022-01,-0.41833935925802074,-0.04798979365536102
2022-02,-0.41833935925802074,0.7457199185775718
2022-03,-0.41833935925802074,-0.08857600762023289
2022-04,-0.41833935925802074,-0.7673760572297782
2022-05,-0.41833935925802074,-1.1346410666204836
2022-06,-0.41833935925802074,0.015868699679756675
2022-07,-0.41833935925802074,-0.9708533828781106
2022-08,-0.41833935925802074,-0.4418699305564956
2022-09,-0.41833935925802074,-0.3922645579327633
2022-10,-0.41833935925802074,-0.09630374626046122
2022-11,-0.41833935925802074,0.3964546323431108
2022-12,-0.41833935925802074,0.6909013653728787
2023-01,-0.41833935925802074,0.9986423026404271
2023-02,-0.41833935925802074,-0.4039496825151447
2023-03,-0.41833935925802074,-0.7799340036178557
2023-04,-0.41833935925802074,-0.4790004826784071
2023-05,-0.41833935925802074,-1.4796105258044605
2023-06,-0.41833935925802074,-0.961492814329267
2023-07,-0.41833935925802074,-1.4541947860814506
2023-08,-0.41833935925802074,-1.0826072306053927
2023-09,-0.41833935925802074,-1.385758431438906
2023-10,-0.41833935925802074,
