time,enso,trop,solar,qboA,qboB,qboC,linear_pre,linear_post
1979-01,,0.5583189248565427,1.581821263707028,-1.0715571880778774,-0.9485229213024008,0.212438141158568,-1.8,0.0
1979-02,,0.8956636658611127,1.6362715479665744,-0.8350981753660975,-0.887104424232016,0.42419692293509714,-1.7916666666666667,0.0
1979-03,0.5468795476934405,0.42202391815136303,1.3216581889676196,-1.1712386555250331,-0.62172303965323,-0.7323557899591098,-1.7833333333333332,0.0
1979-04,0.3439170711813594,0.4376992403876913,1.1338066255357144,-1.2326092099249188,-0.5547249792166156,-0.6907666192760995,-1.775,0.0
1979-05,0.02932523258763344,1.01640078036089,1.0069393804745008,-1.2295801725933468,-0.0435443256922146,-0.4964124080015045,-1.7666666666666666,0.0
1979-06,0.3337689473557553,0.814037099228975,1.36325609715203,-0.812533292932422,0.6821975128175141,-0.0621743745514967,-1.7583333333333333,0.0
1979-07,0.4251020617861918,0.5974548630011396,1.0598846128627888,-0.731924853726006,1.20264834821208,-0.16096303663110545,-1.75,0.0
1979-08,-0.07215600566840719,0.04898996909910898,1.1753038773847853,-0.6205558213669669,1.3639975386121566,-0.7197208974790129,-1.7416666666666667,0.0
1979-09,-0.06200788184280311,0.11633133115831404,1.7021257157041418,-0.6126226255452427,1.3345850236129957,-0.34308391389338766,-1.7333333333333334,0.0
1979-10,0.5773239191702527,-2.0833743557191577,1.996391156856386,0.04780895924128584,1.5949373332477876,0.7985668569174409,-1.7249999999999999,0.0
1979-11,0.49613892856542025,-0.5144996211922268,2.212128998792086,0.705738960630219,1.8820284249152064,0.5384251756707256,-1.7166666666666666,0.0
1979-12,0.35406519500696343,-0.1079282900643945,1.5963157759958368,1.152885481994498,1.1922377737665333,-0.44122081576866046,-1.7083333333333333,0.0
1980-01,0.6585089097750851,0.5146000417212071,1.6453689634176851,1.070533904610777,0.281419124067882,-1.461404450309466,-1.7,0.0
1980-02,0.7599901480311259,0.1262716245869798,1.5520478138953897,1.1836786442672986,0.3659781121923016,-0.7941734441009387,-1.6916666666666667,0.0
1980-03,0.49613892856542025,-0.6697802074920037,0.956946733922822,1.2839921875518667,0.23100436124562992,-0.1790431735837212,-1.6833333333333333,0.0
1980-04,0.37436144265817156,-1.131927681094091,1.8490593604170389,1.357810302550197,0.09736538314572696,0.20019454895049052,-1.675,0.0
1980-05,0.5976201668214609,-0.37892188981108244,2.260714693456471,1.1500594260720087,-0.22781897198914144,0.3336704120653005,-1.6666666666666667,0.0
1980-06,0.9325082530663948,-0.44332750109713426,1.6406202211971388,0.9072065216931602,-0.8677992257270432,0.30581804622043096,-1.6583333333333332,0.0
1980-07,0.790434519507938,0.5186117054804132,1.4643217682546934,0.5316248880074304,-0.8676045567676853,-0.9507944498832861,-1.65,0.0
1980-08,0.628064538298273,1.3989306929950625,1.0376060106411011,0.2260599046927991,-1.1297563766335188,-1.3796316548343965,-1.6416666666666666,0.0
1980-09,0.5976201668214609,1.2601347440096182,1.360967843128658,0.2651680319432794,-1.304151298461194,-1.3492926416186861,-1.6333333333333333,0.0
1980-10,0.20184333762290252,1.2029209286716367,1.7149560432486803,0.28366764265535865,-1.2438342286452087,-0.5477981714059068,-1.625,0.0
1980-11,0.26273208057652686,1.5368633725639687,1.9339327823748411,0.24747471478562694,-1.0745357111006195,0.5035781923832215,-1.6166666666666667,0.0
1980-12,0.13080647084367408,1.5903829026047065,2.0449075104897605,0.3089185881656097,-0.778503797915644,1.7638643327749615,-1.6083333333333334,0.0
1981-01,-0.021415386540386862,1.4945314333074093,1.0097577578639914,-0.10933065192328399,-0.8766674481716902,0.26680374818082286,-1.6,0.0
1981-02,-0.021415386540386862,0.9319336764941881,1.6452611173441083,-0.26946610546315686,-1.351339429004239,-1.1079736505666387,-1.5916666666666666,0.0
1981-03,-0.21422973922686406,0.7041098951436406,1.7215322571574916,-0.3277566943057285,-1.2618655195994843,-0.1714811807449229,-1.5833333333333333,0.0
1981-04,-0.12289662479642748,0.5474582338881856,2.168582831317003,-0.7619436424950894,-1.1708411629215927,0.346624806783437,-1.575,0.0
1981-05,0.23228770909971466,0.11829590383786197,1.6326191609414185,-1.0662811065180253,-0.7019519711331392,0.5690416723817587,-1.5666666666666667,0.0
1981-06,0.2221395852741106,0.4234775115071513,0.8616430788164512,-1.0179516268807989,0.23682141871383797,-0.23037717289127746,-1.5583333333333333,0.0
1981-07,-0.31571097748290466,1.3471916561259343,1.617654919087695,-0.39903133916595435,0.9304895288816275,1.8503826191070094,-1.55,0.0
1981-08,-0.5694140731230062,0.9818700036993692,2.19555649238039,-0.4861838572033527,0.9071324197736337,0.9331768125287652,-1.5416666666666667,0.0
1981-09,-0.44763658721575744,0.5397015042778219,2.1112377986706776,-0.32164952483582093,1.1849831767640233,2.11224054412043,-1.5333333333333332,0.0
1981-10,-0.18378536775005183,0.3690471052805811,2.1299285617393937,-0.255603966567858,1.2924569157990176,2.596454669411232,-1.525,0.0
1981-11,0.10036209936686187,0.5977182871245685,1.7243148456277506,-0.07863419347323974,1.6818913588020332,2.5108578135565,-1.5166666666666666,0.0
1981-12,0.01917710876202938,0.023168057433839286,1.6830144328344527,0.017293160294296873,1.5068288228004676,1.6564103987509076,-1.5083333333333333,0.0
1982-01,-0.0924522533196153,0.1399093770975088,1.1003484596690474,-0.4370507627002417,1.3565237911828971,0.7948093105871701,-1.5,0.0
1982-02,-0.11274850097082341,0.6353466775748435,1.8401341791397294,-0.7259642413008767,1.2267328152154586,1.1983299320955099,-1.4916666666666667,0.0
1982-03,-0.376599720436529,0.9324827412333833,1.8278924514989825,-0.3492718751015002,1.3425272836153495,1.4099736742790532,-1.4833333333333334,0.0
1982-04,-0.5491178254717981,0.17871524164166472,0.8839015497710717,-0.3766382495997122,1.6910901691899949,1.3947187394036495,-1.475,0.0
1982-05,-0.2446741107036762,0.28134274110186147,0.5711645526804031,0.22763663639374593,1.6362913698291262,0.7081156050682528,-1.4666666666666666,0.0
1982-06,0.20184333762290252,0.009400179753905663,1.1841482140499013,1.1619676015320042,2.022960136421846,0.556086970280753,-1.4583333333333333,0.0
1982-07,0.7396939003799178,0.8583145684573646,0.9229919968018155,1.2311407718127765,1.0508037690431409,-1.713247293540365,-1.45,0.0
1982-08,1.5109513111258264,1.7565908293498527,1.0738422913631236,1.5608027160910087,0.4319344337508536,-1.0293007354780248,-1.4416666666666667,0.0
1982-09,1.9676168832780092,2.1323351904672663,0.9693990410079761,1.806388336829095,0.22748575633522347,0.5970982375384781,-1.4333333333333333,0.0
1982-10,2.0285056262316337,2.022976093828845,0.8404538018238759,1.3988038631193893,-0.5128015843936049,1.736144942031782,-1.425,0.0
1982-11,1.8356912735451563,2.435323712964395,0.8990872355625411,1.3158296660430124,-0.6054022369693179,2.4652834154203624,-1.4166666666666667,0.0
1982-12,1.9676168832780092,2.5317369421393656,1.512234183876033,1.3468125543537732,-0.8323381319575642,2.216702846152574,-1.4083333333333332,0.0
1983-01,2.3532455886509633,1.746301419613028,0.3597191442450475,1.010932203655711,-0.9776594723969934,2.1380774162646023,-1.4,0.0
1983-02,2.556208065163045,1.6626499783935698,-0.018106393346768227,0.7160635449098128,-1.1154866431981105,1.1483336441917562,-1.3916666666666666,0.0
1983-03,2.6982817987215015,1.3000958661553177,-0.06518479933244314,0.41146738578052383,-1.2986653847387228,0.7859730241741985,-1.3833333333333333,0.0
1983-04,2.8403555322799585,1.0501349370828852,-0.012053911925641134,0.2972930261417262,-1.2610265120496436,0.3369319814129025,-1.375,0.0
1983-05,2.8200592846287504,0.9853960784117727,0.40971179079672637,-0.5304937923904277,-1.1981742831208075,0.35785953452346897,-1.3666666666666667,0.0
1983-06,2.8505036561055626,0.6124129099134327,0.4697969125717238,-1.106349892141192,-0.6902205749983342,-0.1603322093342449,-1.3583333333333334,0.0
1983-07,2.7084299225471056,0.7313377933954043,0.18014824200035892,-1.204239944151246,-0.42701295500481745,-0.10874241775301531,-1.35,0.0
1983-08,1.6733212923354914,1.011449676354275,0.14713296400918355,-1.2538870840606369,-0.09986723920321401,-0.3852663029186959,-1.3416666666666666,0.0
1983-09,0.9629526245432071,1.7527822878063024,-0.21335092495137867,-1.2743953552590774,-0.1620735560021964,0.159493748028005,-1.3333333333333333,0.0
1983-10,0.10036209936686187,1.6272432371770322,-0.18147641876071097,-1.0380717920207945,0.2570964913894005,0.8570855439186543,-1.325,0.0
1983-11,-0.3461553489597168,1.1031498353691027,-0.6244475960468575,-0.9983458825186676,0.5683777867955782,1.219409422263266,-1.3166666666666667,0.0
1983-12,-0.376599720436529,1.628125549301288,-0.622351167545315,-0.4856152957731565,1.1026849280750852,2.6348637490100244,-1.3083333333333333,0.0
1984-01,-0.3563034727853209,2.4378119601061807,-0.16684769802478347,-0.9572959182247114,0.8510937501620418,0.609904284773315,-1.3,0.0
1984-02,-0.376599720436529,1.6801438792169432,0.3478810336336897,-1.1478347388000345,0.6823614458413542,-0.20647632742797226,-1.2916666666666667,0.0
1984-03,-0.31571097748290466,0.49299291603079953,0.007891700123635137,-1.2909051654988464,0.47553532866476955,0.08673898089831057,-1.2833333333333332,0.0
1984-04,-0.2954147298316965,0.49323094987727145,0.1913926730614461,-1.1601811334078127,0.8848703314484405,0.6158013558850546,-1.275,0.0
1984-05,0.009028984936425323,0.7504852360056024,0.2222225901720405,-1.0303334391999417,1.400745295810797,0.05836176766212562,-1.2666666666666666,0.0
1984-06,0.009028984936425323,0.7896529119963955,-0.3536278306871922,-0.5921743634543694,1.8380193537916956,-0.5141981615077211,-1.2583333333333333,0.0
1984-07,-0.7216359305070672,0.9154458653952358,-0.5880609093065127,-0.2647699933423672,1.931863721755361,-0.9248826071074331,-1.25,0.0
1984-08,-0.691191559030255,0.10064648756812687,-0.7217996268601984,0.26609851512851307,1.9600308858347457,-1.6120029178836015,-1.2416666666666667,0.0
1984-09,-0.16348912009884375,0.4445800054430385,-0.8636311137751361,0.6867801066149816,1.8983804359030794,-1.3044215605138962,-1.2333333333333334,0.0
1984-10,0.04962148023884156,-0.33757065000198716,-0.985854746566046,0.9941604572686354,1.6577426498175991,-1.5189134605747139,-1.225,0.0
1984-11,0.009028984936425323,0.5846200779993758,-0.9538437951208075,1.425725413476136,1.0523114264645672,-0.745778567763083,-1.2166666666666666,0.0
1984-12,0.059769604064445626,0.16500449208488435,-0.9769969890562181,1.718797009130963,0.6590487163381913,-0.9033440947418517,-1.2083333333333333,0.0
1985-01,-0.5288215778205899,-0.14915257848870472,-1.0063215347516328,1.6063868868245588,0.2568302228919757,-0.14039330002692824,-1.2,0.0
1985-02,-0.25482223452928027,-0.5382427039316421,-1.010748016927134,1.272374173434114,-0.0521061563571602,-0.2784934454206835,-1.1916666666666667,0.0
1985-03,-0.2446741107036762,-0.8583823585132244,-0.9967256307826529,1.5803590452158955,-0.4523988517529512,1.943537277127635,-1.1833333333333333,0.0
1985-04,-0.5085253301693818,0.5254099521356502,-0.9312386190111314,1.559301678972245,-0.610784882998111,1.3228439757465584,-1.175,0.0
1985-05,-0.44763658721575744,0.4870388960843829,-0.7991036924005129,1.3609092257328208,-0.7969894525662636,1.9718768849470958,-1.1666666666666667,0.0
1985-06,-0.6201546922510266,0.1072035265922723,-0.8728534708996358,1.142679158170357,-0.7118240017292221,0.007780010613241547,-1.1583333333333332,0.0
1985-07,-0.9854871499727728,2.186797334540033,-0.8148060807133891,0.7027483403537137,-0.9393221176219425,-0.22037503629548083,-1.15,0.0
1985-08,-0.17363724392444777,2.345470696598189,-0.9815600762582508,0.6153305490849913,-0.8978957468385069,-0.7985973274813858,-1.1416666666666666,0.0
1985-09,0.04962148023884156,2.2534055523521044,-1.044749886776592,0.4620316324465152,-1.0423788873032622,-0.27965963108172964,-1.1333333333333333,0.0
1985-10,-0.2954147298316965,1.634212868201729,-0.9628379978852059,0.08269793094185456,-1.156111914735824,-0.14266311361302828,-1.125,0.0
1985-11,-0.28526660600609244,0.9834727649322799,-0.9952403906345402,-0.2853111114424744,-1.0941885397922568,0.06263175914280175,-1.1166666666666667,0.0
1985-12,0.12065834701807,0.6974925542117223,-0.9990071743836688,-0.4779425814832441,-1.0446678339405715,0.38905769216194663,-1.1083333333333334,0.0
1986-01,0.18154708997169436,0.5941414318582511,-1.0308816805743368,-0.38779135966897554,-1.3189971723838843,-0.4519178295150647,-1.1,0.0
1986-02,-0.2954147298316965,1.3954680939750514,-0.8103029079966773,-0.3966315241806185,-1.5197694775171424,-0.6174574512721202,-1.0916666666666666,0.0
1986-03,-0.3563034727853209,2.3972446450981333,-0.9200926074779316,-0.6643437527492208,-1.4332802870007053,-0.661302531177617,-1.0833333333333333,0.0
1986-04,-0.26497035835488436,0.40449193191255406,-0.9331108268484359,-1.0476130641705401,-1.2686980859297838,0.49247309062702455,-1.075,0.0
1986-05,-0.30556285365730057,0.25853592482523563,-0.9612274965197827,-1.2723406298757882,-0.8588809890780142,-0.006564709290086759,-1.0666666666666667,0.0
1986-06,-0.23452598687807213,0.7889515055954583,-1.0552203824592947,-1.4527297549517522,-0.28744336921030494,-0.7607398310191529,-1.0583333333333333,0.0
1986-07,0.31347269970454716,0.5723248363829482,-0.9971282561240082,-1.4892803412365543,-0.07584962685103132,-0.7778731863645425,-1.05,0.0
1986-08,0.6889532812518974,-0.5783339512467461,-1.047926153358399,-1.5205893470278398,-0.06099705629357953,-1.4466164505363492,-1.0416666666666667,0.0
1986-09,0.8513232624615624,-0.4354755579481818,-1.0610450290642421,-1.5380461922329776,-0.04481167765041209,-0.8733830881382169,-1.0333333333333332,0.0
1986-10,1.3282850822649532,0.08192750588157811,-0.7923932700445827,-1.460209081974786,0.05585349081563762,-0.26796067946024626,-1.025,0.0
1986-11,1.47035881582341,-0.05086681638815508,-0.9358151270578756,-1.174269296896957,0.4627909041853179,0.5178842452514738,-1.0166666666666666,0.0
1986-12,0.6483607859494811,0.44672231006128543,-1.0419538774616213,-1.0993473047235602,0.6349363586384708,0.9945624107246619,-1.0083333333333333,0.0
1987-01,0.8107307671591462,0.5818430164572038,-1.0457788182045011,-1.1833176488474044,0.6648051489552916,0.42482653653240254,-1.0,0.0
1987-02,1.1557669772296844,-0.20766129795149318,-1.0539871026934515,-0.8854381293411745,0.801844953655833,0.8170009071364625,-0.9916666666666667,0.0
1987-03,1.0441376151480395,-0.48177155419465295,-0.9812916593640136,-1.1371743264985377,0.7357028393300553,1.2573668175146282,-0.9833333333333333,0.0
1987-04,1.2065075963577045,-0.2888276658137851,-0.726751918558875,-0.8505970033224548,1.2153536638391562,1.0907124105751693,-0.975,0.0
1987-05,1.5819881779050549,-0.10966752403594904,-0.6385903896466658,-0.0899249038469672,1.704443335487824,1.3187143359900506,-0.9666666666666667,0.0
1987-06,1.7139137876379078,-1.5283048160236874,-0.8330517190991629,0.6167142665353583,1.5126598561928535,-1.1775027968072194,-0.9583333333333334,0.0
1987-07,1.9473206356268011,-0.9146599073884165,-0.6960316050134271,1.0828725136305875,0.9187900059844324,-1.9064519926591927,-0.95,0.0
1987-08,1.8762837688475726,-0.5974845676415639,-0.587859596635835,1.4156857882981015,0.24379777594690874,-0.852511196639088,-0.9416666666666667,0.0
1987-09,1.8356912735451563,-0.5316888386921163,-0.6961031828518905,1.4409024867872018,-0.33509923773036165,0.5288530005757772,-0.9333333333333333,0.0
1987-10,1.5819881779050549,-0.14630569368490104,-0.47928496291688644,1.303505106164981,-0.5722934685102505,1.6526628438310205,-0.9249999999999999,0.0
1987-11,1.2673963393113288,-0.2551760274919003,-0.4467528353353376,1.168821174942962,-0.5173046940431935,1.1793863172573278,-0.9166666666666666,0.0
1987-12,1.135470729578476,-0.535881408174641,-0.6032264638309144,0.9273687863968646,-0.44595467695111346,1.337405137271226,-0.9083333333333333,0.0
1988-01,0.9731007483688111,0.23404382891558884,-0.3307162119565955,0.8813749977340326,-0.5408389080955922,1.2726579887434095,-0.9,0.0
1988-02,0.9426563768919989,0.18990283242584316,-0.374963348608352,0.38090732815198686,-0.6870311584897768,1.2499711277414178,-0.8916666666666666,0.0
1988-03,0.7193976527287096,-0.8223027749573265,-0.13772446500004693,0.08698612160577879,-0.752337269754081,0.5185724813014565,-0.8833333333333333,0.0
1988-04,0.46569455708860813,-1.2404076393928765,0.0644292452797975,-0.32441283567046386,-0.7632289046439529,1.1318044235654878,-0.875,0.0
1988-05,0.3439170711813594,-0.6995756975010441,-0.054179706668717825,-0.727079018147076,-0.7637938288262827,0.6184236427968541,-0.8666666666666667,0.0
1988-06,-0.06200788184280311,0.2979035492470652,0.4857453497043178,-1.009700825072192,-0.581140751449346,0.0560256381715562,-0.8583333333333333,0.0
1988-07,-0.5288215778205899,0.4850140214970621,0.7736850993823717,-1.1440528318785703,-0.31721529754010513,0.017846592615744315,-0.85,0.0
1988-08,-1.3000789885664987,-0.04906410672420804,0.7817376062094882,-1.2009917349846886,-0.43680088413406526,-0.1015735760068143,-0.8416666666666667,0.0
1988-09,-1.7263001892418692,-0.35481382184041027,0.7000091355291646,-1.3453795758866989,-0.6562764479109594,-0.4102705736239803,-0.8333333333333334,0.0
1988-10,-1.7770408083698896,-0.44497469531471967,1.0039867946378915,-1.2859839531210577,-0.49706494375559906,-0.47061370425261145,-0.825,0.0
1988-11,-1.7567445607186816,-0.3930515789376533,0.6722033820936416,-0.9582801916729431,-0.1529835529963164,1.0426213527404526,-0.8166666666666667,0.0
1988-12,-1.4827452174273719,0.8274050800468359,1.5196156484675563,-0.9412223987667846,-0.15436505369492665,1.406269850637584,-0.8083333333333333,0.0
1989-01,-1.6045227033346203,1.6513925643477594,2.233873004032751,-0.8135847748315604,-0.03621442109192482,1.431369416579236,-0.8,0.0
1989-02,-1.513189588904184,1.304342389976376,2.0074441811083688,-1.209430787896043,-0.6417599454344193,-0.3603993710794394,-0.7916666666666666,0.0
1989-03,-1.0971165120544173,1.0439619259977144,1.7175731079674925,-1.303466314994062,-0.7328189494510833,-0.0933320374006407,-0.7833333333333333,0.0
1989-04,-1.0869683882288133,0.8336828260244543,1.465950164079732,-1.398948736175438,-0.4269419152762867,-0.3189428218607165,-0.775,0.0
1989-05,-1.2087458741360622,0.6329949031717014,1.5382035183934828,-1.1385634889052654,0.3668892849738638,0.5814930234223036,-0.7666666666666666,0.0
1989-06,-1.036227769100793,0.6113782561274349,2.6366347906431242,-1.2295931996976548,0.7787505295966773,-0.11213427888647845,-0.7583333333333333,0.0
1989-07,-0.9245984070191484,0.7250695687716446,1.4011766938853905,-0.9273574037706004,1.2815369422655891,0.10354704231744184,-0.75,0.0
1989-08,-0.9854871499727728,1.3309355313042146,2.123352347830583,-0.3841582539790523,1.4876143469922114,0.4623915832008467,-0.7416666666666667,0.0
1989-09,-1.0565240167520014,1.6866596590410334,2.2457593988325555,-0.4120616155902186,1.5200281394209731,0.21454953271276614,-0.7333333333333333,0.0
1989-10,-0.6810434352046509,1.326860391852616,1.8076940802076331,-0.047548828688148755,1.5804662277550927,-0.02760963227322279,-0.725,0.0
1989-11,-0.5389697016461941,0.2640392673556655,2.278765729593923,0.6419024038526026,1.5850758625063128,0.5404034834891523,-0.7166666666666667,0.0
1989-12,-0.5288215778205899,0.9641825020141986,1.7866904582335716,1.1938867253063459,1.3072975791798107,0.17943457174752878,-0.7083333333333334,0.0
1990-01,-0.28526660600609244,0.6333059340644246,1.7256256147946087,1.2639279590538315,0.8839927820686554,-0.9968353801862997,-0.7,0.0
1990-02,-0.07215600566840719,0.036253571420553514,1.1156194636876136,1.2980801117072147,0.6954423550101422,0.09275070741932337,-0.6916666666666667,0.0
1990-03,0.20184333762290252,-0.025019514445928388,1.3840651168777691,1.633769403898752,0.2940532707091652,-0.05864094393357203,-0.6833333333333333,0.0
1990-04,0.47584268091421217,0.300690132143096,1.3762922109821507,1.5021945605575653,-0.0743318261443909,0.45515915529974166,-0.675,0.0
1990-05,0.5468795476934405,0.20814257263482852,1.5296812820014511,1.1790764405683662,-0.6042963261357353,0.531514855406829,-0.6666666666666666,0.0
1990-06,0.19169521379729842,0.03208639221498578,1.1625831534053943,1.183123995443552,-0.930849499990429,0.43055061399302996,-0.6583333333333333,0.0
1990-07,0.14095459466927815,0.8973775095557102,1.3821190943945498,0.7663906658878077,-0.8289748377585515,-0.3685347403191308,-0.65,0.0
1990-08,0.2221395852741106,0.5871781484027936,2.238972925023257,0.659310033643306,-1.0589397356246013,-1.0346687172826816,-0.6416666666666666,0.0
1990-09,0.3439170711813594,0.5621369877539517,1.2234645786332952,0.4321943889839882,-1.1651188410283781,-0.8968505685819259,-0.6333333333333333,0.0
1990-10,0.18154708997169436,0.8348698214721941,1.256365779444421,0.4751494186303547,-1.223148846368386,-0.5459028996451519,-0.625,0.0
1990-11,0.3337689473557553,1.0869635338090147,1.2503688986656711,0.22482557417418322,-1.312262584092383,-1.04061608424594,-0.6166666666666667,0.0
1990-12,0.009028984936425323,1.1575897629495318,1.6243653414436248,-0.11007679385363167,-1.236770085229466,-0.8044830308394557,-0.6083333333333333,0.0
1991-01,0.14095459466927815,0.49195191467556254,2.114561694544315,-0.12095441029580536,-1.1776585536083324,-1.080824909982336,-0.6,0.0
1991-02,0.3337689473557553,0.17578583843775078,2.4285423565782813,-0.08189899047280384,-1.3947960438454154,-1.051970968393311,-0.5916666666666667,0.0
1991-03,0.20184333762290252,0.18942359094827976,2.229377021054278,-0.18540748775368265,-1.1648657615130835,-0.6989031684199963,-0.5833333333333334,0.0
1991-04,0.11051022319246592,0.31477538828499213,1.656152612143665,-0.6730863449990884,-1.0524140913684632,-0.34363446665625685,-0.575,0.0
1991-05,0.28302832822773494,-0.09805781989736048,1.5404179577709394,-1.1049443043639646,-0.5315357596071607,0.16467312264162465,-0.5666666666666667,0.0
1991-06,0.5671757953446487,-1.0636183147259002,1.9319218924755148,-1.2090028202544845,0.1021944561254757,-0.6140135758583094,-0.5583333333333333,0.0
1991-07,0.8208788909847502,0.2758901791253456,2.047725887879251,-1.268572556492359,0.39325370906656487,-1.6340571998061353,-0.55,0.0
1991-08,1.1557669772296844,1.1382741097544935,1.9774006615891047,-1.0553499769157264,0.4989466665403122,-1.6287777748135104,-0.5416666666666666,0.0
1991-09,0.9325082530663948,0.9317305542785321,1.2912107659313135,-1.000202977011861,0.4371923328953004,-1.1425548944656556,-0.5333333333333333,0.0
1991-10,0.4859908047398162,2.027048059495824,1.6540925124803945,-0.36980989424582467,0.9523831939019041,1.367170522722833,-0.525,0.0
1991-11,0.7295457765543136,1.3349598902018993,0.996025996916306,-0.29356624678992593,1.0718796472381669,1.876789107555979,-0.5166666666666666,0.0
1991-12,1.2572482154857247,1.2439071832494752,2.007329145296552,0.2472009362178487,1.2697906488066446,2.4293970402922063,-0.5083333333333333,0.0
1992-01,1.2268038440089126,1.002255222311221,1.87614038823812,-0.12546137593546722,1.1749372355426067,2.7759134863286423,-0.5,0.0
1992-02,1.3181369584393492,1.3710299524039382,2.2051685939205745,-0.0949179003493604,1.2399915147906602,1.9601933321618288,-0.49166666666666664,0.0
1992-03,1.7240619114635116,1.0438794075976041,1.023245706799411,-0.013075113034541407,1.2558075310445447,2.7800249407864546,-0.48333333333333334,0.0
1992-04,1.602284425556263,0.13804001795654963,0.8158779983490085,0.20620544526564466,1.3380625909078738,2.139536567598112,-0.475,0.0
1992-05,1.784950654417136,0.33010159421316165,0.1601511833796878,0.47220401345663005,1.2996682610910746,0.380699548006706,-0.4666666666666667,0.0
1992-06,2.099542493010862,-0.06200045283379988,-0.0004739597467577351,0.7168657508706074,1.3381492860172368,-1.5554528696188001,-0.4583333333333333,0.0
1992-07,1.8052469020683442,1.102207221337074,0.3336827055040389,0.9540740720547459,1.0033020171236116,-1.8474924396010297,-0.45,0.0
1992-08,1.7545062829403237,1.7811559223057507,0.09720742168106386,1.4323166781009147,0.820299788598803,-1.98983366925916,-0.44166666666666665,0.0
1992-09,0.9020638815895826,2.039717807697367,-0.05074620722993378,1.600942626095142,0.3701673190495153,-1.1477717403235534,-0.43333333333333335,0.0
1992-10,0.20184333762290252,1.525872556426207,0.26060620604796036,1.5481275350157018,0.15035611465798213,-0.37234929640561,-0.425,0.0
1992-11,0.6382126621238772,2.1162314073072888,0.448808099805621,1.665490518872594,-0.1947401525584596,0.9288616422464939,-0.4166666666666667,0.0
1992-12,1.0339894913224355,1.8261062338735008,0.29422542205117,1.5703350778879859,-0.680424563231397,1.6279565290316516,-0.4083333333333333,0.0
1993-01,0.9223601292407908,2.1138891542580054,-0.06860711473396731,1.3379371466828396,-0.8037135159674667,1.6848966943646944,-0.4,0.0
1993-02,0.8513232624615624,2.7019692277821963,0.3886530474961705,1.405275568804534,-0.9265182972593234,1.5767484095109456,-0.39166666666666666,0.0
1993-03,0.9933969960200193,2.4677217063615275,0.3027476584432012,1.1597564152725952,-1.0170255473781984,1.058440407331126,-0.3833333333333333,0.0
1993-04,1.0847301104504559,2.1100647437913573,-0.07875998375849,0.611864577359527,-1.1538267082873856,0.25236037743878587,-0.375,0.0
1993-05,0.9325082530663948,1.2536221379701475,-0.11631821768463033,-0.26929504445080693,-1.2762030523663412,0.1929340123923523,-0.36666666666666664,0.0
1993-06,1.135470729578476,0.4201989919950786,-0.15995833107269533,-0.8126933896238159,-1.017406740436617,-0.3566666405902066,-0.35833333333333334,0.0
1993-07,1.490655063474618,0.44790930550902525,-0.37929966981352864,-1.044673811105018,-0.74681619283956,-0.6037503006653924,-0.35,0.0
1993-08,1.1963594725321005,0.2592405050107924,-0.509079238177216,-1.1199423206106291,-0.7658714230556627,-0.7016998674430107,-0.3416666666666667,0.0
1993-09,0.8107307671591462,0.8848696243697677,-0.6771730813858117,-1.2336282001826682,-0.689798493878812,-0.55016844103587,-0.3333333333333333,0.0
1993-10,0.6483607859494811,0.525521034597337,-0.4321777979782578,-1.2429994220688305,-0.4531214507743378,-0.042356246328470945,-0.325,0.0
1993-11,0.7092495289031056,0.3769276124911102,-0.5543701154648397,-1.2032849642671277,-0.02470819017595649,0.4055694536283578,-0.31666666666666665,0.0
1993-12,1.0136932436712274,-0.15514785763517652,-0.39399549477301565,-1.1589673985476865,0.16492978816496026,0.06875591242083762,-0.30833333333333335,0.0
1994-01,0.800582643333542,0.2780737429436477,-0.18979734248206434,-1.263358976938001,0.032982940189341434,-0.18485531071435138,-0.3,0.0
1994-02,0.3439170711813594,0.4255468190791469,-0.48437529758974224,-1.3853720939676766,0.12803571405007014,-0.951679993381111,-0.2916666666666667,0.0
1994-03,0.13080647084367408,0.6299322010137631,-0.6439587275314099,-1.4794878745062194,0.12741891240194478,-0.7109037323475486,-0.2833333333333333,0.0
1994-04,-0.021415386540386862,0.23580527937948076,-0.8483760869526551,-1.5160905072790747,0.39846868284301934,-0.7899795486731703,-0.275,0.0
1994-05,0.04962148023884156,-0.22516789391334516,-0.8068877823333915,-1.2259383943627082,1.130102533727736,-0.9854121883442608,-0.26666666666666666,0.0
1994-06,0.26273208057652686,-0.46645169583572266,-0.8468505842704069,-0.6220144514332246,1.8441295195980136,-0.333913052306911,-0.2583333333333333,0.0
1994-07,0.24243583292531873,-0.13728897158054615,-0.7760198394961135,-0.07984822528394475,2.000186454412172,-0.8426950623053069,-0.25,0.0
1994-08,0.47584268091421217,0.41769804971481406,-0.8831181802967569,0.6125783776622504,1.9153728107574703,-1.5157225704290718,-0.24166666666666667,0.0
1994-09,1.0136932436712274,0.006654856057929965,-0.8433835327198432,1.071613874365318,1.6595758432305447,-1.6434160118243044,-0.23333333333333334,0.0
1994-10,0.9426563768919989,0.5611055077525735,-0.6934816445181736,1.3478455917767653,0.9115557516296953,-1.0788267789217512,-0.225,0.0
1994-11,1.115174481927268,-0.04902602130877253,-0.8594013108834482,1.5951628962070368,0.21950083875014878,0.1967100347873036,-0.21666666666666667,0.0
1994-12,1.612432549381867,-0.24568006390998207,-0.8108469315233905,1.5334189019033717,-0.41025068793458525,0.8808068562894346,-0.20833333333333334,0.0
1995-01,1.0136932436712274,0.07737312495241612,-0.8412451447957534,1.4967257802442435,-0.6749366381166455,1.6046066043789085,-0.2,0.0
1995-02,0.8817676339383747,0.46455263205433917,-0.7689211712753047,0.9933279052210728,-0.529613741401285,0.7937104692773597,-0.19166666666666665,0.0
1995-03,0.8310270148103542,0.6853940872417115,-0.7544793837335779,0.9112168212405651,-0.5018385612120069,1.1430193624383944,-0.18333333333333332,0.0
1995-04,0.607768290647065,-0.17666611735623458,-0.8788167995666059,0.9284359897898551,-0.7743648669287949,0.6610538788485261,-0.175,0.0
1995-05,0.28302832822773494,-0.4164741094304864,-0.9011021122106494,0.4991722678570504,-1.420757484444637,-0.5190151657008669,-0.16666666666666666,0.0
1995-06,0.4149539379605878,-0.6384708222194023,-0.881105053589978,0.0911446823300695,-1.5015078408746727,-1.2320566691830541,-0.15833333333333333,0.0
1995-07,0.46569455708860813,-0.01065496525750525,-0.9179452723240339,-0.2713925992120007,-1.3732280301230317,-1.3486841162584324,-0.15,0.0
1995-08,-0.011267262714782804,0.10162718701559102,-0.9320371592714869,-0.49105983264820646,-1.240663813560872,-1.692583200686556,-0.14166666666666666,0.0
1995-09,-0.20408161540125996,-0.4822603170260752,-0.9923280673320666,-0.5454153866672564,-1.0328347156902267,-1.5738154593062514,-0.13333333333333333,0.0
1995-10,-0.5288215778205899,0.37248114023901546,-0.894525898301838,-0.6992672093258401,-0.7638180285620179,-0.466163823365727,-0.125,0.0
1995-11,-0.7216359305070672,0.21272869141018677,-0.9950323675415063,-0.7836789052903965,-0.41575049881648773,-0.42845167217003133,-0.11666666666666667,0.0
1995-12,-0.5085253301693818,0.6091883447398936,-1.043698587274163,-0.7822603117538971,-0.13265979027740213,0.4903209500395007,-0.10833333333333334,0.0
1996-01,-0.5592659492974021,1.2664251851257151,-1.0052478671746836,-1.0552899453986588,-0.17972908209474509,-0.37971026383197665,-0.1,0.0
1996-02,-0.7926727972862956,0.9559750949878482,-1.0537642208080582,-1.1977776594607097,-0.1974363264570318,-0.19613081541153488,-0.09166666666666666,0.0
1996-03,-0.7216359305070672,0.1768776203469018,-1.0500063842887373,-1.279561511540477,-0.01904736783796169,0.10038032859003021,-0.08333333333333333,0.0
1996-04,-0.6505990637278387,-0.5454091096027556,-1.0524467412188439,-1.4295968712156426,0.24768701439724045,-0.2361327967493653,-0.075,0.0
1996-05,-0.5694140731230062,-0.6662096997949255,-1.0146424584729858,-1.4365852788904148,0.7003295657874544,-1.3294477865008032,-0.06666666666666667,0.0
1996-06,-0.7216359305070672,-1.1665409761557222,-1.012436966325337,-0.9328360923725976,1.4915740874207972,0.19398452258495108,-0.058333333333333334,0.0
1996-07,-0.8738577878911281,-1.5572878171701037,-0.9759904257028287,-0.867126563739047,1.640562865592205,-1.0431466209019,-0.05,0.0
1996-08,-0.6404509399022346,-1.4195328695398965,-0.9616972260846979,-0.5360615125751709,1.8372813463056175,-0.6921195114350293,-0.041666666666666664,0.0
1996-09,-0.5288215778205899,-1.3681334276250683,-1.0474541869860317,0.09745205528050119,1.938497569783467,-0.7630291520419121,-0.03333333333333333,0.0
1996-10,-0.43748846339015335,-0.47329754926025397,-1.0762441357004238,0.6499602267660026,1.8975181147838718,-0.7876184187231411,-0.025,0.0
1996-11,-0.11274850097082341,0.10199851981608715,-0.90509705031988,1.2231691440120283,1.6976793084422004,-0.44225707788614715,-0.016666666666666666,0.0
1996-12,-0.22437786305246807,-0.5171275148572764,-0.9386133731802986,1.4444203155821533,1.0751756069560012,-1.5154028260570644,-0.008333333333333333,0.0
1997-01,-0.11274850097082341,-0.11336815690243189,-1.015783230273494,1.444341562757073,0.7302249730409716,-0.6402472797671074,0.0,0.0
1997-02,-0.39689596808773714,0.5872067124643702,-1.0084449041114019,1.4729646676075165,0.37374017238310075,-0.8898250127847394,0.0,0.008333333333333333
1997-03,-0.7723765496350874,0.2793432567914977,-0.9922967520277389,1.5709319034178297,0.1416773238874407,1.0256698777154243,0.0,0.016666666666666666
1997-04,-0.8332652925887118,0.33855020887060366,-0.9450374841823757,1.558779728005943,-0.457313373485269,2.167199081152171,0.0,0.025
1997-05,-0.3461553489597168,-0.4730468202753036,-0.9191531483481014,1.4634382628490954,-0.610702494976161,1.681207818675533,0.0,0.03333333333333333
1997-06,0.46569455708860813,-0.4649790597722166,-0.9664638627648601,1.318757622553796,-0.8759807588247339,1.6031016044047872,0.0,0.041666666666666664
1997-07,1.2369519678345167,-0.281454964142396,-0.9782719693038452,0.7952118815323284,-1.0152110404279104,0.6868418920687193,0.0,0.05
1997-08,2.454726826907004,-0.33286392741108317,-0.821046773504404,0.6615391219618708,-1.0831716143365107,0.28891670601878094,0.0,0.058333333333333334
1997-09,2.17057935979009,-0.42573521295055244,-0.4838502869263709,0.49780194581081627,-1.1448000532814022,0.1510645468335191,0.0,0.06666666666666667
1997-10,2.3735418363021714,-0.008150849192621058,-0.7511912767791722,0.07138701167830253,-1.1906578250816418,0.266832821311548,0.0,0.075
1997-11,2.261912474220527,-0.23280719349278273,-0.4805219174378296,-0.34099773106117703,-0.9738158306244606,0.7089443462953572,0.0,0.08333333333333333
1997-12,2.0285056262316337,-0.5425717461528107,-0.5154541394153497,-0.5209280799334747,-0.6091928248863957,0.6024411734593421,0.0,0.09166666666666666
1998-01,2.0488018738828417,-1.2345996135389625,-0.6255721702761615,-0.6132069102865286,-0.5397276612639501,1.4367322114630563,0.0,0.1
1998-02,2.099542493010862,-0.9735939139902346,-0.6102292688752102,-0.8492751348665092,-0.612887176515051,1.8057567293869243,0.0,0.10833333333333334
1998-03,2.3430974648253597,-0.6185045431773408,-0.2583778589596694,-1.0276365643628669,-0.39362915866178966,1.233725317943865,0.0,0.11666666666666667
1998-04,2.535911817511837,-1.480183893620932,-0.23859106023948368,-1.3268960482191472,0.02906821892553103,0.682591243305335,0.0,0.125
1998-05,2.3633937124765674,-2.2023246294780865,-0.23764265387984554,-1.255317831705388,0.7088034062795222,-0.8664528008220571,0.0,0.13333333333333333
1998-06,2.3532455886509633,-1.9859359941120482,-0.17965118387989817,-0.8339161429246477,1.4858286964782195,-0.862482491694209,0.0,0.14166666666666666
1998-07,1.8153950258939482,-0.7360043973651008,-0.05706518828176808,-0.4336349028078675,1.746813767387034,-0.5307347990150717,0.0,0.15
1998-08,-0.18378536775005183,-0.37525616857541544,0.3938080898131719,0.23425076001834935,1.8766336518447277,-0.19243397791510847,0.0,0.15833333333333333
1998-09,-1.4827452174273719,0.06470972432011203,0.4027441355838189,0.6817626602485479,1.7832708834022757,-1.4732679531268196,0.0,0.16666666666666666
1998-10,-1.7465964368930773,-0.2036401128384282,-0.08115560453955663,0.9735496785420309,1.704476375568683,-1.3425805980028434,0.0,0.175
1998-11,-1.3406714838689149,-0.2574008505102575,0.3463698773716509,1.5142237107637133,1.3211469752683442,-1.3997382630354192,0.0,0.18333333333333332
1998-12,-1.1377090073568337,-0.1610923562277343,0.5201653427753351,1.662573509750979,0.6754836695793788,-1.4264615160762524,0.0,0.19166666666666665
1999-01,-1.2188939979616662,-0.038771523202763884,0.36676508771877414,1.4335712410011636,0.2519097718783033,-1.2212187514322348,0.0,0.2
1999-02,-1.1478571311824377,-0.49348599322568915,0.37736036530290534,1.5774321213515479,-0.20466187472716407,-0.40038689237458575,0.0,0.20833333333333334
1999-03,-1.1174127597056254,-0.19596590162817473,0.09324827249106518,1.0820204682730699,-0.45096534347587874,0.042945539745090286,0.0,0.21666666666666667
1999-04,-1.0565240167520014,-0.18880901731092017,-0.05095423032296743,1.2894967105404138,-0.6910356819073157,0.47011967910197106,0.0,0.225
1999-05,-0.9854871499727728,1.2957287385187135,0.6547764152352918,0.937213913443565,-0.80554033769911,0.2059258118549609,0.0,0.23333333333333334
1999-06,-1.1478571311824377,1.8115893430233356,1.1380364284274025,0.5317931940461846,-1.2621943156229338,-0.8055259235523942,0.0,0.24166666666666667
1999-07,-1.371115855345727,2.1263335637515555,1.0506913342351647,0.27667740168325533,-1.0870122630364571,-1.360135789508848,0.0,0.25
1999-08,-1.2087458741360622,1.9976842041950527,1.1345045094607311,0.2444131134219893,-1.1695473797556422,-1.0521548826660139,0.0,0.2583333333333333
1999-09,-1.1580052550080417,2.0742009775895935,0.3481727441779437,0.18147881275082475,-1.1478315298026853,-0.9729723061519822,0.0,0.26666666666666666
1999-10,-1.0666721405776054,1.4690713330887768,0.8999081438974165,-0.23547473706112657,-1.1989915429873848,-0.35127175788017084,0.0,0.275
1999-11,-1.1072646358800213,0.9600248441624898,1.391893942959688,-0.47376096050993904,-1.0085062944186074,-0.12457621037184917,0.0,0.2833333333333333
1999-12,-1.2797827409152907,0.814376694183275,0.9162815744458856,-0.6271583457321602,-0.9880114839374228,-0.007016613131555587,0.0,0.2916666666666667
2000-01,-1.3102271123921028,1.55920046871689,0.6783971019281659,-0.8501340367443558,-1.0749229356155687,-0.030394632727831005,0.0,0.3
2000-02,-1.350819607694519,2.035163426768205,1.0122637535231196,-0.8674463736229046,-1.1417496261763471,-0.6555886436775678,0.0,0.30833333333333335
2000-03,-1.1681533788336458,1.64630816138712,1.7819931625844208,-0.9461096393718733,-1.227336576702607,-0.5464182088227776,0.0,0.31666666666666665
2000-04,-1.1884496264848539,1.221551044388836,1.3528549425003384,-1.1604533952925895,-1.0590504465995358,-0.2508605460512736,0.0,0.325
2000-05,-1.3305233600433106,1.3055706446241708,1.420167189152673,-1.4293359607599456,-0.777915753558355,-0.2217482505607525,0.0,0.3333333333333333
2000-06,-0.9753390261471687,1.06846354326122,1.353340329717418,-1.6173767849836616,-0.32149992167360203,-0.2554544212889106,0.0,0.3416666666666667
2000-07,-1.1174127597056254,0.6514123753193857,1.8913059427625218,-1.44309029305006,0.1761004810830506,0.35206423616963123,0.0,0.35
2000-08,-1.0666721405776054,0.17426559560495036,0.9716425588823084,-1.5025807050229794,0.1842304704921343,0.20901396579992926,0.0,0.35833333333333334
2000-09,-0.4882290825181737,-0.0439987464712864,1.3185311321497561,-1.5875033120054125,0.07623822645272897,0.03685021297219884,0.0,0.36666666666666664
2000-10,-0.10260037714521937,-0.9952613415884152,0.9598322155358716,-1.4781467967875876,0.33047484974425106,-0.21963596618165204,0.0,0.375
2000-11,-0.2751184821804884,-2.0011130321630954,1.1318650766673986,-1.0778856029910737,0.7181611203792129,1.2923745312577841,0.0,0.3833333333333333
2000-12,-0.43748846339015335,-2.0159663441829405,0.9925790766328101,-0.875943808320193,0.8673041000283684,1.4332123542820674,0.0,0.39166666666666666
2001-01,-0.711487806681463,-0.34234719585452295,0.8497141846750598,-0.8446884791679605,0.8330303026182873,1.050010895380359,0.0,0.4
2001-02,-0.691191559030255,-1.7004667627152503,0.47111934509172476,-1.0325278405163236,0.6368784611659425,0.6868416913787515,0.0,0.4083333333333333
2001-03,-0.7520803019838794,-1.1914012310812454,1.1579238834829269,-0.9412587927169198,0.7014187155151174,1.2579903023273276,0.0,0.4166666666666667
2001-04,-0.7622284258094834,-0.36321482972855784,1.2243660120364421,-0.792408339343406,1.0203500330450768,1.8957915614508047,0.0,0.425
2001-05,-0.691191559030255,-0.45647649077624103,0.6392753395930932,-0.3151254770476668,1.4674363057670938,1.6976600289328705,0.0,0.43333333333333335
2001-06,-0.6810434352046509,-0.20964173955413923,1.2223551221371152,-0.1349886878888932,1.4914207533745203,0.018503737779458754,0.0,0.44166666666666665
2001-07,-0.7216359305070672,-0.5020076049293825,0.31475931446031624,0.38376571953311894,1.48401455040594,-1.383708210066218,0.0,0.45
2001-08,-0.5085253301693818,-0.7524731657563354,0.9699649532933257,0.5638593678897473,1.5605821722856124,-1.8840578070029874,0.0,0.4583333333333333
2001-09,0.04962148023884156,-0.24036714845672968,2.4080867524299547,0.7777313280336348,1.5124359808915602,-1.6367907274001123,0.0,0.4666666666666667
2001-10,0.3033245758789431,-0.943928549150599,1.7915219623298424,1.0946789459239066,1.1508497991319155,-1.1449565847315617,0.0,0.475
2001-11,-0.021415386540386862,-0.6158322165276165,1.8231258148188205,1.4024744304167227,0.7802540954947735,-1.3620385637766308,0.0,0.48333333333333334
2001-12,-0.21422973922686406,-0.8917197921577663,2.2418584066363074,1.6641980144859843,0.22525932887378622,-0.5958310705536448,0.0,0.49166666666666664
2002-01,-0.2954147298316965,-0.5275216594865485,2.0718163041370397,1.654608026080895,0.009620022461337354,0.06113876372952126,0.0,0.5
2002-02,-0.0011191388891787482,-0.6440788996422798,1.6563309176519796,1.544257783880772,-0.35881333130043125,0.4852030214626625,0.0,0.5083333333333333
2002-03,-0.0011191388891787482,-0.16991230368567242,1.205836299104267,1.6673577288197339,-0.6265316593740601,2.071030510825782,0.0,0.5166666666666666
2002-04,-0.3461553489597168,0.3628010971491589,1.468793146351194,1.1794468366778912,-0.8365922289658697,1.886666265249244,0.0,0.525
2002-05,-0.1939334915756559,-0.4401664116159877,1.2883744940822066,0.7961013938645665,-1.0973696206302623,0.42844755380175986,0.0,0.5333333333333333
2002-06,-0.2954147298316965,-0.28932277621444663,0.6848927907687057,0.21810677974270096,-1.1109121159970632,-1.0418849424211083,0.0,0.5416666666666666
2002-07,0.009028984936425323,-1.5230998092475023,1.2211360620757878,0.30021662668953103,-1.1069759228506064,-1.7265874228032847,0.0,0.55
2002-08,0.49613892856542025,-0.810134484725684,1.4076858035706432,0.20357594411399313,-1.095510750041493,-1.340096657716185,0.0,0.5583333333333333
2002-09,0.46569455708860813,-0.8832108755925515,1.1923997967402435,0.23348343714594014,-1.0250785380295513,-0.9880882745286699,0.0,0.5666666666666667
2002-10,0.8919157577639787,-1.3236940953810779,0.9453377032470629,-0.1591906470588863,-1.02292167637074,-0.13599024875809734,0.0,0.575
2002-11,0.8208788909847502,-0.6430823312717175,0.928626514773345,-0.4898815744268324,-0.6520898393840386,-0.3261616371829279,0.0,0.5833333333333334
2002-12,0.800582643333542,-1.0511866003708288,0.6619565671561369,-0.5554321582098755,-0.5731335583493377,0.5993149094039341,0.0,0.5916666666666667
2003-01,0.800582643333542,-0.836359467037646,0.3939422982602909,-0.6772459628846037,-0.495974599486021,0.7316197162269613,0.0,0.6
2003-02,0.8716195101127705,-0.2906367230469714,0.02052646678808628,-0.8770374489520129,-0.5741110292601103,0.654622588969651,0.0,0.6083333333333333
2003-03,0.7802863956823339,-0.1665956987581642,0.21571348048678834,-1.142167106530815,-0.5059276773209663,0.40833204806626044,0.0,0.6166666666666667
2003-04,0.6382126621238772,-0.6112238812599209,0.13931755877197732,-1.2541982656930313,-0.23074324949510888,0.17536810827164234,0.0,0.625
2003-05,0.6483607859494811,-0.8417834649525853,-0.03559183674279194,-1.223932504741927,0.34383105077415577,-0.681523594118265,0.0,0.6333333333333333
2003-06,0.02932523258763344,-0.24624499757227533,0.27002540222823446,-0.8303209451133353,1.0022391195687481,0.6860046226423562,0.0,0.6416666666666666
2003-07,-0.44763658721575744,-0.29814272367238476,0.2373881446964428,-0.3134529880347827,1.512505797104062,1.4940119552651783,0.0,0.65
2003-08,-0.1533409962732397,-0.5997284333676388,0.09794556814021609,0.13947491560754235,1.6035699012684268,0.4760392624208084,0.0,0.6583333333333333
2003-09,-0.0011191388891787482,-0.2842764586692427,-0.1465755120875189,0.38372774427561834,1.4978153989487821,0.0736189839117561,0.0,0.6666666666666666
2003-10,0.02932523258763344,-1.2826729291724237,0.6161243824651343,0.5777708344287096,1.5194050288789034,-0.06228546306298796,0.0,0.675
2003-11,0.21199146144850659,-1.330330479020714,0.35864323986064706,0.9359730166054804,1.4849507612395803,0.1625457199083321,0.0,0.6833333333333333
2003-12,0.37436144265817156,-1.2935875744793144,-0.18785131999884433,1.4602864005249818,1.244023198796631,-0.3557005883526071,0.0,0.6916666666666667
2004-01,0.4352501856117959,-1.7974893585371892,-0.20845231663154976,1.6010958835776439,0.7772861124796497,-0.22560999440956492,0.0,0.7
2004-02,0.2525839567509228,-1.5006230665713174,-0.33386085470890886,1.3166842577322142,0.2676387033138357,-0.6853423798991258,0.0,0.7083333333333334
2004-03,0.19169521379729842,-1.1368756113160865,-0.1970445986264687,1.4783700219903348,0.018747839012956076,0.10740166175676057,0.0,0.7166666666666667
2004-04,-0.08230412949401122,-0.815069719809201,-0.3849699767042897,1.2835672873120494,-0.623452318646025,1.8673396901721566,0.0,0.725
2004-05,-0.43748846339015335,-0.7895588390366545,-0.3823864640972569,1.1332107363162591,-0.7230185798231397,1.1823248395430508,0.0,0.7333333333333333
2004-06,-0.22437786305246807,0.06608079927579007,-0.41527200725621805,0.8616118304656181,-0.7369901662877207,0.6631369792637166,0.0,0.7416666666666667
2004-07,-0.31571097748290466,0.9320257162481572,0.03996751898498057,0.760396661482307,-0.7169912743755714,0.7932415703044811,0.0,0.75
2004-08,0.01917710876202938,0.050050013162063756,-0.1610096305751243,0.544317294518545,-0.7283961262356071,0.37524170233804205,0.0,0.7583333333333333
2004-09,0.4453983094374,0.4310692043172945,-0.3398983065469597,0.12647570882307516,-0.7235745545461703,0.497026160465578,0.0,0.7666666666666666
2004-10,0.7701382718567298,-0.2969398593015468,-0.3174966799154132,-0.17261809801434302,-0.8284422152163285,0.8101555908593885,0.0,0.775
2004-11,0.5874720429958568,-0.07726953063881617,-0.19365807214417582,-0.4455393036974356,-0.6539008677665739,1.0642533437730024,0.0,0.7833333333333333
2004-12,0.37436144265817156,0.16109756321812588,-0.5769912933509033,-0.6966815575275344,-0.5942350875204719,0.8613431892859867,0.0,0.7916666666666666
2005-01,0.5164351762166284,0.1214125603343338,-0.44673941449062576,-0.9080163799501934,-0.6147687254763627,0.6795166988565492,0.0,0.8
2005-02,0.5671757953446487,-0.5072538709056228,-0.532369196911119,-1.0650635240747306,-0.8909933958320381,0.8930980591632509,0.0,0.8083333333333333
2005-03,0.1713989661460903,-0.8839725839012615,-0.6542256737359827,-1.217768642153507,-1.0187534699165166,0.7154321105543623,0.0,0.8166666666666667
2005-04,0.6382126621238772,-1.195197077486317,-0.7038000372941421,-1.3801419400707886,-0.33880601322075254,0.5249758105405894,0.0,0.825
2005-05,0.8310270148103542,-1.2093013763359308,-0.38929819912386476,-1.4648478087185859,0.12449883750442921,-0.6026608065126665,0.0,0.8333333333333334
2005-06,0.20184333762290252,-1.3614843488469537,-0.4955689211672767,-1.4707998468321581,0.5666966567601914,-2.251342079784156,0.0,0.8416666666666667
2005-07,0.21199146144850659,-0.7084876847129513,-0.43345277822588424,-1.268517069900765,1.0403910065251132,-1.6701005536800768,0.0,0.85
2005-08,0.21199146144850659,-0.9316777405188462,-0.5755795237244826,-1.2136832044330954,1.2044348126996558,-1.8709396913367373,0.0,0.8583333333333333
2005-09,-0.011267262714782804,-1.591901112231735,-0.5907048157147491,-0.8815701514229554,1.556149733753106,-0.5211799721418471,0.0,0.8666666666666667
2005-10,0.03947335641323751,-1.0795411921625593,-0.9222399426318291,-0.21951635329980748,1.7988959938001852,0.5421738423523913,0.0,0.875
2005-11,-0.011267262714782804,-1.820489775675612,-0.7510212794128218,0.4907471152386699,1.7624467057275894,0.5404876077917262,0.0,0.8833333333333333
2005-12,-0.7419321781582753,-1.7074966956477198,-0.6769740055225859,0.9214636134478269,1.6622782441636654,-0.48417812162661406,0.0,0.8916666666666666
2006-01,-0.7419321781582753,-1.3520486871728083,-0.8258111733771142,1.0250207572764019,1.5134431462068987,-0.7559075182507462,0.0,0.9
2006-02,-0.6607471875534427,-2.059393239133271,-0.952055787106874,1.2385338561741146,0.8797404789885584,-0.5408707694105771,0.0,0.9083333333333333
2006-03,-0.6100065684254226,-0.8337887014957497,-0.9516315925508029,1.3750595977719002,0.4369369109437838,-1.250225736751643,0.0,0.9166666666666666
2006-04,-0.43748846339015335,-0.6494648121417835,-0.6411157452599475,1.0754673581984553,-0.02287075769182499,-1.2359307553892132,0.0,0.9249999999999999
2006-05,-0.5186734539949859,-0.7653523837427739,-0.7858841603593306,1.174905578772414,-0.4185818780468478,0.47304418048325114,0.0,0.9333333333333333
2006-06,-0.711487806681463,-0.5338819238642772,-0.8632150675890685,1.1506901141025565,-0.8298712196727602,0.35522648351209046,0.0,0.9416666666666667
2006-07,-0.23452598687807213,-0.27454563502547225,-0.8771459043999791,0.9230146681740213,-0.9109556103452722,-0.05219871192430821,0.0,0.95
2006-08,0.009028984936425323,0.4952145652645371,-0.8125245371123729,0.5928067207514411,-0.7583215410261069,-0.1368127225838083,0.0,0.9583333333333334
2006-09,0.2221395852741106,0.8849045360005836,-0.869871806566151,0.6227312957451615,-0.9786614719115646,0.4169140053928071,0.0,0.9666666666666667
2006-10,0.6483607859494811,0.18904273679392475,-0.9704207751474068,0.21381490630701852,-0.9960772977284361,0.570746934439203,0.0,0.975
2006-11,0.7092495289031056,1.0724307740357515,-0.74928775363754,-0.2913816747118479,-1.0016202306567779,0.460533315275589,0.0,0.9833333333333333
2006-12,0.6991014050775014,0.5273110491228056,-0.8025260078020371,-0.6193181138986616,-0.9038619107502179,0.6858046455618926,0.0,0.9916666666666667
2007-01,0.9122120054151867,-0.6586243545540216,-0.8248046100237246,-0.765184461286408,-0.8222790749821202,0.5322137215397488,0.0,1.0
2007-02,0.6382126621238772,-0.10757282618699648,-0.9289503649877592,-0.8947996066858129,-1.0012912279814263,0.07290052835870493,0.0,1.0083333333333333
2007-03,0.6889532812518974,0.47985979527479095,-1.0184002949923068,-1.0632771851795395,-0.9359050142824712,-0.41922686171572987,0.0,1.0166666666666666
2007-04,0.5367314238678366,0.1981705413599665,-0.9893464029985817,-1.272193397580261,-0.5822017059521426,0.5469461862853161,0.0,1.025
2007-05,-0.06200788184280311,0.22680125241360438,-0.9239846524443708,-1.424975949572999,0.0248035159815613,-0.5371368285244477,0.0,1.0333333333333332
2007-06,-0.4070440919133412,-1.0896719126684025,-0.9252752903441616,-1.194267609540111,0.9005613887605334,-0.8110935876917771,0.0,1.0416666666666667
2007-07,-0.5897103207742144,-1.7206393377575873,-0.9668642512987641,-0.8987868531554289,1.403504071246802,-0.060318691880725216,0.0,1.05
2007-08,-0.9245984070191484,-0.49306070608665936,-1.031418514362811,-0.6109416674224311,1.6803912762874806,-0.527022439518026,0.0,1.0583333333333333
2007-09,-0.5897103207742144,-0.4433084583894165,-1.0964089548799936,-0.27041889918676737,1.8131862873522187,0.09008095289055502,0.0,1.0666666666666667
2007-10,-0.8434134164143159,-0.6336657123052899,-1.1095949348093959,0.012367906951166617,1.8342002971577094,0.21573855470041028,0.0,1.075
2007-11,-1.0971165120544173,-0.8553831320476788,-1.0898908979649335,0.7119374705982903,1.6739933841630517,-0.04984851136499046,0.0,1.0833333333333333
2007-12,-1.1377090073568337,-0.37008289964542657,-0.9227767764203035,1.2200086411199218,1.5898919963385072,-0.8408714049193505,0.0,1.0916666666666666
2008-01,-1.1377090073568337,-0.7332463785306466,-1.0091399121411233,1.2606917858005717,1.1864068258154392,-0.6584697473772962,0.0,1.1
2008-02,-1.2188939979616662,-0.510307051709702,-1.0613422049114334,1.447150882546438,0.8377478299429157,-1.7949755337119597,0.0,1.1083333333333334
2008-03,-1.0666721405776054,0.2880013412338349,-1.004174199597735,1.5417673277360346,0.3048521457874133,-0.7502182369480975,0.0,1.1166666666666667
2008-04,-1.1884496264848539,-0.41757541269349635,-1.035458188621081,1.402983309703531,-0.13768183602645898,0.049027645875771145,0.0,1.125
2008-05,-1.523337712729788,-0.7408729829716056,-1.0514826772070418,1.175954996000608,-0.5200138668941856,0.5883578455148344,0.0,1.1333333333333333
2008-06,-1.2188939979616662,0.2480687831497121,-1.091069695492125,1.1840630233013127,-0.8444382744693312,0.48498794651120153,0.0,1.1416666666666666
2008-07,-0.9043021593679402,1.1361730643363017,-1.0949662140734686,0.8263164061655421,-1.0204054879852302,-0.10496874729917317,0.0,1.15
2008-08,-0.7520803019838794,1.4261363747544886,-1.091745211342622,0.5144176824863134,-1.0963481512071456,-1.0178821589391065,0.0,1.1583333333333332
2008-09,-0.884005911716732,1.0856337180533917,-1.0946060880737,0.3994705100849527,-1.1822343512096758,-1.3378341872068584,0.0,1.1666666666666667
2008-10,-0.9347465308447525,0.6372953813312933,-1.0948991098499092,-0.04014543036342624,-1.2234023410366328,-0.756577895950669,0.0,1.175
2008-11,-0.9550427784959605,0.05951741268240539,-1.1104851841752827,-0.30566515619514395,-1.064411504978383,-0.6140197001034727,0.0,1.1833333333333333
2008-12,-1.0971165120544173,-0.18790448869432702,-1.1116639817024745,-0.41173830786923643,-1.1474598532851181,-0.6155539478110472,0.0,1.1916666666666667
2009-01,-1.0768202644032092,0.5888792969589126,-1.0995964054990603,-0.41897057114493946,-1.341572845160687,-0.9931200213714783,0.0,1.2
2009-02,-1.026079645275189,-0.3718221336169811,-1.085636330419313,-0.4440513637028102,-1.6766099978434295,-1.598276123334003,0.0,1.2083333333333333
2009-03,-0.9347465308447525,0.05442666215252675,-1.0796664511019478,-0.5254577087415159,-1.367426210389513,-0.46495134496914503,0.0,1.2166666666666666
2009-04,-0.8231171687631078,0.23089543457292075,-1.044195158528502,-0.8674940635756102,-1.278141159222925,-0.019744602390176946,0.0,1.225
2009-05,-0.8332652925887118,0.2788894055908913,-1.0056504925160397,-1.1278663879599709,-1.0792206195186638,0.3829333629987996,0.0,1.2333333333333334
2009-06,-0.6201546922510266,-0.17824031452756864,-1.033516639752765,-1.2986298057638666,-0.37592791304941103,-0.3947547635231336,0.0,1.2416666666666667
2009-07,-0.5694140731230062,-0.4203905596511038,-1.040544688766876,-1.3007365869130905,0.09427626647463357,0.44719141206617785,0.0,1.25
2009-08,0.32362082353015126,-0.237901117807281,-1.0698692344622904,-1.1362654244495567,0.25526001588125663,0.6624230353053202,0.0,1.2583333333333333
2009-09,0.6585089097750851,-0.7195007173430503,-1.0247796698453444,-1.361526057396177,-0.018969808263925553,0.21043789568111704,0.0,1.2666666666666666
2009-10,0.617916414472669,-0.888184196091504,-1.0114214557421395,-1.338994216405444,0.04555679859851566,1.0368120409594894,0.0,1.275
2009-11,0.4859908047398162,-1.13328923469591,-1.0076524351855587,-1.125896139296964,0.5078817368977928,1.7209074283419432,0.0,1.2833333333333332
2009-12,0.6889532812518974,-1.2717931954963488,-0.9590130571423257,-1.1981908241073431,0.43750006634842115,1.4832878558070905,0.0,1.2916666666666667
2010-01,1.2673963393113288,-0.8161964133491678,-0.8731196509864211,-1.2827847389045963,0.4781495024976685,0.40516585826373397,0.0,1.3
2010-02,1.1456188534040803,-1.8880977356428656,-0.7864545462595844,-1.3057732384808292,0.330164555989465,0.14807806667785112,0.0,1.3083333333333333
2010-03,1.115174481927268,-1.1818005326068795,-0.7886354335252618,-1.2308787656041373,0.6524252198448841,-0.37924668531210626,0.0,1.3166666666666667
2010-04,1.429766320520994,-1.315880237647561,-0.9152901818785373,-1.2069039949506544,1.0156392655509108,-1.2319870508636417,0.0,1.325
2010-05,1.3688775775673696,-2.076214297617284,-0.9372041844855531,-0.4957220623194169,1.7001270139697764,0.3582924006048967,0.0,1.3333333333333333
2010-06,0.49613892856542025,-1.6125180171208195,-0.9502380615082214,0.6071192244716718,1.7521860714354927,-0.9751770894061557,0.0,1.3416666666666666
2010-07,-0.4070440919133412,-0.7485186301202825,-0.7910511855733968,1.2971031674887838,1.1714585642456798,-2.0327351226794974,0.0,1.35
2010-08,-1.6552633224626407,-0.993458631924468,-0.8102429935113564,1.4099737615046988,0.07706354234619008,-0.6981062287092331,0.0,1.3583333333333334
2010-09,-2.4163726093829454,-0.5436635280619617,-0.8013628679270091,1.3796617388800665,-0.5427141233953342,0.8116676075861698,0.0,1.3666666666666667
2010-10,-2.4163726093829454,-0.15374821861792184,-0.8175573538793203,1.3211087222827191,-0.6383114297429741,1.362166403471277,0.0,1.375
2010-11,-2.3757801140805292,0.9825999741618829,-0.8270883904321932,1.263958614352172,-0.6619879784204318,1.719481988552741,0.0,1.3833333333333333
2010-12,-2.172817637568448,1.3383780562372354,-0.8080285541338997,0.6605786957596329,-0.6056128907208144,0.6649479549624191,0.0,1.3916666666666666
2011-01,-2.040892027835595,1.9969066269632445,-0.8259789339360125,0.3016251916929425,-0.7622365445735416,-0.8553929650425588,0.0,1.4
2011-02,-1.8988182942771383,2.5337300788804904,-0.5859351433673307,0.39825565521651846,-0.9263019141724717,-0.8465710027947697,0.0,1.4083333333333332
2011-03,-1.8176333036723058,2.5214665751102587,-0.119405011968358,0.10839489398572229,-1.131941642545149,-1.2456575476858924,0.0,1.4166666666666667
2011-04,-1.5943745795090163,0.5970105331543921,-0.14789299167673284,-0.21205816092200738,-1.1668059837846527,-1.19303238525298,0.0,1.425
2011-05,-1.7770408083698896,-0.7392003984770632,-0.46814566180604267,-0.6437836585963594,-1.1846509764883593,-0.2576167490764549,0.0,1.4333333333333333
2011-06,-1.8176333036723058,-0.5827328167295466,-0.4493184534827549,-0.9732202628891087,-1.03213410740306,-0.07737545301221763,0.0,1.4416666666666667
2011-07,-1.3000789885664987,-0.3285348851899146,-0.4833112163304444,-1.06477134368241,-0.7220942079546603,0.03331024315097863,0.0,1.45
2011-08,-1.0768202644032092,0.40407299234276356,-0.3354135076057464,-1.1695440540077637,-0.8933424630918219,-0.1750917782513939,0.0,1.4583333333333333
2011-09,-0.8129690449375037,0.640827803612936,0.3212684241455684,-1.3187630642651995,-0.792837427177045,-0.27598829492939814,0.0,1.4666666666666666
2011-10,-0.8332652925887118,0.5606421351981082,0.33126695345590396,-1.314507680137616,-0.6804824592193204,0.6690635492440626,0.0,1.475
2011-11,-1.1275608835312296,0.915867978749646,0.6120847082068647,-1.190285386112748,-0.10831240981327893,1.2294285615341911,0.0,1.4833333333333334
2011-12,-1.381263979171331,-0.24707970292723674,0.3420036292253923,-1.011463446609265,0.47448524195293984,0.642580718402336,0.0,1.4916666666666667
2012-01,-1.2797827409152907,-0.7613438937681875,0.1764843513940215,-1.2439751610597365,0.17808958033953387,-0.6098146625566395,0.0,1.5
2012-02,-1.1884496264848539,-0.8408948052590902,-0.33637147824552405,-1.2003789930816997,0.07275298657290984,-0.3715176383047254,0.0,1.5083333333333333
2012-03,-1.0666721405776054,-0.9440364578276662,-0.13725473543513225,-1.2667411524004117,0.02104984069224786,-0.7424054721378653,0.0,1.5166666666666666
2012-04,-0.6505990637278387,-0.8899107349245801,-0.1345101726915564,-1.1083852481019425,0.26460788605451485,0.6255589338662724,0.0,1.525
2012-05,-0.4983772063437778,0.06056793539150129,0.07915638554361189,-0.8600797254359865,1.0915496867490717,1.1703202037524334,0.0,1.5333333333333332
2012-06,-0.4171922157389452,-0.46848926556152193,0.08876794716475611,-0.34123264972027323,1.4750156072678329,0.5723412440545588,0.0,1.5416666666666667
2012-07,-0.3360072251341128,-0.4257066488889758,0.4185024440829945,0.04068599441403635,1.5525494177972805,-0.21101774689790637,0.0,1.55
2012-08,-0.07215600566840719,-0.6062569083302076,-0.0384773183558416,0.33267958067078274,1.5554531741563762,-0.8020060648963252,0.0,1.5583333333333333
2012-09,0.4453983094374,-0.8349058736818576,0.08141779787756033,0.4948422160912515,1.5268715013912262,-0.5912964242958211,0.0,1.5666666666666667
2012-10,0.10036209936686187,-1.5891526147511397,0.04144381190328531,0.6063972639349131,1.5220687153873773,-0.056700303552981474,0.0,1.575
2012-11,-0.20408161540125996,-1.9922676944282003,-0.04478287856296405,0.8698999603188386,1.5233382447529193,-0.14999743749622077,0.0,1.5833333333333333
2012-12,-0.18378536775005183,-1.3420163539901735,-0.32152293332897114,1.4090952434695294,1.207216885048926,-0.5721251923054521,0.0,1.5916666666666666
2013-01,-0.10260037714521937,-2.233199206257799,0.054059405932433864,1.2903084268815266,0.8979826324630348,-0.8185179223943965,0.0,1.6
2013-02,0.06991772789004969,-1.435401792638022,-0.38853608687058405,1.2916407569941675,0.6504518838069319,-0.9563831780834087,0.0,1.6083333333333334
2013-03,0.06991772789004969,-1.4693835045603478,-0.21388775873985288,1.5203372447586607,0.4084411038578738,0.16851281727028675,0.0,1.6166666666666667
2013-04,0.02932523258763344,-1.4039813249037336,0.11269060286364656,1.4231425010705947,0.0030257296027590367,-0.009740611376484298,0.0,1.625
2013-05,-0.10260037714521937,-1.0031799342143797,0.28724658280100324,1.4249858167768539,-0.23239429268623846,0.16610447250576554,0.0,1.6333333333333333
2013-06,-0.376599720436529,-0.5614557646395799,-0.14075086548257157,1.4269455073161021,-0.6377020486749796,0.36855588402456096,0.0,1.6416666666666666
2013-07,-0.8129690449375037,0.4769272182862574,-0.024184118737710886,1.1233970072667212,-0.8062698002163611,0.3448521097450544,0.0,1.65
2013-08,-1.0565240167520014,0.793178986708799,-0.0440469689112635,1.0985189635510395,-0.7905124927538791,0.2294742773598548,0.0,1.6583333333333332
2013-09,-0.7317840543326712,0.23380262128449733,-0.34863527645438036,1.1021507762530929,-0.8144683429126705,0.4964883134822418,0.0,1.6666666666666667
2013-10,-0.39689596808773714,0.1850628108809149,0.23067772234051293,0.9031001490596109,-0.8706792677338432,1.140186755008879,0.0,1.675
2013-11,-0.30556285365730057,0.5407139415714823,0.5132043979847835,0.56057356831549,-1.1090435409058197,-0.11004660506744673,0.0,1.6833333333333333
2013-12,-0.13304474862203153,0.9376052296094581,0.4714476764712829,0.1421658813110455,-1.2321752035790219,-1.110394400827036,0.0,1.6916666666666667
2014-01,-0.0924522533196153,0.8788076957462838,0.7197333036406948,0.12875660481721596,-1.3883181558255062,-0.6152699056908862,0.0,1.7
2014-02,-0.1939334915756559,1.4498826312785236,0.9508354564200997,0.01848429925280448,-1.3618068767927993,-0.7879313055987458,0.0,1.7083333333333333
2014-03,-0.4273403395645493,0.9372815035782563,0.5809617693200616,-0.19879823859725607,-1.2845791561279956,-0.17093594749607427,0.0,1.7166666666666666
2014-04,-0.3867478442621331,-0.09770235601996247,0.5152846289151216,-0.7864081145545798,-1.212690282090655,0.3423855224931847,0.0,1.7249999999999999
2014-05,-0.12289662479642748,-0.14030406696918998,0.2628877496489768,-1.0897285851768512,-0.5540621211363563,0.7629445556787674,0.0,1.7333333333333334
2014-06,-0.17363724392444777,-0.7242010923647151,0.11539490307308628,-1.2756223566674498,0.01847698405459386,-0.7201533758835194,0.0,1.7416666666666667
2014-07,-0.1939334915756559,-0.8409678023053416,0.44581386307162973,-1.3809689940341574,0.3114418391867782,-1.4860909893653311,0.0,1.75
2014-08,0.04962148023884156,0.3413399655512541,0.1643116452403642,-1.383273823557289,0.32570573588517043,-1.1926774876828148,0.0,1.7583333333333333
2014-09,0.46569455708860813,-0.016399515419026657,0.6002273919039364,-1.437089949982998,0.4452201260183452,-1.1552947894698038,0.0,1.7666666666666666
2014-10,0.28302832822773494,-0.7588873844725976,0.6990652027844301,-1.289852618892451,0.7081336818573845,-0.2588434719529064,0.0,1.775
2014-11,-0.021415386540386862,-0.648090563401486,0.6415546463866578,-0.8564987872837055,1.3259659964937802,1.3468921341022255,0.0,1.7833333333333332
2014-12,0.11051022319246592,-0.9595372219099152,0.6970520760776511,-0.38203094444015434,1.698634353298869,1.0768142603708546,0.0,1.7916666666666667
2015-01,0.37436144265817156,-1.5764669976264982,0.34914351861210186,-0.27540623126351105,1.6550237371516388,0.9373455153730353,0.0,1.8
2015-02,0.3946576903093797,-0.1497809878433905,0.11428544657690567,0.06328040894425996,1.7256474907194153,1.5869769831940943,0.0,1.8083333333333333
2015-03,0.24243583292531873,-0.530311416167199,0.09579823298631865,0.31620229251949433,1.5666624146437342,0.5511222132604608,0.0,1.8166666666666667
2015-04,0.02932523258763344,-0.7741025079390803,0.19728666069740464,0.6584741457637157,1.5095831180043484,-0.3148302526873895,0.0,1.825
2015-05,0.13080647084367408,-1.280070425784331,0.044060876622097726,1.0484893562318245,1.1451489232480334,-1.009404610572994,0.0,1.8333333333333333
2015-06,0.5976201668214609,-1.318358963435488,0.2151073056673032,1.279243869424486,0.4298897533385727,-0.8170829367137881,0.0,1.8416666666666666
2015-07,1.3079888346137452,-1.7083631388488774,-0.20596946035985553,1.4375626484721682,-0.3067603774467346,-0.36993516850125135,0.0,1.8499999999999999
2015-08,1.8356912735451563,-0.49942414424900766,-0.23442165114899907,1.344893490257698,-0.6512391076427222,0.9553114902691026,0.0,1.8583333333333334
2015-09,1.7545062829403237,0.0777761955991085,-0.361740731315512,1.4633029507170867,-0.8013162963614167,1.7403487257603005,0.0,1.8666666666666667
2015-10,1.9473206356268011,0.624854145622363,-0.3559474000148923,1.099179574577676,-0.7641740134352717,1.7709571345455235,0.0,1.875
2015-11,2.241616226569319,1.0719229684966114,-0.27652060420265206,0.7427142299101596,-1.1151620445831127,0.7582488000015531,0.0,1.8833333333333333
2015-12,2.221319978918111,0.5953220797367516,-0.23442165114899907,0.344029118080787,-0.9713150228446711,-0.689119410298977,0.0,1.8916666666666666
2016-01,1.9676168832780092,-0.279652254478449,-0.4224476855621592,0.3438198413468536,-0.8877281899600189,-0.7736595690020239,0.0,1.9
2016-02,2.0386537500572377,-0.6418699455470207,-0.404301777936227,0.5076891618971554,-0.7794617244856161,-1.0950165890473411,0.0,1.9083333333333332
2016-03,1.9980612547548213,-1.7281294694599025,-0.6214117084154851,0.5806059563817437,-0.32249697942773414,-0.6730880811654093,0.0,1.9166666666666667
2016-04,1.8458393973707603,-1.9164904128500317,-0.5481987637048363,0.8781613525962473,0.30156492105237415,-0.3193477274167861,0.0,1.925
2016-05,1.3891738252185777,-2.151731328856643,-0.5237079589131435,1.0014811191150574,0.37979374981110914,-0.9111865873215477,0.0,1.9333333333333333
2016-06,1.3181369584393492,-1.906388256405765,-0.7479702740483257,0.9599237085479511,0.2163630988705363,-1.614502818227321,0.0,1.9416666666666667
2016-07,1.2369519678345167,-1.84455023687699,-0.6590571778322525,0.9778601328686597,-0.20696440414960285,-0.9662422433533114,0.0,1.95
2016-08,0.23228770909971466,-2.2728746877877324,-0.6945553120951227,1.1094266562232298,-0.651448751468315,-0.9760624131423193,0.0,1.9583333333333333
2016-09,-0.44763658721575744,-2.0976087797381764,-0.6610166211601843,1.0758927941686431,-0.7988415664120208,-0.31898171665394653,0.0,1.9666666666666666
2016-10,-0.14319287244763562,-1.8486031598362511,-0.7260271929444343,1.103676576860192,-0.8384870358944777,0.11260690144040347,0.0,1.9749999999999999
2016-11,-0.21422973922686406,-1.4688376136057724,-0.9068305760951618,1.1587990214053498,-0.9713539180175934,0.9058835005755644,0.0,1.9833333333333334
2016-12,-0.4070440919133412,-0.6510897898670316,-0.9916928140157052,1.101834336865363,-1.0816973383537922,0.4638102642598815,0.0,1.9916666666666667
2017-01,-0.23452598687807213,0.36217586157909276,-0.9482763813728377,0.9642218068222226,-1.15410541808954,0.6936743543463069,0.0,2.0
2017-02,-0.0924522533196153,0.5961694802301915,-0.945072154697881,0.9736557199936664,-1.2166799226945095,1.135411925088109,0.0,2.0083333333333333
2017-03,-0.16348912009884375,1.2189707574930808,-0.9690115864526615,0.6121885919274086,-1.3411743733538928,-0.13417244499705372,0.0,2.0166666666666666
2017-04,-0.18378536775005183,1.0162960454684424,-0.8076729017490355,-0.04537575854241385,-1.4533896258286467,-0.2461911241163254,0.0,2.025
2017-05,-0.4070440919133412,0.4021084196632156,-0.9412975421226705,-0.8225830054344458,-1.090456747414461,0.3123631360432295,0.0,2.033333333333333
2017-06,-0.2954147298316965,0.4870928504229165,-0.9024620911414512,-1.2460111442719712,-0.5439288767310448,0.22965540912919702,0.0,2.0416666666666665
2017-07,-0.03156351036599093,0.010866468248172454,-0.8381583505120255,-1.4330301988405523,-0.18884728693406075,-0.5643982300119837,0.0,2.05
2017-08,-0.5085253301693818,-0.3184041646840713,-0.8448016686443963,-1.4461118427757993,-0.09839901479008703,-0.6003764834605161,0.0,2.058333333333333
2017-09,-0.8028209211118996,-1.0608539483222068,-0.5420274119448324,-1.4899285899257226,-0.08886330844487016,-0.591771114006206,0.0,2.0666666666666664
2017-10,-0.8332652925887118,-0.739930368939577,-0.926467508716065,-1.5188208617172005,0.11411817992257577,-0.1594800980027641,0.0,2.075
2017-11,-0.7825246734606914,-0.5164578463025354,-1.0365676451172614,-1.3304261802288417,0.4083149104323836,0.4252679863912555,0.0,2.0833333333333335
2017-12,-0.5592659492974021,-0.925000097679155,-1.063360124777038,-1.0220476548908675,0.8230990962487169,1.292299751548988,0.0,2.091666666666667
2018-01,-0.47808095869256967,0.27062487044138755,-1.0973148618980442,-1.1501012994657211,0.777886589005964,0.4459224697935018,0.0,2.1
2018-02,-0.6201546922510266,-1.1802834635586987,-1.0429173023855798,-1.3144237957889098,0.33753631418316055,0.1774462158006068,0.0,2.1083333333333334
2018-03,-0.701339682855859,-0.6645878958542971,-1.1001332392875345,-1.3729008182823381,0.44291362159181136,0.42026769891478327,0.0,2.1166666666666667
2018-04,-0.691191559030255,0.26188744138355974,-1.0393412863577125,-1.1450035013735023,1.0010817436040105,1.0084374601700343,0.0,2.125
2018-05,-0.8637096640655241,-0.04036476308181568,-0.9992084870543467,-0.7795444398459993,1.5104566977085554,1.189233405015002,0.0,2.1333333333333333
2018-06,-1.3000789885664987,-0.7243312175341197,-0.951208835942379,-0.0877825538099962,1.899474284111607,-0.3267605469745488,0.0,2.1416666666666666
2018-07,-0.8332652925887118,-0.9691950485074343,-1.009743850153157,0.4245289929977059,1.8384374816105584,-1.52038328187054,0.0,2.15
2018-08,-0.5491178254717981,-0.39446073930876685,-1.0328948072811157,0.871428195577664,1.704061646457887,-2.141405315979226,0.0,2.158333333333333
2018-09,-0.2751184821804884,-0.13966296247602572,-1.0708914554678437,1.2544969264661892,1.2578364341421717,-1.4490101521275427,0.0,2.1666666666666665
2018-10,0.20184333762290252,-1.1715142966546745,-1.0677218993083926,1.4187571618934955,0.8406286586742007,-0.7073585522668838,0.0,2.175
2018-11,0.5671757953446487,-1.5513274496544478,-1.1029963528260647,1.7428161481775382,0.38492728572808965,-0.005992352230865199,0.0,2.183333333333333
2018-12,0.45554643326300404,-1.2416866745945854,-1.095503047861943,1.7146957535419987,-0.12667307519779455,0.13524635468397234,0.0,2.1916666666666664
2019-01,0.26273208057652686,-1.8924775584179483,-1.065641668378054,1.3271535153895722,-0.37559768938182314,0.6262553490056453,0.0,2.2
2019-02,0.20184333762290252,-0.7593285405347255,-1.0740464723788565,1.0161681905744187,-0.46856148402737763,1.6161788149559977,0.0,2.2083333333333335
2019-03,0.11051022319246592,0.14131853746862233,-1.0325592861633193,1.1952627994406766,-0.7777226278315525,1.4121441656801315,0.0,2.216666666666667
2019-04,0.5367314238678366,-0.24339811276847165,-0.9893464029985817,1.0153666122761047,-0.897522310645351,1.2640058527053684,0.0,2.225
2019-05,0.790434519507938,-0.1481623576873817,-0.9904849379916376,0.5565655971962044,-1.3404692138517629,-0.3030378200303147,0.0,2.2333333333333334
2019-06,0.36421331883256747,-1.0559314083771683,-1.044264499559513,-0.030869446484285027,-1.3470734351814184,-1.5028914370707773,0.0,2.2416666666666667
2019-07,0.27288020440213095,-0.2563820656473579,-1.063561437447716,-0.16875400808380925,-1.3161339943322867,-1.1556538412575936,0.0,2.25
2019-08,0.35406519500696343,-0.5420925046752473,-1.0774520117244912,-0.2490687166735655,-1.2589215873424227,-2.019489169009314,0.0,2.2583333333333333
2019-09,0.27288020440213095,-1.4992615129694984,-1.0744971890804298,-0.09927513961799239,-1.1032225176146442,-1.7756121431847203,0.0,2.2666666666666666
2019-10,0.3337689473557553,-0.2975746162254718,-1.111809374186853,-0.4749355745585941,-0.8990462593995249,-0.8365503867924124,0.0,2.275
2019-11,0.20184333762290252,-0.45227122615523774,-1.0774095123829037,-0.6613966184327938,-0.7442750374684886,-0.32789388198638914,0.0,2.283333333333333
2019-12,0.29317645205333903,-0.3581082102755811,-1.076512552594661,-0.8675125000781957,-0.6766455453389699,-0.22392904428391777,0.0,2.2916666666666665
2020-01,0.5164351762166284,-0.7230553561170304,-1.0515497814306012,-0.8959218909474703,-0.4437724269001559,-0.5841253941527975,0.0,2.3
2020-02,0.47584268091421217,-0.07872629777922409,-1.064882696470211,-0.8813795050382226,-0.322093891070271,-1.21120648070455,0.0,2.308333333333333
2020-03,0.29317645205333903,0.2928096249325669,-1.0608101642817849,-0.8050453094545155,-0.16860196010350847,-1.9238644255679396,0.0,2.3166666666666664
2020-04,0.20184333762290252,-0.6372616102793252,-1.0488410076062575,-0.4900039174414204,0.05644319709382455,-2.2039095143788723,0.0,2.325
2020-05,0.16125084232048623,-2.0492371283504704,-1.035444767776369,0.3333043759266039,0.7554715223199421,-0.7541857147479399,0.0,2.3333333333333335
2020-06,-0.07215600566840719,-1.4211038929266109,-1.0150025844727542,0.6339840937417798,0.5169315630105512,-1.1603391851051847,0.0,2.341666666666667
2020-07,-0.2954147298316965,-1.3249160024596336,-1.0130990613311222,0.6578345351902535,-0.009204821196066491,-0.6118459823541255,0.0,2.35
2020-08,-0.8129690449375037,-1.4225638338516384,-0.9792785326572346,0.5788209211050492,-0.5748492914866253,-0.5679781361206026,0.0,2.3583333333333334
2020-09,-0.8231171687631078,-1.1435215163095813,-1.0195790925194985,0.5973546887417273,-0.9649210548070459,-0.6614485686647835,0.0,2.3666666666666667
2020-10,-0.884005911716732,-0.0066591704213972685,-0.9630393105558839,0.4763736967820534,-1.284966510751493,-1.139727777510106,0.0,2.375
2020-11,-1.1580052550080417,1.1175492961883415,-0.6773117634478344,0.1305626022064479,-1.37472023270598,-0.3713129071331105,0.0,2.3833333333333333
2020-12,-1.1377090073568337,1.1651782819750554,-0.7548149048513744,-0.16259947692201165,-1.2432401984533088,-1.124971177634359,0.0,2.3916666666666666
2021-01,-1.0869683882288133,0.1193749906085345,-0.9745812370080834,-0.1914378231914967,-1.006172240973281,-1.9975421356219156,0.0,2.4
2021-02,-1.1072646358800213,-0.0917991166274598,-1.0097079014619643,-0.2095741570848376,-1.0797186668565748,-1.2218647258363613,0.0,2.408333333333333
2021-03,-1.1275608835312296,0.9919435960820593,-0.9593485782601222,-0.3872505089225625,-1.151506832468735,-0.8934346873993608,0.0,2.4166666666666665
2021-04,-0.8738577878911281,0.3766514932292028,-0.9390048144843944,-0.8099532910198642,-1.1241126237280201,0.06210812823299117,0.0,2.425
2021-05,-0.7520803019838794,-0.5535054341674192,-0.9030168193895415,-1.0644519078356633,-0.7942451893170637,0.3930101508096309,0.0,2.433333333333333
2021-06,-0.9854871499727728,0.29581202518273225,-0.7992826369966709,-1.1372521953062193,-0.24723642588217146,0.22911635747422418,0.0,2.4416666666666664
2021-07,-1.1072646358800213,-0.25987322872894547,-0.7663568313035739,-1.0347676571706275,0.35462139866949366,1.0869360954922704,0.0,2.45
2021-08,-1.2391902456128743,0.13598340552303256,-0.8488279220579543,-0.9857063888620765,0.35199592062603036,1.3310098372381802,0.0,2.4583333333333335
2021-09,-1.4827452174273719,0.5343441558398948,-0.6703776603467065,-1.1572040958047722,0.5283123583896703,1.4603914392331259,0.0,2.466666666666667
2021-10,-1.3000789885664987,0.10765420400825906,-0.6648952452819119,-1.1115533215157933,0.6683652584006678,1.5820620360791462,0.0,2.475
2021-11,-1.4015602268225393,0.0808865045263411,-0.7528934872501264,-0.6674015153232356,1.1883262528398932,1.6596626493216557,0.0,2.4833333333333334
2021-12,-1.4523008459505595,-0.6961448363272293,-0.43063440083639354,-0.2272599559240717,1.41018972141,2.112312772603383,0.0,2.4916666666666667
2022-01,-1.381263979171331,0.2439841223442546,-0.4141938660643651,-0.20391365387914276,1.359361852589463,1.4545602266781588,0.0,2.5
2022-02,-1.1377090073568337,1.0925017879702605,-0.2899479995649075,0.07046457319212504,1.4035904647033766,1.2873639346338663,0.0,2.5083333333333333
2022-03,-1.005783397623981,0.20059531280936005,-0.03525631562499545,0.043604322066780735,1.4434059478929022,1.0927553917057147,0.0,2.5166666666666666
2022-04,-0.9043021593679402,-0.5250778453294372,0.2345227943504609,0.32979327449741247,1.4746930448306874,0.7559808650066129,0.0,2.525
2022-05,-1.2290421217872702,-0.917703566838637,0.3440838601557305,0.7877015884610744,1.300315640568866,-1.1771166116828853,0.0,2.533333333333333
2022-06,-1.7161520654162652,0.3122522295123902,-0.01378743770092326,1.1544471503992206,0.6780813740601018,-1.6360110995242716,0.0,2.5416666666666665
2022-07,-1.8379295513235139,-0.7426058693739209,0.18893889528662755,1.294865934632306,0.14898718693735266,-1.9211307221398168,0.0,2.55
2022-08,-2.030743904009991,-0.17709457827988398,0.010374556395329066,1.2865001248428676,-0.35451327660832943,-0.8154565540417302,0.0,2.558333333333333
2022-09,-2.061188275486803,-0.12406381107056842,0.3343738790066997,1.32191013524328,-0.7682871150018488,0.22221615003561881,0.0,2.5666666666666664
2022-10,-1.7465964368930773,0.19233395144447596,0.2553049723867757,1.3646142217991402,-0.8272632255066292,1.3219997910693242,0.0,2.575
2022-11,-1.7161520654162652,0.7191187226098477,0.005628050982234427,1.2410450922672982,-0.8466229902316943,1.3584390385772231,0.0,2.5833333333333335
2022-12,-1.6654114462882448,1.0338978549688833,0.4856066676422948,0.9275263930135175,-0.8903351240730342,0.6031218961025355,0.0,2.591666666666667
2023-01,-1.4320045982993514,1.3628891948546,1.1691302888173298,0.6952043406585293,-0.9525682789991792,-0.31288729551258937,0.0,2.6
2023-02,-1.1985977503104581,-0.13655582733341276,1.1091558890112052,0.47429132859083484,-0.9818084690013534,-0.365850722790761,0.0,2.6083333333333334
2023-03,-1.0565240167520014,-0.5385029542704514,0.7400658833791626,0.37968956048722213,-1.351930109705252,0.14905863825978266,0.0,2.6166666666666667
2023-04,-0.7520803019838794,-0.21678910251753492,0.5461413877151403,0.11883963798036679,-1.555196957479889,0.026433434633815783,0.0,2.625
2023-05,-0.6100065684254226,-1.2864941658544522,0.8195172840733749,-0.481768412452717,-1.2232712881002825,0.1330804023719588,0.0,2.6333333333333333
2023-06,-0.3461553489597168,-0.7325989264682431,0.9641291226511185,-1.0384117149862964,-0.9143951804014429,0.2607057895018481,0.0,2.6416666666666666
2023-07,-0.07215600566840719,-1.2593233957258418,1.2981046064983053,-1.304737389633885,-0.49466914163198983,-0.2946903786324984,0.0,2.65
2023-08,0.3033245758789431,-0.862076643810468,0.7720074937933895,-1.378012726203074,-0.3264585170289562,-0.5171498564852299,0.0,2.658333333333333
2023-09,0.32362082353015126,-1.1861613126742443,0.7401575924846936,-1.4165772043755525,-0.0583863603483448,-0.6232583431206843,0.0,2.6666666666666665
