time,enso,solar,qboA,qboB,aod,linear_pre,linear_post,pre_const,post_const,gap_cons
1979-01,0.554341857683698,1.5244100881488147,-1.079180571199639,0.9598182280673183,-0.4030122924559495,-1.800173857094944,0.0,1.0,0.0,0.0
1979-02,0.37945182053597926,1.5786512098255683,-0.8434322312933463,0.8998673984612744,-0.40422374905847874,-1.7916863453732794,0.0,1.0,0.0,0.0
1979-03,0.029671746240541755,1.2652463907570144,-1.183228211295253,0.639196621391116,-0.40392088490784644,-1.7840202057537116,0.0,1.0,0.0,0.0
1979-04,0.30743827582809513,1.0781164308708646,-1.2444373165341251,0.5718081611716875,-0.4090695754685957,-1.7755326940320473,0.0,1.0,0.0,0.0
1979-05,0.3588765220480124,0.9517365272626788,-1.24294000021403,0.0647325670597673,-0.409372439619228,-1.7673189730110817,0.0,1.0,0.0,0.0
1979-06,-0.03205414922335898,1.3066845068295387,-0.8244828739337374,-0.6579082173255388,-0.40543520566100794,-1.7588314612894174,0.0,1.0,0.0,0.0
1979-07,-0.02176649997937553,1.0044783784987192,-0.7439460107858064,-1.1748864930177763,-0.3990750584977296,-1.7506177402684517,0.0,1.0,0.0,0.0
1979-08,0.5646295069276815,1.1194542772642324,-0.631608532195243,-1.3345895907418657,-0.4005893792508911,-1.7421302285467875,0.0,1.0,0.0,0.0
1979-09,0.4720406637318304,1.6442524086760313,-0.6230744957218984,-1.308839876826461,-0.4002865151002588,-1.733642716825123,0.0,1.0,0.0,0.0
1979-10,0.3177259250720786,1.9373874733658738,0.04271664892452431,-1.5745457107040737,-0.395440688690142,-1.7254289958041575,0.0,1.0,0.0,0.0
1979-11,0.6263554023915823,2.1522965908084135,0.7035025780967198,-1.8597940897848968,-0.3863547641711728,-1.716941484082493,0.0,1.0,0.0,0.0
1979-12,0.7292318948314168,1.5388489219472745,1.154710800870146,-1.1749937931402687,-0.37363446984461607,-1.7087277630615276,0.0,1.0,0.0,0.0
1980-01,0.42060241751191313,1.5877136789226174,1.0734146823301145,-0.26354590512759707,-0.36091417551805927,-1.7002402513398631,0.0,1.0,0.0,0.0
1980-02,0.2971506265841116,1.4947510085695075,1.1854215781421489,-0.3512206788061541,-0.3609141755180592,-1.6917527396181988,0.0,1.0,0.0,0.0
1980-03,0.48232831297581386,0.9019359199485464,1.2878266340498263,-0.2193976560328154,-0.3633370887231177,-1.683812809297932,0.0,1.0,0.0,0.0
1980-04,0.595492454659632,1.7906216298777338,1.3639617866480669,-0.08774730497646763,-0.36000558306616237,-1.6753252975762678,0.0,1.0,0.0,0.0
1980-05,0.5440542084397146,2.2006956508294544,1.1564690684809535,0.23979116440986797,-0.3560683491079424,-1.6671115765553022,0.0,1.0,0.0,0.0
1980-06,0.6469307008795493,1.582983178281548,0.9120123365010544,0.8798373030200811,-0.31215304726625825,-1.658624064833638,0.0,1.0,0.0,0.0
1980-07,0.5646295069276815,1.4073619493474117,0.5330728797269125,0.8867690597813478,-0.2588489567549728,-1.6504103438126723,0.0,1.0,0.0,0.0
1980-08,0.11197294019240941,0.9822853561788645,0.22363491792722195,1.1504352990559745,-0.2385570586626084,-1.641922832091008,0.0,1.0,0.0,0.0
1980-09,0.2045617833882605,1.30440504279006,0.2637859555189126,1.3215997064465517,-0.23764846621071148,-1.6334353203693435,0.0,1.0,0.0,0.0
1980-10,0.11197294019240941,1.6570334504457793,0.2817790138145123,1.2564201804920327,-0.24431147752462218,-1.625221599348378,0.0,1.0,0.0,0.0
1980-11,-0.0011912014914086133,1.8751690233420477,0.24662930688802281,1.0830733514791582,-0.260060413357502,-1.6167340876267136,0.0,1.0,0.0,0.0
1980-12,-0.042341798467342436,1.9857174587190523,0.308955143305581,0.7884353644775192,-0.26248332656256046,-1.6085203666057482,0.0,1.0,0.0,0.0
1981-01,-0.27895773107896193,0.9545440782790457,-0.1132017342493221,0.8928279830393553,-0.2649062397676188,-1.6000328548840836,0.0,1.0,0.0,0.0
1981-02,-0.15550594015116045,1.5876062471235222,-0.275122528051397,1.3654131227924529,-0.27550648503974956,-1.5915453431624196,0.0,1.0,0.0,0.0
1981-03,0.42060241751191313,1.6635844028173026,-0.3314726193388002,1.2674852224868316,-0.2930726057764231,-1.5838792035428517,0.0,1.0,0.0,0.0
1981-04,0.5131912607077642,2.1089176993904477,-0.7687439673252014,1.1773766120360691,-0.3051871718017153,-1.5753916918211872,0.0,1.0,0.0,0.0
1981-05,-0.16579358939514394,1.5750128528961946,-1.0757128821005388,0.713791060741786,-0.31366736801941986,-1.5671779708002218,0.0,1.0,0.0,0.0
1981-06,-0.6287378053743994,0.8069983595085805,-1.030461699021579,-0.2083030780174589,-0.29791843218654,-1.5586904590785573,0.0,1.0,0.0,0.0
1981-07,-0.5361489621785482,1.5601060939283409,-0.40851614520879476,-0.9056303014905644,-0.26884347372583883,-1.550476738057592,0.0,1.0,0.0,0.0
1981-08,-0.2583824325909951,2.135787745189156,-0.4966008894493355,-0.8788194989804855,-0.25158021713979745,-1.5419892263359274,0.0,1.0,0.0,0.0
1981-09,0.019384096996558305,2.051792949067745,-0.32923932033357545,-1.1629927341685995,-0.25188308129042986,-1.533501714614263,0.0,1.0,0.0,0.0
1981-10,-0.08349239544327627,2.070411914379462,-0.2625835879522426,-1.2727400579465111,-0.2485515756334744,-1.5252879935932975,0.0,1.0,0.0,0.0
1981-11,-0.19665653712709433,1.6663563023921921,-0.08604558562734037,-1.6583152081223311,-0.25188308129042986,-1.5168004818716332,0.0,1.0,0.0,0.0
1981-12,-0.1246429924192101,1.6252145389269506,0.01043928758125405,-1.4863396146562016,-0.29125542087262934,-1.5085867608506676,0.0,1.0,0.0,0.0
1982-01,-0.3612589250308296,1.04478678951942,-0.44764261485970935,-1.3324003533537039,-0.33365640196115187,-1.5000992491290033,0.0,1.0,0.0,0.0
1982-02,-0.4332724697387138,1.7817307333427952,-0.736771129443345,-1.2077830429498533,-0.34455951138391483,-1.491611737407339,0.0,1.0,0.0,0.0
1982-03,-0.20694418637107778,1.7695360304587784,-0.3588704825431441,-1.3241109702024882,-0.34274232648012104,-1.4839455977877711,0.0,1.0,0.0,0.0
1982-04,-0.29953302956692884,0.8291713278926046,-0.3853668109417565,-1.6741751565434093,0.2811578238224255,-1.4754580860661068,0.0,1.0,0.0,0.0
1982-05,-0.03205414922335898,0.5176356629700942,0.2224181476839268,-1.618658710786297,0.4344070840423714,-1.4672443650451412,0.0,1.0,0.0,0.0
1982-06,0.7292318948314168,1.128264639739404,1.16283853314164,-1.9977793082504867,0.6727611705899949,-1.458756853323477,0.0,1.0,0.0,0.0
1982-07,1.7785721177177292,0.8681116148465984,1.233604299418785,-1.0239027721024672,0.7203108422392663,-1.4505431323025113,0.0,1.0,0.0,0.0
1982-08,2.046050998061299,1.0183824406750144,1.5683547382893714,-0.4096748654997433,0.7293967667582355,-1.442055620580847,0.0,1.0,0.0,0.0
1982-09,1.8094350654496796,0.9143403933676861,1.8161248131974799,-0.2121113035662167,0.7636204157796859,-1.4335681088591827,0.0,1.0,0.0,0.0
1982-10,1.9020239086455308,0.785890477938702,1.408310576035769,0.5151659217652522,0.8859775326351366,-1.425354387838217,0.0,1.0,0.0,0.0
1982-11,2.272379281428935,0.8442986801546019,1.324185251549205,0.6041727347150769,1.2406314530255644,-1.4168668761165528,0.0,1.0,0.0,0.0
1982-12,2.5089952140405547,1.4550903166256528,1.3540354253325133,0.8349160958213969,2.4545109687598394,-1.4086531550955872,0.0,1.0,0.0,0.0
1983-01,2.6221593557243734,0.3070024902897845,1.015869036177401,0.9759310669163433,2.4863117045762317,-1.400165643373923,0.0,1.0,0.0,0.0
1983-02,2.817624691360059,-0.06937168728871913,0.7182882856000531,1.1172828613709014,2.1622470633996667,-1.3916781316522584,0.0,1.0,0.0,0.0
1983-03,2.755898795896158,-0.11626924865395472,0.4126323988485342,1.3035661708184054,1.9569051692709643,-1.3840119920326905,0.0,1.0,0.0,0.0
1983-04,2.91021353455591,-0.0633424555652486,0.2977091000666254,1.269146763006168,1.9744712900076375,-1.3755244803110263,0.0,1.0,0.0,0.0
1983-05,3.0130900269957444,0.3568030976039168,-0.5363009147596354,1.2068690490466092,1.8960294749938713,-1.3673107592900606,0.0,1.0,0.0,0.0
1983-06,2.0974892442812165,0.41665741141475426,-1.11775792409581,0.707271163383011,1.855445678809142,-1.3588232475683963,0.0,1.0,0.0,0.0
1983-07,0.7292318948314168,0.1281213826755316,-1.2159211209182135,0.44715229412035645,1.6558582035424538,-1.3506095265474307,0.0,1.0,0.0,0.0
1983-08,-0.09378004468725973,0.09523292791237356,-1.2671161236215434,0.12634369932867773,1.3169532189849056,-1.3421220148257664,0.0,1.0,0.0,0.0
1983-09,-0.4332724697387138,-0.26386621637154417,-1.2869571051072708,0.18413693662518804,1.0946509324207943,-1.333634503104102,0.0,1.0,0.0,0.0
1983-10,-0.4641354174706642,-0.2321141513054867,-1.0490449696950044,-0.2355556217829457,0.7693748346416998,-1.3254207820831365,0.0,1.0,0.0,0.0
1983-11,-0.4024095220067634,-0.673383721395199,-1.0096244400486152,-0.5474972468922096,0.772403476148023,-1.316933270361472,0.0,1.0,0.0,0.0
1983-12,-0.4332724697387138,-0.6712953460086399,-0.4928406189604827,-1.08323025706869,1.02044921551588,-1.3087195493405068,0.0,1.0,0.0,0.0
1984-01,-0.48471071595863113,-0.21754162460148557,-0.9701942651960777,-0.823477362367337,0.9398873514476869,-1.3002320376188423,0.0,1.0,0.0,0.0
1984-02,-0.4949983652026146,0.2952098540010043,-1.1624155928013764,-0.6509678685503321,0.8117758157302222,-1.291744525897178,0.0,1.0,0.0,0.0
1984-03,-0.09378004468725973,-0.04347346158671966,-1.3036110563769387,-0.4520975472684453,0.7060762271595481,-1.2838045955769113,0.0,1.0,0.0,0.0
1984-04,0.14283588792435978,0.13932261994480016,-1.1733172196862798,-0.8608927923310489,0.6939616611342561,-1.275317083855247,0.0,1.0,0.0,0.0
1984-05,-0.39212187276278,0.1700341085627277,-1.0449019632848153,-1.3733111074017126,0.7115277818709295,-1.2671033628342814,0.0,1.0,0.0,0.0
1984-06,-0.6287378053743994,-0.40360426945839767,-0.6059039392125399,-1.8057596615067169,0.7848209063239471,-1.258615851112617,0.0,1.0,0.0,0.0
1984-07,-0.27895773107896193,-0.6371368086428393,-0.2764721967796136,-1.9006704810045658,0.7054704988582833,-1.2504021300916515,0.0,1.0,0.0,0.0
1984-08,-0.11435534317522664,-0.7703617890147394,0.2571413111837258,-1.9243804511232296,0.5767532348395544,-1.2419146183699872,0.0,1.0,0.0,0.0
1984-09,-0.06291709695530937,-0.9116484515907799,0.6823337816726976,-1.8686150959865568,0.5140603556586673,-1.2334271066483227,0.0,1.0,0.0,0.0
1984-10,-0.11435534317522664,-1.0334025806672371,0.9930567455128613,-1.6281763475391522,0.4868025821017599,-1.2252133856273573,0.0,1.0,0.0,0.0
1984-11,-0.5155736636905813,-1.0015145944805457,1.4302808522990593,-1.035731971629928,0.4325898991385775,-1.2167258739056928,0.0,1.0,0.0,0.0
1984-12,-0.2172318356150612,-1.0245788489015113,1.724314687421119,-0.6401003656554717,0.35354235582354604,-1.2085121528847274,0.0,1.0,0.0,0.0
1985-01,-0.18636888788311085,-1.0537907487622844,1.613123476480479,-0.2459096920232655,0.31659292944640494,-1.2000246411630628,0.0,1.0,0.0,0.0
1985-02,-0.5155736636905813,-1.058200227271834,1.2770197420493217,0.06969222709383625,0.2227050427503908,-1.1915371294413986,0.0,1.0,0.0,0.0
1985-03,-0.5361489621785482,-1.0442317060160822,1.5904341812609122,0.4550219649197536,0.16606944658215,-1.1838709898218307,0.0,1.0,0.0,0.0
1985-04,-0.7110389993262671,-0.9789962527572071,1.568896973090353,0.621029271349469,0.13578303151891952,-1.1753834781001662,0.0,1.0,0.0,0.0
1985-05,-1.1842708645495061,-0.8473689026065255,1.368809043528073,0.8000906908651366,0.09156486552660295,-1.1671697570792008,0.0,1.0,0.0,0.0
1985-06,-0.6081625068864326,-0.920835382416559,1.1476049697178954,0.7322825538733665,0.0534039825469328,-1.1586822453575363,0.0,1.0,0.0,0.0
1985-07,-0.02176649997937553,-0.8630109725548569,0.7030182504928589,0.9557297286579866,0.007974359952087146,-1.1504685243365709,0.0,1.0,0.0,0.0
1985-08,-0.42298482049473035,-1.0291244076899158,0.6134777687063843,0.9209733461598594,-0.02352351171367254,-1.1419810126149064,0.0,1.0,0.0,0.0
1985-09,-0.4949983652026146,-1.0920714840489418,0.45933934203617427,1.0577262664265097,-0.06471303619966591,-1.133493500893242,0.0,1.0,0.0,0.0
1985-10,-0.0011912014914086133,-1.0104742473669048,0.07940760587662946,1.1693258212767657,-0.09560517956416092,-1.1252797798722767,0.0,1.0,0.0,0.0
1985-11,0.019384096996558305,-1.0427521711947583,-0.2904144887481553,1.1078179706677704,-0.11710853425905447,-1.1167922681506124,0.0,1.0,0.0,0.0
1985-12,-0.3509712757868461,-1.0465044854102838,-0.48273069269763114,1.0576021234539208,-0.02958079472631859,-1.1085785471296468,0.0,1.0,0.0,0.0
1986-01,-0.33039597729887926,-1.0782565504763415,-0.39278228645169916,1.3352787074156396,0.08883908817091239,-1.1000910354079825,0.0,1.0,0.0,0.0
1986-02,-0.26867008183497854,-0.8585250980992836,-0.4015926014288782,1.532708531966241,0.11094817116707067,-1.091603523686318,0.0,1.0,0.0,0.0
1986-03,-0.3201083280548958,-0.9678930569520027,-0.6714489747421467,1.4480526981268331,0.0900505447734416,-1.08393738406675,0.0,1.0,0.0,0.0
1986-04,-0.4641354174706642,-0.9808612687895083,-1.0553703407166584,1.2764931961647588,0.08459899006206009,-1.0754498723450858,0.0,1.0,0.0,0.0
1986-05,-0.18636888788311085,-1.0088699325004093,-1.2837541006264037,0.8761886335520243,0.11609686172781977,-1.0672361513241202,0.0,1.0,0.0,0.0
1986-06,0.10168529094842596,-1.1025017588962551,-1.4680330964483932,0.3121785015760461,0.07823884289878165,-1.058748639602456,0.0,1.0,0.0,0.0
1986-07,0.5029036114637807,-1.0446327847327055,-1.5056171186221325,0.1026327672595768,0.06400422781906341,-1.0505349185814903,0.0,1.0,0.0,0.0
1986-08,1.0790119691268543,-1.0952355494800858,-1.5352030811677306,0.09448159031558678,0.043712329726699,-1.042047406859826,0.0,1.0,0.0,0.0
1986-09,1.408216744934325,-1.1083040309967473,-1.5534699589387018,0.07126971465246897,0.0043399901444995176,-1.0335598951381617,0.0,1.0,0.0,0.0
1986-10,0.6572183501235327,-0.8406842573294606,-1.475377960852273,-0.032038637956723515,-0.013226130592174203,-1.025346174117196,0.0,1.0,0.0,0.0
1986-11,0.7395195440754003,-0.9835551808361652,-1.1879244163569775,-0.43987341194520096,-0.00989462493521872,-1.0168586623955318,0.0,1.0,0.0,0.0
1986-12,1.1716008123227055,-1.0892862151834983,-1.1108789178618201,-0.615596462652649,-0.011711809839012597,-1.0086449413745662,0.0,1.0,0.0,0.0
1987-01,1.140737864590755,-1.093096462991425,-1.1971056466944334,-0.6415179652826922,-0.026552153219995628,-1.0001574296529019,0.0,1.0,0.0,0.0
1987-02,1.27447730476254,-1.1012732165892634,-0.8976517322874108,-0.7824236712644116,-0.048964100366786056,-0.9916699179312374,0.0,1.0,0.0,0.0
1987-03,1.6962709237658617,-1.028857021878833,-1.1490493384597553,-0.7234937534302004,-0.05047842111994754,-0.9840037783116695,0.0,1.0,0.0,0.0
1987-04,1.8814486101575638,-0.7752950572292133,-0.8605171958890717,-1.1988629149819867,-0.06410730789840123,-0.9755162665900052,0.0,1.0,0.0,0.0
1987-05,2.1077768935252,-0.6874721875791366,-0.09660344026713673,-1.6900060128438523,-0.07410182486926718,-0.9673025455690398,0.0,1.0,0.0,0.0
1987-06,2.2106533859650344,-0.8811865230631959,0.6137724915367979,-1.4852558338439892,-0.08288488523760416,-0.9588150338473754,0.0,1.0,0.0,0.0
1987-07,2.015188050329349,-0.7446927511508109,1.08380997559755,-0.8945641198715057,-0.10802260974008529,-0.9506013128264099,0.0,1.0,0.0,0.0
1987-08,1.5831067820820437,-0.6369362692845275,1.4223406538885786,-0.22524094553633656,-0.1165028059577898,-0.9421138011047455,0.0,1.0,0.0,0.0
1987-09,1.3773537972023746,-0.7447640540337664,1.4496468031050433,0.34820116205290186,-0.13164601348940505,-0.9336262893830811,0.0,1.0,0.0,0.0
1987-10,1.2950526032505068,-0.5287787087016197,1.312528563659246,0.5792803622961231,-0.14042907385774184,-0.9254125683621156,0.0,1.0,0.0,0.0
1987-11,1.0172860736629536,-0.4963715483984099,1.1745133495176818,0.5299783450186929,-0.15254363988303402,-0.9169250566404512,0.0,1.0,0.0,0.0
1987-12,0.8938342827351522,-0.6522441069690054,0.9303188826749538,0.4558806035163899,-0.15799519459441558,-0.9087113356194857,0.0,1.0,0.0,0.0
1988-01,0.7292318948314168,-0.38078066226740676,0.8851046081904571,0.5504966115702475,-0.18283005494626442,-0.9002238238978213,0.0,1.0,0.0,0.0
1988-02,0.42060241751191313,-0.4248578301943141,0.38012690938503696,0.6928228316654115,-0.21099642095506874,-0.891736312176157,0.0,1.0,0.0,0.0
1988-03,0.25600002960817786,-0.18853026409902449,0.0857239426986031,0.7650413261544631,-0.23825419451197602,-0.8837963818558903,0.0,1.0,0.0,0.0
1988-04,0.07082234321647558,0.012846903087642846,-0.3271200729593591,0.769224485525443,-0.2576375001524436,-0.8753088701342259,0.0,1.0,0.0,0.0
1988-05,-0.3201083280548958,-0.1053064303995685,-0.7322950262382606,0.778235944799671,-0.2594546850562374,-0.8670951491132604,0.0,1.0,0.0,0.0
1988-06,-1.132832618329589,0.43254458502324505,-1.0202516646843802,0.602419178720015,-0.2627861907131927,-0.858607637391596,0.0,1.0,0.0,0.0
1988-07,-1.7398039237246128,0.7193782574319078,-1.1566191186241959,0.3420743676888827,-0.27429502843722026,-0.8503939163706304,0.0,1.0,0.0,0.0
1988-08,-1.7809545207005468,0.7273998317643858,-1.212476147507608,0.4605628339064254,-0.2803523114498664,-0.841906404648966,0.0,1.0,0.0,0.0
1988-09,-1.7809545207005468,0.6459853087199224,-1.3574674106024165,0.6793851391722472,-0.28974110011946785,-0.8334188929273016,0.0,1.0,0.0,0.0
1988-10,-1.5649138865768941,0.94879528334077,-1.2971412656345187,0.5222599277932646,-0.31215304726625825,-0.8252051719063361,0.0,1.0,0.0,0.0
1988-11,-1.6780780282607122,0.6182863669068578,-0.9661375263618949,0.17309721498058583,-0.30003848124096616,-0.8167176601846717,0.0,1.0,0.0,0.0
1988-12,-1.513475640356977,1.4624434264304245,-0.950632279605022,0.1716919541168654,-0.30973013406119987,-0.8085039391637062,0.0,1.0,0.0,0.0
1989-01,-1.0711067228656883,2.1739570697211956,-0.8207172213731564,0.05425127673785097,-0.3206332434839628,-0.8000164274420418,0.0,1.0,0.0,0.0
1989-02,-1.0505314243777213,1.9483980390865256,-1.2198665313526713,0.6642467925657721,-0.3306277604548289,-0.7915289157203775,0.0,1.0,0.0,0.0
1989-03,-1.1945585137934895,1.6596404621038339,-1.315558031966399,0.749610045610565,-0.3451652396851794,-0.7838627761008097,0.0,1.0,0.0,0.0
1989-04,-1.040243775133738,1.4089840899346457,-1.4118108776662261,0.4471354602320871,-0.3491024736433994,-0.7753752643791454,0.0,1.0,0.0,0.0
1989-05,-0.9785178796698369,1.480959893847894,-1.1492387626499625,-0.34604651086712857,-0.3527368434509871,-0.7671615433581798,0.0,1.0,0.0,0.0
1989-06,-0.9476549319378866,2.5751717074657132,-1.2445145317175779,-0.7516333207219148,-0.36030844721679467,-0.7586740316365155,0.0,1.0,0.0,0.0
1989-07,-1.0299561258897545,1.3444594372902314,-0.9403035641954736,-1.2504530974475754,-0.3687886434344992,-0.75046031061555,0.0,1.0,0.0,0.0
1989-08,-0.5978748576424491,2.063860962007939,-0.3955392570907815,-1.4570015836940295,-0.37393733399524837,-0.7419727988938856,0.0,1.0,0.0,0.0
1989-09,-0.4641354174706642,2.18579780472197,-0.42270135154219957,-1.4920053570150318,-0.37999461700789444,-0.7334852871722213,0.0,1.0,0.0,0.0
1989-10,-0.42298482049473035,1.7494152481748135,-0.054922779660262044,-1.5535880100239303,-0.38726335662306977,-0.7252715661512557,0.0,1.0,0.0,0.0
1989-11,-0.2892453803229454,2.2186773466247587,0.6399622522011293,-1.5652377000444877,-0.3912005905812897,-0.7167840544295914,0.0,1.0,0.0,0.0
1989-12,0.009096447752574838,1.7284923084576005,1.1945526926987895,-1.2910083194571276,-0.38514330756864357,-0.7085703334086257,0.0,1.0,0.0,0.0
1990-01,0.21484943263224396,1.667662036436312,1.266708990474233,-0.8601904589906912,-0.39453209623824503,-0.7000828216869615,0.0,1.0,0.0,0.0
1990-02,0.5440542084397146,1.0599991322713684,1.302608434497193,-0.6865857482176762,-0.3936235037863481,-0.6915953099652971,0.0,1.0,0.0,0.0
1990-03,0.7086565963434499,1.3274135918337164,1.6403008611687988,-0.28438717306854916,-0.3733316056939837,-0.6839291703457292,0.0,1.0,0.0,0.0
1990-04,0.25600002960817786,1.3196705443877836,1.5095254866125387,0.08378421114056121,-0.3627313604218531,-0.6754416586240648,0.0,1.0,0.0,0.0
1990-05,0.1634111864123267,1.4724703943460213,1.1861680714821912,0.6148491915419853,-0.34122800572695955,-0.6672279376030994,0.0,1.0,0.0,0.0
1990-06,0.12226058943639287,1.1067824180340105,1.1889563747256116,0.9451440955030994,-0.3418337340282241,-0.658740425881435,0.0,1.0,0.0,0.0
1990-07,0.21484943263224396,1.3254750447033683,0.7674764381097682,0.8462805503361491,-0.349708201944664,-0.6505267048604695,0.0,1.0,0.0,0.0
1990-08,0.10168529094842596,2.1790374001317643,0.6606329087182026,1.0795032043650414,-0.34758815289023787,-0.6420391931388051,0.0,1.0,0.0,0.0
1990-09,0.3177259250720786,1.167429976417726,0.43231018050145353,1.1810501498793962,-0.35213111514972245,-0.6335516814171407,0.0,1.0,0.0,0.0
1990-10,0.019384096996558305,1.2002047922111754,0.4743232079674513,1.2339426332537085,-0.3712115566395576,-0.6253379603961752,0.0,1.0,0.0,0.0
1990-11,0.2045617833882605,1.1942309475485713,0.22236336018011485,1.3273063660052062,-0.36666859438007304,-0.6168504486745108,0.0,1.0,0.0,0.0
1990-12,0.40002711902394616,1.5667907392054055,-0.1145323835720265,1.2494467658743267,-0.36000558306616237,-0.6086367276535453,0.0,1.0,0.0,0.0
1991-01,0.2765753280961447,2.0551040766949846,-0.12426282814061279,1.1924354158211017,-0.3663657302294408,-0.6001492159318809,0.0,1.0,0.0,0.0
1991-02,0.17369883565631017,2.3678786292088434,-0.08624870354060943,1.4093720149957918,-0.3687886434344992,-0.5916617042102165,0.0,1.0,0.0,0.0
1991-03,0.2971506265841116,2.169478357385562,-0.19022597325190985,1.1733837599253898,-0.3796917528572621,-0.5839955645906487,0.0,1.0,0.0,0.0
1991-04,0.28686297734012817,1.5984559038828607,-0.6807416103453631,1.0654044489063623,-0.3845375792673789,-0.5755080528689843,0.0,1.0,0.0,0.0
1991-05,0.45146536524386344,1.483165826789325,-1.1153840288627739,0.5442228570841473,-0.3824175302129529,-0.5672943318480188,0.0,1.0,0.0,0.0
1991-06,1.0790119691268543,1.8731658579740214,-1.2229747042373775,-0.08000710807899776,-0.36091417551805927,-0.5588068201263544,0.0,1.0,0.0,0.0
1991-07,1.0172860736629536,1.9885250097354192,-1.2843808187513475,-0.36249459873075573,0.6209714008318707,-0.5505930991053889,0.0,1.0,0.0,0.0
1991-08,0.46175301448784695,1.9184699272317813,-1.0679366019931982,-0.46576194805337123,1.8054730939548123,-0.5421055873837245,0.0,1.0,0.0,0.0
1991-09,0.6263554023915823,1.2349159269198797,-1.0125957429950516,-0.40801298689463406,3.118692051096483,-0.5336180756620601,0.0,1.0,0.0,0.0
1991-10,1.0790119691268543,1.5964037177828019,-0.37753953387506756,-0.9322634043831403,4.517924427017727,-0.5254043546410946,0.0,1.0,0.0,0.0
1991-11,1.1510255138347385,0.9408650658270784,-0.3000940284888156,-1.0554979813781167,5.460134799634825,-0.5169168429194302,0.0,1.0,0.0,0.0
1991-12,1.3464908494704242,1.9482834451674895,0.24316619184149948,-1.2564094169684559,5.925939863307309,-0.5087031218984647,0.0,1.0,0.0,0.0
1992-01,1.8094350654496796,1.8175986300008744,-0.13068391160661696,-1.1665393269417637,6.022250663208381,-0.5002156101768003,0.0,1.0,0.0,0.0
1992-02,1.7168462222538288,2.1453629232860276,-0.10190991421338652,-1.2194806961837563,6.2863482025597515,-0.49172809845513593,0.0,1.0,0.0,0.0
1992-03,1.8505856624256134,0.967980215285946,-0.018062794409686778,-1.2454474934272446,5.984089780228711,-0.48378816813486936,0.0,1.0,0.0,0.0
1992-04,2.1180645427691838,0.7614090787189991,0.20144459905866102,-1.3254492120342733,5.697580293730552,-0.47530065641320496,0.0,1.0,0.0,0.0
1992-05,1.8094350654496796,0.10820113974987915,0.468653115507741,-1.2822649428933095,5.6675967428179534,-0.46708693539223944,0.0,1.0,0.0,0.0
1992-06,1.634545028301961,-0.051806986032127106,0.7129052682059612,-1.3096586061182738,5.571285942916881,-0.45859942367057505,0.0,1.0,0.0,0.0
1992-07,0.7086565963434499,0.28106606661477335,0.9531569932909187,-0.9790661412023961,5.212694788568233,-0.45038570264960953,0.0,1.0,0.0,0.0
1992-08,0.06053469397249212,0.045499167051011785,1.4353731831980951,-0.7933594315660389,4.813822702185488,-0.44189819092794513,0.0,1.0,0.0,0.0
1992-09,0.4926159622197973,-0.10188612023280387,1.6073010570904553,-0.3500705543858956,4.506718453444333,-0.43341067920628074,0.0,1.0,0.0,0.0
1992-10,0.7703824918073507,0.20827027954753796,1.5538718880256728,-0.13497706965772502,4.0015410501896485,-0.4251969581853152,0.0,1.0,0.0,0.0
1992-11,0.7189442455874334,0.3957492240181534,1.6751068130004292,0.20350324452962515,3.5754111902499965,-0.4167094464636508,0.0,1.0,0.0,0.0
1992-12,0.8321083872712514,0.24176035238563248,1.5792187434007658,0.685166603288449,3.487883450717261,-0.4084957254426853,0.0,1.0,0.0,0.0
1993-01,0.8938342827351522,-0.11967841774525757,1.34441623414037,0.8085861008613516,2.9442423003322755,-0.4000082137210209,0.0,1.0,0.0,0.0
1993-02,1.0069984244189703,0.3358252483005001,1.4126987719081865,0.9296323069446604,2.7579808476934087,-0.3915207019993566,0.0,1.0,0.0,0.0
1993-03,0.8732589842471853,0.25024985188750465,1.1642322710165949,1.0209966054564679,2.5193238969951532,-0.38385456237978877,0.0,1.0,0.0,0.0
1993-04,1.099587267614821,-0.12979228604945706,0.6120898436684026,1.1607831414778969,2.455419561211737,-0.3753670506581244,0.0,1.0,0.0,0.0
1993-05,1.6036820805700105,-0.1672062456651882,-0.2742121384505385,1.2832492041787609,2.199802218078072,-0.36715332963715885,0.0,1.0,0.0,0.0
1993-06,1.6448326775459443,-0.2106787221170325,-0.8221529715028489,1.0312845445207648,2.0180837276986896,-0.3586658179154945,0.0,1.0,0.0,0.0
1993-07,1.0069984244189703,-0.42917749407335504,-1.0558642404632237,0.7685706692314977,1.7869983807662417,-0.35045209689452894,0.0,1.0,0.0,0.0
1993-08,0.6983689470994665,-0.5584585337317873,-1.1316312938058135,0.788887680380561,1.493825882954171,-0.3419645851728646,0.0,1.0,0.0,0.0
1993-09,0.7086565963434499,-0.7259066697071666,-1.2464779421154204,0.7122551661236978,1.2960555925912767,-0.3334770734512002,0.0,1.0,0.0,0.0
1993-10,1.0687243198828709,-0.48185249885662557,-1.2553210234553687,0.4718605002302094,1.1219087059777018,-0.32526335243023474,0.0,1.0,0.0,0.0
1993-11,0.8115330887832845,-0.6035754329217895,-1.2156231346450088,0.04371840527763962,0.9244412797654393,-0.31677584070857034,0.0,1.0,0.0,0.0
1993-12,0.3588765220480124,-0.44381686723012703,-1.1720291542203933,-0.14079023684387634,0.8529653402162156,-0.30856211968760483,0.0,1.0,0.0,0.0
1994-01,0.07082234321647558,-0.2404031114490471,-1.2773753298912436,-0.010316091858392289,0.7300024950595,-0.30007460796594043,0.0,1.0,0.0,0.0
1994-02,-0.13493064166319352,-0.5338494896189363,-1.4004583888185502,-0.10072184476531,0.5334436612991347,-0.29158709624427603,0.0,1.0,0.0,0.0
1994-03,-0.145218290907177,-0.6928199038007885,-1.4956539172003915,-0.10317320680850506,0.39897197841839166,-0.28392095662470823,0.0,1.0,0.0,0.0
1994-04,0.10168529094842596,-0.8964520246609193,-1.5327723553679367,-0.37696845113822897,0.30356977096921606,-0.2754334449030439,0.0,1.0,0.0,0.0
1994-05,0.06053469397249212,-0.8551230911279203,-1.2417012103839185,-1.1029921170155914,0.23451674462505076,-0.2672197238820783,0.0,1.0,0.0,0.0
1994-06,0.3485888728040289,-0.8949323819679332,-0.6344337183487273,-1.8128465802376514,0.15970929941887155,-0.258732212160414,0.0,1.0,0.0,0.0
1994-07,1.0687243198828709,-0.8243737228534228,-0.08948746522226438,-1.9661038061660643,0.11458254097465817,-0.25051849113944846,0.0,1.0,0.0,0.0
1994-08,0.9864231259310032,-0.9310606614753759,0.6080037973277369,-1.8813056443755418,0.058249808957049634,-0.2420309794177841,0.0,1.0,0.0,0.0
1994-09,1.2127514092986393,-0.8914786485747833,1.069947198241547,-1.630010566161017,0.015545963717894797,-0.23354346769611972,0.0,1.0,0.0,0.0
1994-10,1.6448326775459443,-0.7421525859455262,1.3524245831404602,-0.8927453114559433,-0.005957390976998949,-0.22532974667515418,0.0,1.0,0.0,0.0
1994-11,1.120162566102788,-0.9074348968511368,1.6037813058034194,-0.20987807140255663,-0.04896410036678593,-0.2168422349534898,0.0,1.0,0.0,0.0
1994-12,1.027573722906937,-0.8590670318413888,1.542128521892358,0.41824356032309634,-0.05320419847563823,-0.20862851393252427,0.0,1.0,0.0,0.0
1995-01,0.9349848797110859,-0.8893484749464918,1.5043249621484782,0.6816085827340069,-0.08015910788191336,-0.2001410022108599,0.0,1.0,0.0,0.0
1995-02,0.6366430516355658,-0.8173023230996136,0.9963456088908424,0.5411588324424388,-0.1316460134894051,-0.19165349048919553,0.0,1.0,0.0,0.0
1995-03,0.26628767885216126,-0.8029160115140448,0.9145987881339274,0.5084817239755945,-0.1561780096906217,-0.18398735086962772,0.0,1.0,0.0,0.0
1995-04,0.22513708187622744,-0.9267758038527775,0.9317148080584696,0.7798702323582796,-0.16496107005895844,-0.17549983914796335,0.0,1.0,0.0,0.0
1995-05,0.22513708187622744,-0.9489755108179093,0.4995570847619656,1.429281818761928,-0.19736753417661504,-0.1672861181269978,0.0,1.0,0.0,0.0
1995-06,0.10168529094842596,-0.9290552678922566,0.08977660975782908,1.5175396032239914,-0.2264424926373162,-0.15879860640533344,0.0,1.0,0.0,0.0
1995-07,-0.20694418637107778,-0.9657539704633419,-0.2778914896900752,1.3915710370813006,-0.24976303223600368,-0.15058488538436793,0.0,1.0,0.0,0.0
1995-08,-0.6493131038623663,-0.9797917255451777,-0.500008335858056,1.2617977323681435,-0.27459789258785255,-0.14209737366270353,0.0,1.0,0.0,0.0
1995-09,-0.8859290364739858,-1.0398510351445123,-0.5549139959301838,1.0558157425323513,-0.29640411143337847,-0.13360986194103916,0.0,1.0,0.0,0.0
1995-10,-0.6801760515943167,-0.942424558446386,-0.7089033796050447,0.780858477620183,-0.311850183115626,-0.12539614092007365,0.0,1.0,0.0,0.0
1995-11,-0.7110389993262671,-1.0425449471911692,-0.7936652649131232,0.43702727344493864,-0.3330506736598873,-0.11690862919840928,0.0,1.0,0.0,0.0
1995-12,-0.8447784394980521,-1.0910242229555351,-0.7927310054535158,0.15242026498448225,-0.33819936422063646,-0.10869490817744376,0.0,1.0,0.0,0.0
1996-01,-0.7933401932781348,-1.052721205517954,-1.0682423657933473,0.20376271005767682,-0.34728528873960557,-0.10020739645577939,0.0,1.0,0.0,0.0
1996-02,-0.7419019470582175,-1.1010511908711322,-1.2122574130450126,0.2189272979367736,-0.3630342245724854,-0.091719884734115,0.0,1.0,0.0,0.0
1996-03,-0.5978748576424491,-1.0973077895159757,-1.2918743294880564,0.03875030517604925,-0.37726883965220365,-0.08377995441384833,0.0,1.0,0.0,0.0
1996-04,-0.7007513500822836,-1.099738772181735,-1.4451593266998768,-0.2260783569194526,-0.3827203943635852,-0.07529244269218396,0.0,1.0,0.0,0.0
1996-05,-0.7933401932781348,-1.0620797089058447,-1.453433430601767,-0.671951473623633,-0.3839318509661144,-0.06707872167121844,0.0,1.0,0.0,0.0
1996-06,-0.8550660887420355,-1.059882688824783,-0.9458776405480295,-1.4683357240257064,-0.38817194907496666,-0.058591209949554066,0.0,1.0,0.0,0.0
1996-07,-0.7727648947901677,-1.0235761521099516,-0.8805609077723553,-1.60534572554592,-0.3936235037863481,-0.050377488928588544,0.0,1.0,0.0,0.0
1996-08,-0.5772995591544822,-1.009337857669804,-0.5473982199304573,-1.8040621737632332,-0.39968078679899427,-0.04188997720692417,0.0,1.0,0.0,0.0
1996-09,-0.2480947833470116,-1.0947653960955988,0.08910354561437263,-1.9034937150728128,-0.4030122924559495,-0.03340246548525979,0.0,1.0,0.0,0.0
1996-10,-0.29953302956692884,-1.123444752549299,0.645486068822703,-1.866962665533621,-0.4181554999875647,-0.025188744464294272,0.0,1.0,0.0,0.0
1996-11,-0.26867008183497854,-0.9529551029728554,1.2236137172666122,-1.6732890212046765,-0.42845288110906304,-0.016701232742629895,0.0,1.0,0.0,0.0
1996-12,-0.4024095220067634,-0.9863426779167014,1.4457437031384963,-1.0492775806479469,-0.4111896245230217,-0.008487511721664374,0.0,1.0,0.0,0.0
1997-01,-0.5875872083984657,-1.0632160986029457,1.4476628776735454,-0.7131900173528716,-0.42542423960274006,-0.0,0.0,1.0,0.0,0.0
1997-02,-0.6493131038623663,-1.0559059615178128,1.4763732189833914,-0.35189580064444326,-0.4290586094103277,-0.0,0.0,0.0,0.0,1.0
1997-03,-0.22751948485904466,-1.0398198401332193,1.5789119025365774,-0.13967124180110727,-0.4357216207242384,-0.0,0.0,0.0,0.0,1.0
1997-04,0.2354247311202109,-0.9927421116619447,1.5685743235647938,0.4550220300090864,-0.4411731754356198,-0.0,0.0,0.0,0.0,1.0
1997-05,0.8115330887832845,-0.9669572066132136,1.4727911282841253,0.6163161881282505,-0.44359608864067834,-0.0,0.0,0.0,0.0,1.0
1997-06,2.488419915552588,-1.0140861840316122,1.3264315045131008,0.8827587222292086,-0.44329322449004593,-0.0,0.0,0.0,0.0,1.0
1997-07,2.4164063708447037,-1.025848931504154,0.795155673467767,1.0274702582843211,-0.44359608864067834,-0.0,0.0,0.0,0.0,1.0
1997-08,2.4164063708447037,-0.8692276926625271,0.6599134559004761,1.0969993977794759,-0.4478361867495305,-0.0,0.0,0.0,0.0,1.0
1997-09,2.34439282613682,-0.5333264957051161,0.49501181196649985,1.1536429664872665,-0.44995623580395666,-0.0,0.0,0.0,0.0,1.0
1997-10,2.2003657367210514,-0.799640535328283,0.06768879746612108,1.1957894537411773,-0.45722497541913204,-0.0,0.0,0.0,0.0,1.0
1997-11,2.282666930672919,-0.5300109116476921,-0.3471527821070322,0.9806306761995434,-0.4584364320216611,-0.0,0.0,0.0,0.0,1.0
1997-12,2.2518039829409684,-0.5648089467449989,-0.52817455899276,0.6217797249401483,-0.446321865996369,-0.0,0.0,0.0,0.0,1.0
1998-01,2.436981669332671,-0.674503975741631,-0.6192141980511474,0.5483293862522053,-0.4614650735279842,-0.0,0.0,0.0,0.0,1.0
1998-02,2.601584057236406,-0.6592200117902853,-0.8570581913547949,0.6175504688969031,-0.4654023074862042,-0.0,0.0,0.0,0.0,1.0
1998-03,2.426694020088687,-0.3087201861806487,-1.036846366659393,0.4043576125262497,-0.4720653188001148,-0.0,0.0,0.0,0.0,1.0
1998-04,2.7661864451401414,-0.28900939547367716,-1.3412700670485382,-0.015539494327987851,-0.46600803578746874,-0.0,0.0,0.0,0.0,1.0
1998-05,2.467844617064621,-0.2880646322745186,-1.2692629076967084,-0.6875682163500182,-0.46207080182924887,-0.0,0.0,0.0,0.0,1.0
1998-06,0.5029036114637807,-0.23029592779012528,-0.8449712650309971,-1.4539712078070273,-0.4593450244735581,-0.0,0.0,0.0,0.0,1.0
1998-07,-1.5031879911129935,-0.10818082786870667,-0.44364106470688025,-1.7156824743740113,-0.4575278395697643,-0.0,0.0,0.0,0.0,1.0
1998-08,-1.7912421699445302,0.3409604882972731,0.22686153999434164,-1.8488257052399777,-0.4551049263647059,-0.0,0.0,0.0,0.0,1.0
1998-09,-1.3591609016972248,0.3498622075912311,0.6753299592853856,-1.7506415912754245,-0.4490476433520597,-0.0,0.0,0.0,0.0,1.0
1998-10,-1.245996760013407,-0.13217870441336876,0.9705622469829799,-1.6753579277218915,-0.4563163829672351,-0.0,0.0,0.0,0.0,1.0
1998-11,-1.2974350062333244,0.2937045026186107,1.5159313192017356,-1.2960418123864708,-0.45692211126849963,-0.0,0.0,0.0,0.0,1.0
1998-12,-1.245996760013407,0.4668323588644025,1.6680202797258352,-0.6540986520786386,-0.4535906056115443,-0.0,0.0,0.0,0.0,1.0
1999-01,-1.2357091107694236,0.31402136783070256,1.4395082227108564,-0.23047280979310397,-0.464190850883675,-0.0,0.0,0.0,0.0,1.0
1999-02,-1.1534079168175557,0.32457594524852534,1.582234311505554,0.2194234829134521,-0.47085386219758574,-0.0,0.0,0.0,0.0,1.0
1999-03,-1.1019696705976385,0.041555226337543646,1.0874650952768008,0.46973880240006516,-0.4778197376621287,-0.0,0.0,0.0,0.0,1.0
1999-04,-1.1225449690856053,-0.1020933442363927,1.2957858795309578,0.7057963982500806,-0.47600255275833486,-0.0,0.0,0.0,0.0,1.0
1999-05,-1.2974350062333244,0.6009263431223211,0.9412215207262138,0.8187204208437585,-0.4702481338963211,-0.0,0.0,0.0,0.0,1.0
1999-06,-1.2151338122814566,1.082329985610508,0.5317442603488056,1.2781458553200058,-0.45722497541913204,-0.0,0.0,0.0,0.0,1.0
1999-07,-1.1225449690856053,0.9953204144691407,0.27313441560851764,1.10810450164175,-0.45147055655711826,-0.0,0.0,0.0,0.0,1.0
1999-08,-0.9785178796698369,1.0788116339796794,0.24081715177803273,1.1873914853328609,-0.44995623580395666,-0.0,0.0,0.0,0.0,1.0
1999-09,-1.1019696705976385,0.29550044398304826,0.1767670169964841,1.1645961472793598,-0.4475333225988982,-0.0,0.0,0.0,0.0,1.0
1999-10,-1.2871473569893408,0.845116435093496,-0.240967330558605,1.2124457114107994,-0.4551049263647059,-0.0,0.0,0.0,0.0,1.0
1999-11,-1.2871473569893408,1.3352123446569593,-0.4802544493875735,1.0230475467839764,-0.4611622093773519,-0.0,0.0,0.0,0.0,1.0
1999-12,-1.3900238494291752,0.8614269695695338,-0.6328784525406713,1.0056640657119222,-0.45571065466597044,-0.0,0.0,0.0,0.0,1.0
2000-01,-1.2048461630374732,0.6244562944975894,-0.8592199780216088,1.091015503331393,-0.46328225843177806,-0.0,0.0,0.0,1.0,0.0
2000-02,-1.2151338122814566,0.957040447532515,-0.8762669031341522,1.1636609283661887,-0.46782522069126264,-0.0,0.008487511721664374,0.0,1.0,0.0
2000-03,-1.3282979539652746,1.7238130567636554,-0.9554331399732053,1.2478107785946289,-0.46933954144442414,-0.0,0.016427442041931046,0.0,1.0,0.0
2000-04,-0.8447784394980521,1.2963233066500883,-1.1706473934642347,1.0783645013606438,-0.4644937150343073,-0.0,0.02491495376359542,0.0,1.0,0.0
2000-05,-0.8859290364739858,1.363376983424325,-1.442707605062839,0.7993976116281678,-0.4590421603229258,-0.0,0.03312867478456094,0.0,1.0,0.0
2000-06,-1.132832618329589,1.29680682932513,-1.6339550992405512,0.3467292578865354,-0.4535906056115443,-0.0,0.04161618650622532,0.0,1.0,0.0
2000-07,-0.5464366114225317,1.8327059283270404,-1.4586807490534053,-0.14849168391517575,-0.45116769240648585,-0.0,0.04982990752719084,0.0,1.0,0.0
2000-08,-0.0011912014914086133,0.9165752931053178,-1.5189969128951997,-0.1570057665620483,-0.44995623580395666,-0.0,0.058317419248855216,0.0,1.0,0.0
2000-09,-0.2892453803229454,1.262131346057902,-1.6040727628305596,-0.05199813949526849,-0.44844191505079517,-0.0,0.06680493097051958,0.0,1.0,0.0
2000-10,-0.4538477682266807,0.904810317417684,-1.494349291413631,-0.30431796281444695,-0.4442018169419429,-0.0,0.07501865199148511,0.0,1.0,0.0
2000-11,-0.8036278425221182,1.0761823401707005,-1.0877299666969225,-0.6969610102489519,-0.44056744713435525,-0.0,0.08350616371314948,0.0,1.0,0.0
2000-12,-0.731614297814234,0.9374313863697596,-0.8838416379558541,-0.8440791788561146,-0.446321865996369,-0.0,0.091719884734115,0.0,1.0,0.0
2001-01,-0.7830525440341513,0.7951152884210518,-0.853316755142081,-0.8046868962672018,-0.4508648282558536,-0.0,0.10020739645577939,0.0,1.0,0.0
2001-02,-0.8036278425221182,0.4179747640089988,-1.0430734330662355,-0.6113357470959989,-0.45571065466597044,-0.0,0.10869490817744376,0.0,1.0,0.0
2001-03,-0.7213266485702505,1.1021410459966352,-0.9505138742113052,-0.6782743060339667,-0.453287741460912,-0.0,0.11636104779701158,0.0,1.0,0.0
2001-04,-0.48471071595863113,1.1683279470999455,-0.8013601729638957,-0.9986810176897797,-0.45722497541913204,-0.0,0.12484855951867595,0.0,1.0,0.0
2001-05,-0.4538477682266807,0.5854848125323014,-0.32401714641536716,-1.4455619104673683,-0.4551049263647059,-0.0,0.13306228053964148,0.0,1.0,0.0
2001-06,-0.6698884023503332,1.1663247817319184,-0.145651418450218,-1.4623775980707874,-0.4490476433520597,-0.0,0.14154979226130585,0.0,1.0,0.0
2001-07,0.11197294019240941,0.2622153669334508,0.3767354555246893,-1.452545545559137,-0.4396588546824583,-0.0,0.1497635132822714,0.0,1.0,0.0
2001-08,0.4720406637318304,0.9149041317860513,0.5571715985507091,-1.5257999805046087,-0.4302700660128569,-0.0,0.15825102500393573,0.0,1.0,0.0
2001-09,0.019384096996558305,2.347501602189258,0.7743996163945522,-1.4806764935100667,-0.4411731754356199,-0.0,0.1667385367256001,0.0,1.0,0.0
2001-10,-0.15550594015116045,1.733305253057088,1.0949855553449994,-1.1281806728249328,-0.44359608864067834,-0.0,0.17495225774656564,0.0,1.0,0.0
2001-11,-0.20694418637107778,1.7647877040969704,1.405162309610723,-0.7584538885886688,-0.44844191505079517,-0.0,0.18343976946823,0.0,1.0,0.0
2001-12,0.14283588792435978,2.181911797600902,1.6691696259857736,-0.21382593662125873,-0.44965337165332436,-0.0,0.19165349048919553,0.0,1.0,0.0
2002-01,0.17369883565631017,2.0125228862800815,1.663425657301261,0.0010178133269449767,-0.4593450244735581,-0.0,0.2001410022108599,0.0,1.0,0.0
2002-02,-0.18636888788311085,1.5986335244573655,1.5501538268220632,0.36953603607069935,-0.46479657918493955,-0.0,0.20862851393252427,0.0,1.0,0.0
2002-03,-0.1246429924192101,1.149869413274877,1.6778743652096981,0.6290243414083052,-0.46479657918493955,-0.0,0.21629465355209213,0.0,1.0,0.0
2002-04,-0.2892453803229454,1.4118161513170286,1.186311365322345,0.8386204679866628,-0.47418536785454096,-0.0,0.2247821652737565,0.0,1.0,0.0
2002-05,-0.06291709695530937,1.2320905501827735,0.7978792176354799,1.1043447767880237,-0.4720653188001148,-0.0,0.23299588629472198,0.0,1.0,0.0
2002-06,0.4308900667558966,0.6309270311257875,0.21424852766963234,1.1281498496779983,-0.47267104710137947,-0.0,0.24148339801638635,0.0,1.0,0.0
2002-07,0.5234789099517476,1.165110404506585,0.29891593953806006,1.1301340210739177,-0.47418536785454096,-0.0,0.2496971190373519,0.0,1.0,0.0
2002-08,1.120162566102788,1.3509435432089847,0.19950434630270686,1.1152948711969264,-0.4766082810595994,-0.0,0.25818463075901626,0.0,1.0,0.0
2002-09,0.9864231259310032,1.1364845252151015,0.22833255818779483,1.0425169308435707,-0.48145410746971634,-0.0,0.26667214248068066,0.0,1.0,0.0
2002-10,0.9452725289550694,0.8903714836192244,-0.16492086413815396,1.0341446520235222,-0.4684309489925272,-0.0,0.2748858635016462,0.0,1.0,0.0
2002-11,0.9452725289550694,0.8737244886642406,-0.4972732580691703,0.6685838591468147,-0.45540779051533814,-0.0,0.2833733752233105,0.0,1.0,0.0
2002-12,1.0172860736629536,0.6080789135687804,-0.561094852598397,0.5826525719445115,-0.44177890373688444,-0.0,0.29158709624427603,0.0,1.0,0.0
2003-01,0.9246972304671025,0.3410941812028149,-0.6853882472941902,0.5087735359019309,-0.4290586094103277,-0.0,0.30007460796594043,0.0,1.0,0.0
2003-02,0.7292318948314168,-0.030887229479332052,-0.8858797188622551,0.5875357789538843,-0.4308757943141216,-0.0,0.30856211968760483,0.0,1.0,0.0
2003-03,0.6263554023915823,0.1635500026439749,-1.1530802905548012,0.5192744041487849,-0.42845288110906304,-0.0,0.31622825930717263,0.0,1.0,0.0
2003-04,-0.03205414922335898,0.0874475443796858,-1.2649725420237772,0.246797383904083,-0.43329870751918,-0.0,0.324715771028837,0.0,1.0,0.0
2003-05,-0.5464366114225317,-0.08678996298209952,-1.2370600768849465,-0.31675247059633516,-0.4372359414773999,-0.0,0.33292949204980254,0.0,1.0,0.0
2003-06,-0.02176649997937553,0.2176532933014448,-0.8415805914335031,-0.9772456537415509,-0.43148152261538614,-0.0,0.3414170037714669,0.0,1.0,0.0
2003-07,0.09139764170444249,0.18514140688889438,-0.32326038988388855,-1.489569474745067,-0.4251213754521077,-0.0,0.34963072479243246,0.0,1.0,0.0
2003-08,0.13254823868037632,0.04623447803148883,0.13119696044108423,-1.5751442406507268,-0.4248185113014754,-0.0,0.3581182365140968,0.0,1.0,0.0
2003-09,0.26628767885216126,-0.1973473112194731,0.375377991312224,-1.472373898588112,-0.4230013263976817,-0.0,0.36660574823576114,0.0,1.0,0.0
2003-10,0.36916417129199586,0.562422786326428,0.571883146041047,-1.4959190125699513,-0.4214870056445201,-0.0,0.3748194692567267,0.0,1.0,0.0
2003-11,0.3897394697799627,0.30593071883036216,0.9344790155684158,-1.4639226160440408,-0.41906409243946163,-0.0,0.38330698097839105,0.0,1.0,0.0
2003-12,0.22513708187622744,-0.23846456431869803,1.4610457651989592,-1.2230730547093147,-0.4211841414938878,-0.0,0.3915207019993566,0.0,1.0,0.0
2004-01,0.2765753280961447,-0.25898642531928695,1.6059001500686703,-0.7665974747358723,-0.4339044358204445,-0.0,0.4000082137210209,0.0,1.0,0.0
2004-02,0.03995939548452521,-0.3839132253472449,1.3185726570172112,-0.251389352401056,-0.43784166977866457,-0.0,0.4084957254426853,0.0,1.0,0.0
2004-03,-0.3612589250308296,-0.24762252834827692,1.4854535738361094,-0.006781668765618045,-0.4411731754356199,-0.0,0.416435655762952,0.0,1.0,0.0
2004-04,-0.15550594015116045,-0.4348260193324749,1.2920955343138105,0.6245628218245302,-0.440264582983723,-0.0,0.4249231674846164,0.0,1.0,0.0
2004-05,-0.39212187276278,-0.43225243090080523,1.1385454059491398,0.7326132776169394,-0.447230458448266,-0.0,0.4331368885055819,0.0,1.0,0.0
2004-06,-0.30982067881091235,-0.4650116491886071,0.8625460926205833,0.7522698890835542,-0.4466247301470013,-0.0,0.4416244002272463,0.0,1.0,0.0
2004-07,0.554341857683698,-0.011520857162350406,0.7619046297661889,0.730778920195967,-0.4490476433520597,-0.0,0.4498381212482118,0.0,1.0,0.0
2004-08,0.8629713350032018,-0.21172598321043923,0.5434627627809965,0.7453046014836608,-0.447230458448266,-0.0,0.4583256329698762,0.0,1.0,0.0
2004-09,0.6777936486114995,-0.3899274852215236,0.12327652309092603,0.7365518238869101,-0.44511040939383983,-0.0,0.46681314469154056,0.0,1.0,0.0
2004-10,0.4926159622197973,-0.36761191107158914,-0.17669183446813208,0.8387443138790466,-0.45389346976217654,-0.0,0.47502686571250613,0.0,1.0,0.0
2004-11,0.6572183501235327,-0.24424901069845142,-0.4505994857680789,0.6634524930603524,-0.4493505075026921,-0.0,0.4835143774341704,0.0,1.0,0.0
2004-12,0.574917156171665,-0.6261097149530965,-0.7046540710056632,0.6071061304020915,-0.4348130282723415,-0.0,0.49172809845513593,0.0,1.0,0.0
2005-01,0.17369883565631017,-0.4963581791078558,-0.9158861497983393,0.6259840300854645,-0.43632734902550296,-0.0,0.5002156101768003,0.0,1.0,0.0
2005-02,0.7086565963434499,-0.5816590275898285,-1.0739186114554373,0.8983961489217299,-0.4275442886571662,-0.0,0.5087031218984647,0.0,1.0,0.0
2005-03,0.9349848797110859,-0.7030474110746974,-1.2268129894955913,1.0301222280811082,-0.3969550094433035,-0.0,0.5163692615180325,0.0,1.0,0.0
2005-04,0.22513708187622744,-0.7524313421665595,-1.3922472497490335,0.3518168654860323,-0.38998913397876045,-0.0,0.5248567732396969,0.0,1.0,0.0
2005-05,0.2765753280961447,-0.43913761553618186,-1.4787385089010074,-0.10128328752443942,-0.3787831604053652,-0.0,0.5330704942606624,0.0,1.0,0.0
2005-06,0.2971506265841116,-0.5450001145739635,-1.488625838527348,-0.5324725635980421,-0.3703029641876607,-0.0,0.5415580059823268,0.0,1.0,0.0
2005-07,0.08110999246045904,-0.48312258145926756,-1.2849163323194006,-1.0062274406696556,-0.35697694155983933,-0.0,0.5497717270032924,0.0,1.0,0.0
2005-08,0.10168529094842596,-0.6247033684274986,-1.23177856456329,-1.169698629203161,-0.3448623755345472,-0.0,0.5582592387249566,0.0,1.0,0.0
2005-09,0.06053469397249212,-0.6397705588820027,-0.8954333186016907,-1.5245185297104928,-0.34274232648012104,-0.0,0.566746750446621,0.0,1.0,0.0
2005-10,-0.5978748576424491,-0.9700321434406632,-0.228674737506665,-1.7729686112912386,-0.35576548495731003,-0.0,0.5749604714675866,0.0,1.0,0.0
2005-11,-0.6390254546183828,-0.799471190981264,0.48606613512529023,-1.7384500570989647,-0.36363995287374995,-0.0,0.583447983189251,0.0,1.0,0.0
2005-12,-0.6390254546183828,-0.7257083585639472,0.9172851821849994,-1.6343737132057212,-0.3663657302294408,-0.0,0.5916617042102165,0.0,1.0,0.0
2006-01,-0.5772995591544822,-0.8739737908092429,1.024514288940516,-1.4853946486263,-0.36727432268133764,-0.0,0.6001492159318809,0.0,1.0,0.0
2006-02,-0.42298482049473035,-0.9997334548306498,1.2412458161005209,-0.8635209902191118,-0.37333160569398377,-0.0,0.6086367276535453,0.0,1.0,0.0
2006-03,-0.5567242606665153,-0.9993108897542069,1.3773722188439335,-0.4180872034600735,-0.377571703802836,-0.0,0.6163028672731131,0.0,1.0,0.0
2006-04,-0.7830525440341513,-0.6899878424184054,1.07778088206848,0.03911301686195739,-0.37151442079018987,-0.0,0.6247903789947775,0.0,1.0,0.0
2006-05,-0.3509712757868461,-0.8342001514107079,1.1804341465250257,0.42764556213873767,-0.3590969906142654,-0.0,0.6330041000157429,0.0,1.0,0.0
2006-06,-0.09378004468725973,-0.911234003583602,1.1566944972009146,0.8432743880171211,-0.3266905264966089,-0.0,0.6414916117374073,0.0,1.0,0.0
2006-07,0.30743827582809513,-0.9251113271787881,0.9265185899981356,0.9294169473591521,-0.28822677936630625,-0.0,0.6497053327583728,0.0,1.0,0.0
2006-08,0.688081297855483,-0.8607381931606549,0.5914856936793578,0.7770072527693482,-0.2752036208891172,-0.0,0.6581928444800372,0.0,1.0,0.0
2006-09,0.7498071933193838,-0.91786517169845,0.6219659190541488,0.9921291131441748,-0.2791408548473371,-0.0,0.6666803562017016,0.0,1.0,0.0
2006-10,0.8732589842471853,-1.018027896529988,0.21081944212194775,1.003522924871736,-0.2933754699270555,-0.0,0.6748940772226671,0.0,1.0,0.0
2006-11,1.1098749168588047,-0.797744324284689,-0.29611199013992917,1.0104524831298547,-0.2573346360018113,-0.0,0.6833815889443315,0.0,1.0,0.0
2006-12,0.7395195440754003,-0.8507780716978284,-0.6258605553338649,0.9169743804295427,-0.24491720582588686,-0.0,0.6915953099652971,0.0,1.0,0.0
2007-01,0.7395195440754003,-0.8729710940176831,-0.7740239126511009,0.8348468842362308,-0.253094537892959,-0.0,0.7000828216869615,0.0,1.0,0.0
2007-02,0.4926159622197973,-0.976716788717728,-0.9029587570994904,1.014633135765617,-0.24612866242841605,-0.0,0.7085703334086257,0.0,1.0,0.0
2007-03,-0.11435534317522664,-1.065823110261001,-1.0748789894036026,0.9549135582342115,-0.27459789258785255,-0.0,0.7162364730281936,0.0,1.0,0.0
2007-04,-0.2480947833470116,-1.0368808244264032,-1.2838771895236083,0.5962580919856317,-0.30034134539159846,-0.0,0.7247239847498579,0.0,1.0,0.0
2007-05,-0.34068362654286266,-0.9717701512126999,-1.4413487435505157,-0.0035896872280509824,-0.30670149255487683,-0.0,0.7329377057708235,0.0,1.0,0.0
2007-06,-0.7727648947901677,-0.973055831320989,-1.2098884933319793,-0.8724392560184877,-0.28640959446251246,-0.0,0.7414252174924878,0.0,1.0,0.0
2007-07,-0.7007513500822836,-1.014485034533144,-0.9116683218299374,-1.3758119483945863,-0.27792939824480795,-0.0,0.7496389385134534,0.0,1.0,0.0
2007-08,-0.8550660887420355,-1.0787913220985066,-0.6233983420789496,-1.6454229544063221,-0.2861067303118802,-0.0,0.7581264502351177,0.0,1.0,0.0
2007-09,-1.0093808274017875,-1.1435321116068786,-0.2812929102180021,-1.7824091324392097,-0.31003299821183217,-0.0,0.7666139619567821,0.0,1.0,0.0
2007-10,-1.0813943721096715,-1.1566674395763106,0.0043123826785887165,-1.8051018297398835,-0.3209361076345952,-0.0,0.7748276829777476,0.0,1.0,0.0
2007-11,-1.0711067228656883,-1.1370390928277563,0.7072029820402541,-1.6513440730584181,-0.32638766234597666,-0.0,0.783315194699412,0.0,1.0,0.0
2007-12,-1.1431202675735723,-0.9705669150628286,1.220666465073779,-1.561964483664584,-0.33638217931684267,-0.0,0.7915289157203775,0.0,1.0,0.0
2008-01,-1.0196684766457709,-1.0565982997786518,1.26197242762255,-1.166228505245569,-0.34122800572695955,-0.0,0.8000164274420418,0.0,1.0,0.0
2008-02,-1.22542146152544,-1.108600065287589,1.4516861712334765,-0.8087156645461665,-0.3460738321370764,-0.0,0.8085039391637062,0.0,1.0,0.0
2008-03,-1.4826126926250265,-1.0516516622736236,1.5458454853710488,-0.2889118106820165,-0.3527368434509871,-0.0,0.816443869483973,0.0,1.0,0.0
2008-04,-1.0505314243777213,-1.0828154785552997,1.4097010344880188,0.14806860328926158,-0.3587941264636331,-0.0,0.8249313812056374,0.0,1.0,0.0
2008-05,-0.9373672826939031,-1.0987784114769301,1.182735273881918,0.53110115175064,-0.36061131136742697,-0.0,0.8331451022266029,0.0,1.0,0.0
2008-06,-0.731614297814234,-1.1382133621814272,1.1910893337395367,0.8561030178486547,-0.3306277604548289,-0.0,0.8416326139482673,0.0,1.0,0.0
2008-07,-0.7213266485702505,-1.1420949128723097,0.8273254564248116,1.0372055090450572,-0.31669600952574284,-0.0,0.8498463349692328,0.0,1.0,0.0
2008-08,-0.95794258118187,-1.1388862831393183,0.5127418791004823,1.114708802307961,-0.32638766234597655,-0.0,0.8583338466908972,0.0,1.0,0.0
2008-09,-0.9682302304258535,-1.1417361702424405,0.3950172220560905,1.1988760588658933,-0.30034134539159846,-0.0,0.8668213584125615,0.0,1.0,0.0
2008-10,-1.040243775133738,-1.1420280664195388,-0.04528769038146553,1.2358028645008978,-0.29519265483084933,-0.0,0.8750350794335271,0.0,1.0,0.0
2008-11,-0.9270796334499196,-1.157554269183068,-0.31005007664004575,1.0805569194624247,-0.2961012472827462,-0.0,0.8835225911551914,0.0,1.0,0.0
2008-12,-0.95794258118187,-1.1587285385367392,-0.41538709801183893,1.1651515076853827,-0.32396474914091816,-0.0,0.891736312176157,0.0,1.0,0.0
2009-01,-0.95794258118187,-1.1467073181134844,-0.42306652172363574,1.359750347884307,-0.34183373402822415,-0.0,0.9002238238978213,0.0,1.0,0.0
2009-02,-0.7933401932781348,-1.1328008685638764,-0.44957894563416756,1.696212715882966,-0.3463766962877087,-0.0,0.9087113356194857,0.0,1.0,0.0
2009-03,-0.8962166857179693,-1.126853921640602,-0.5309324057925107,1.377109922553031,-0.3200275151826982,-0.0,0.9163774752390536,0.0,1.0,0.0
2009-04,-0.752189596302201,-1.091518886706038,-0.8750230454795689,1.290247011781448,-0.3248733415928151,-0.0,0.924864986960718,0.0,1.0,0.0
2009-05,-0.6596007531063498,-1.053122284234578,-1.1373133548660213,1.0927764014197405,-0.3348678585636812,-0.0,0.9330787079816835,0.0,1.0,0.0
2009-06,0.029671746240541755,-1.0808813878551353,-1.3122536116844048,0.400542256031402,-0.31851319442953674,-0.0,0.9415662197033479,0.0,1.0,0.0
2009-07,0.6572183501235327,-1.0878824396753146,-1.3153349381431527,-0.06935276756732725,-0.19282457191713054,-0.0,0.9497799407243133,0.0,1.0,0.0
2009-08,0.6572183501235327,-1.1170943395360877,-1.1475212925960676,-0.22859899029624406,-0.1473949493222849,-0.0,0.9582674524459776,0.0,1.0,0.0
2009-09,0.5131912607077642,-1.0721779797043973,-1.3756162761514614,0.045901466492706135,-0.1628410210045324,-0.0,0.966754964167642,0.0,1.0,0.0
2009-10,0.6572183501235327,-1.0588710791728537,-1.352167691872266,-0.025982970563075154,-0.22280812282972864,-0.0,0.9749686851886075,0.0,1.0,0.0
2009-11,1.1510255138347385,-1.0551165367422357,-1.1377649075580851,-0.49083799946824,-0.26187759826129586,-0.0,0.9834561969102719,0.0,1.0,0.0
2009-12,1.0584366706388872,-1.006663999558978,-1.2093075979586712,-0.42022494102432906,-0.3076100850067738,-0.0,0.9916699179312374,0.0,1.0,0.0
2010-01,1.0378613721509207,-0.9211005400125494,-1.2980903118146847,-0.45636853320076576,-0.33153635290672573,-0.0,1.0001574296529019,0.0,1.0,0.0
2010-02,1.3979290956903414,-0.8347683462592581,-1.318318481373278,-0.312682914632012,-0.3639428170243823,-0.0,1.0086449413745662,0.0,1.0,0.0
2010-03,1.4493673419102588,-0.8369408559743042,-1.244847730538128,-0.6316865033452587,-0.3627313604218531,-0.0,1.016311080994134,0.0,1.0,0.0
2010-04,0.5852048054156485,-0.9631090791487164,-1.2233221997450179,-0.9921593329682203,-0.3639428170243823,-0.0,1.0247985927157983,0.0,1.0,0.0
2010-05,-0.042341798467342436,-0.9849389024085176,-0.50535856428684,-1.6777003762888596,-0.35939985476489783,-0.0,1.033012313736764,0.0,1.0,0.0
2010-06,-1.245996760013407,-0.9979227117516699,0.60469980220584,-1.7210849274333568,-0.3351707227143134,-0.0,1.0414998254584282,0.0,1.0,0.0
2010-07,-2.408501124583537,-0.8393473282740478,1.299998485565219,-1.1417986866068066,-0.3221475642371243,-0.0,1.0497135464793939,0.0,1.0,0.0
2010-08,-2.3673505276076034,-0.8584654137664526,1.41596692371196,-0.05630324326479482,-0.339713684973798,-0.0,1.0582010582010581,0.0,1.0,0.0
2010-09,-2.2438987366798018,-0.8496193998498037,1.3888674505220184,0.558464844821809,-0.3527368434509871,-0.0,1.0666885699227227,0.0,1.0,0.0
2010-10,-2.141022244239968,-0.8657516771184534,1.3286990386171764,0.6515174689316033,-0.37726883965220365,-0.0,1.074902290943688,0.0,1.0,0.0
2010-11,-1.9867075055802157,-0.8752461016269778,1.2703175938846198,0.6718913175938992,-0.3709086924889253,-0.0,1.0833898026653526,0.0,1.0,0.0
2010-12,-1.8221051176764806,-0.8562594808250215,0.6594583741828945,0.6230184154241413,-0.3282048472497704,-0.0,1.091603523686318,0.0,1.0,0.0
2011-01,-1.7398039237246128,-0.8741409069411696,0.2990994990222166,0.783706126391367,-0.3124559114168906,-0.0,1.1000910354079825,0.0,1.0,0.0
2011-02,-1.5546262373329107,-0.6350192085139977,0.3948309852459744,0.9447863623166878,-0.3294163038522996,-0.0,1.1085785471296468,0.0,1.0,0.0
2011-03,-1.719228625236646,-0.17028118249263785,0.10364337802663093,1.1484201636784803,-0.34243946232948874,-0.0,1.1162446867492144,0.0,1.0,0.0
2011-04,-1.6575027297727452,-0.19865972990886985,-0.21665925584714824,1.1810625601967815,-0.3569769415598393,-0.0,1.124732198470879,0.0,1.0,0.0
2011-05,-1.1945585137934895,-0.5176821975416923,-0.6492219253105865,1.1974197730113614,-0.3581883981623685,-0.0,1.1329459194918443,0.0,1.0,0.0
2011-06,-0.9785178796698369,-0.498927311109341,-0.9828179768798716,1.049844870728037,-0.329719168002932,-0.0,1.1414334312135088,0.0,1.0,0.0
2011-07,-0.6904637008383002,-0.5327894958678585,-1.0765262191583784,0.7431053373144973,-0.23280263980059465,-0.0,1.1496471522344742,0.0,1.0,0.0
2011-08,-0.752189596302201,-0.38545991396135193,-1.1804241533697117,0.913803902902439,-0.13316033424256665,-0.0,1.1581346639561387,0.0,1.0,0.0
2011-09,-1.0299561258897545,0.26869947285220364,-1.332842177652408,0.8163632368359347,-0.16011524364884158,-0.0,1.166622175677803,0.0,1.0,0.0
2011-10,-1.2562844092573904,0.27865959431502985,-1.3271795617767528,0.6941878118870121,-0.19221884361586583,-0.0,1.1748358966987686,0.0,1.0,0.0
2011-11,-1.0916820213536549,0.5583986298696351,-1.201848172712401,0.12470171642630774,-0.22280812282972856,-0.0,1.183323408420433,0.0,1.0,0.0
2011-12,-1.132832618329589,0.2893550267583337,-1.022774069947345,-0.4491520236275955,-0.2961012472827462,-0.0,1.1915371294413986,0.0,1.0,0.0
2012-01,-1.0196684766457709,0.12447156635425465,-1.2563703458362137,-0.14917523733020607,-0.31548455292321365,-0.0,1.2000246411630628,0.0,1.0,0.0
2012-02,-0.618450156130416,-0.3864142047009054,-1.2118511970029768,-0.04878475605498355,-0.32487334159281506,-0.0,1.2085121528847274,0.0,1.0,0.0
2012-03,-0.5258613129345648,-0.1880623389296304,-1.2784339191206295,0.0056199242583705004,-0.3430451906307533,-0.0,1.2164520832049939,0.0,1.0,0.0
2012-04,-0.30982067881091235,-0.18532831901131044,-1.1177838699933684,-0.24630697934497647,-0.3515253868484579,-0.0,1.2249395949266584,0.0,1.0,0.0
2012-05,-0.2480947833470116,0.027517471255707502,-0.8700351960785817,-1.0670397038785677,-0.35122252269782556,-0.0,1.2331533159476238,0.0,1.0,0.0
2012-06,-0.20694418637107778,0.03709211150755699,-0.35097276775624575,-1.4444338803591779,-0.3324449453586227,-0.0,1.2416408276692883,0.0,1.0,0.0
2012-07,0.4308900667558966,0.36555998291687136,0.0309498471048193,-1.5222833552984056,-0.32759911894850585,-0.0,1.2498545486902537,0.0,1.0,0.0
2012-08,0.06053469397249212,-0.0896643604512371,0.3243807804363838,-1.5221939699477969,-0.3442566472332826,-0.0,1.2583420604119182,0.0,1.0,0.0
2012-09,-0.2172318356150612,0.02977019671407833,0.48734300256680546,-1.498127706915982,-0.3578855340117362,-0.0,1.2668295721335825,0.0,1.0,0.0
2012-10,-0.11435534317522664,-0.010050235201396028,0.6021034634419205,-1.4983248363276607,-0.3709086924889253,-0.0,1.2750432931545481,0.0,1.0,0.0
2012-11,0.050247044728508675,-0.09594569879658578,0.8672810473398134,-1.500823214680732,-0.3663657302294408,-0.0,1.2835308048762124,0.0,1.0,0.0
2012-12,0.050247044728508675,-0.37162269823782784,1.4106253412733945,-1.18617380739969,-0.36697145853070534,-0.0,1.291744525897178,0.0,1.0,0.0
2013-01,0.019384096996558305,0.0025168979194857355,1.2908123021675864,-0.8793178048435557,-0.3781774321041006,-0.0,1.3002320376188423,0.0,1.0,0.0
2013-02,-0.0011912014914086133,-0.4383784308225723,1.2924733774603157,-0.6315271425516248,-0.395440688690142,-0.0,1.3087195493405068,0.0,1.0,0.0
2013-03,-0.0526294477113259,-0.2644009879937092,1.5256197483805,-0.4008472779700218,-0.4127039452761833,-0.0,1.3163856889600745,0.0,1.0,0.0
2013-04,-0.27895773107896193,0.0609228719202926,1.4279876443103654,0.008035584788074297,-0.40725239056480184,-0.0,1.3248732006817387,0.0,1.0,0.0
2013-05,-0.618450156130416,0.23480832129748558,1.4335987226737692,0.24349116945451627,-0.4033151566065818,-0.0,1.3330869217027044,0.0,1.0,0.0
2013-06,-1.0916820213536549,-0.19154503911898088,1.435506564276105,0.653607976722026,-0.3696972358863961,-0.0,1.3415744334243687,0.0,1.0,0.0
2013-07,-0.731614297814234,-0.07542606601108949,1.1284451818308334,0.8233194607532481,-0.36000558306616237,-0.0,1.3497881544453343,0.0,1.0,0.0
2013-08,-0.38183422351879653,-0.09521261603120079,1.1019043570073705,0.8079795704327016,-0.37848029625473295,-0.0,1.3582756661669986,0.0,1.0,0.0
2013-09,-0.2583824325909951,-0.3986308933722616,1.1045416333377542,0.8290523422917992,-0.41058389622175717,-0.0,1.366763177888663,0.0,1.0,0.0
2013-10,-0.0526294477113259,0.17845676161182986,0.905206798261828,0.8790446264249203,-0.42057841319262323,-0.0,1.3749768989096285,0.0,1.0,0.0
2013-11,-0.08349239544327627,0.4598981534969938,0.5601429050206118,1.1200658880655687,-0.4251213754521078,-0.0,1.383464410631293,0.0,1.0,0.0
2013-12,-0.2583824325909951,0.41830183415291244,0.13905971194750608,1.2486778659409232,-0.4127039452761833,-0.0,1.3916781316522584,0.0,1.0,0.0
2014-01,-0.4332724697387138,0.6656337094043079,0.12541126589267462,1.3995366946631767,-0.4169440433850355,-0.0,1.400165643373923,0.0,1.0,0.0
2014-02,-0.3509712757868461,0.8958481179997908,0.014507172172312798,1.3758296426422016,-0.42724142450653385,-0.0,1.4086531550955872,0.0,1.0,0.0
2014-03,0.029671746240541755,0.5273952450746093,-0.20262812470155714,1.291697995194668,-0.40119510755215565,-0.0,1.416319294715155,0.0,1.0,0.0
2014-04,-0.09378004468725973,0.46197039353288377,-0.7940770490081469,1.2225097936711171,-0.36818291513323453,-0.0,1.4248068064368193,0.0,1.0,0.0
2014-05,-0.09378004468725973,0.21054305894174027,-1.0993585461233326,0.5679180831326239,-0.34365091893201793,-0.0,1.433020527457785,0.0,1.0,0.0
2014-06,0.08110999246045904,0.0636167839669496,-1.2904458735567401,0.009653484001342562,-0.31397023217005215,-0.0,1.4415080391794493,0.0,1.0,0.0
2014-07,0.5029036114637807,0.39276648919452484,-1.3976668896223776,-0.27903530679263344,-0.3030671227472892,-0.0,1.4497217602004149,0.0,1.0,0.0
2014-08,0.3177259250720786,0.11234561982165904,-1.3990724518068638,-0.2950865504952385,-0.31487882462194905,-0.0,1.4582092719220792,0.0,1.0,0.0
2014-09,-0.02176649997937553,0.5465868616650618,-1.4549677126171485,-0.41478106305407336,-0.3351707227143134,-0.0,1.4666967836437437,0.0,1.0,0.0
2014-10,0.19427413414427708,0.6450450019509483,-1.3046694929439786,-0.6845848084295476,-0.3491024736433994,-0.0,1.474910504664709,0.0,1.0,0.0
2014-11,0.46175301448784695,0.5877553637114115,-0.867904419806115,-1.305511294126217,-0.3478910170408702,-0.0,1.4833980163863734,0.0,1.0,0.0
2014-12,0.44117771599988,0.6430396083678289,-0.3914595927205969,-1.6731015851761475,-0.3451652396851794,-0.0,1.491611737407339,0.0,1.0,0.0
2015-01,0.3177259250720786,0.2964674893331306,-0.2853345279583121,-1.6297746466572294,-0.3503139302459286,-0.0,1.5000992491290033,0.0,1.0,0.0
2015-02,0.14283588792435978,0.06251158928114138,0.05579474957920315,-1.7067440916364198,-0.36818291513323453,-0.0,1.5085867608506676,0.0,1.0,0.0
2015-03,0.2354247311202109,0.04409539154282829,0.31071775350203856,-1.5468248129620872,-0.3833261226648498,-0.0,1.5162529004702354,0.0,1.0,0.0
2015-04,0.40002711902394616,0.14519396671315532,0.6552911358161864,-1.4876581106496791,-0.37424019814588066,-0.0,1.5247404121919,0.0,1.0,0.0
2015-05,1.0584366706388872,-0.00744322354334109,1.0497646633757929,-1.1253377213918132,-0.3194217868814336,-0.0,1.5329541332128653,0.0,1.0,0.0
2015-06,2.0357633488173157,0.16294615635394727,1.2835980872588189,-0.41335177696679254,-0.24461434167525445,-0.0,1.5414416449345298,0.0,1.0,0.0
2015-07,1.9225992071334979,-0.2565131065667729,1.4460793081582823,0.3229596967943034,-0.20191049643609968,-0.0,1.5496553659554952,0.0,1.0,0.0
2015-08,2.087201595037233,-0.28485600254152754,1.3521045535024476,0.6628152387384766,-0.19009879456143966,-0.0,1.5581428776771598,0.0,1.0,0.0
2015-09,2.385543423112754,-0.41168600559836926,1.471068253286611,0.808429410443389,-0.21220787755759796,-0.0,1.566630389398824,0.0,1.0,0.0
2015-10,2.2929545799169024,-0.40591492850917,1.103906535655258,0.7700681260047451,-0.23673987375881453,-0.0,1.5748441104197897,0.0,1.0,0.0
2015-11,2.066626296549266,-0.3267932387947392,0.7434419691610428,1.1196738404521525,-0.24582579827778372,-0.0,1.583331622141454,0.0,1.0,0.0
2015-12,2.066626296549266,-0.28485600254152754,0.34034357098649903,0.9815118795793104,-0.2373456020600792,-0.0,1.5915453431624196,0.0,1.0,0.0
2016-01,2.066626296549266,-0.4721597632048817,0.3424801455257573,0.8967584701716401,-0.23068259074616848,-0.0,1.6000328548840836,0.0,1.0,0.0
2016-02,1.9328868563774813,-0.45408356035566044,0.5059655263390401,0.7916648948151677,-0.2555174510980175,-0.0,1.6085203666057482,0.0,1.0,0.0
2016-03,1.4390796926662752,-0.6703594956698511,0.5783138155783099,0.3324882843926987,-0.2985241604878046,-0.0,1.616460296926015,0.0,1.0,0.0
2016-04,1.4390796926662752,-0.5974277874819826,0.8776853817799586,-0.29243124464188947,-0.33002203215356424,-0.0,1.6249478086476792,0.0,1.0,0.0
2016-05,1.3567784987144076,-0.5730310604357884,1.0029273131967527,-0.3659885892141197,-0.3351707227143134,-0.0,1.6331615296686448,0.0,1.0,0.0
2016-06,0.44117771599988,-0.796431905595292,0.9609401907778026,-0.1945135965177695,-0.32275329253838897,-0.0,1.641649041390309,0.0,1.0,0.0
2016-07,-0.4744230667146477,-0.707860355674184,0.9812610784340783,0.22577395097982858,-0.31215304726625825,-0.0,1.6498627624112747,0.0,1.0,0.0
2016-08,-0.18636888788311085,-0.7432221291898568,1.1149580462819213,0.6757055282831866,-0.3212389717852274,-0.0,1.658350274132939,0.0,1.0,0.0
2016-09,-0.2172318356150612,-0.7098122720950872,1.081482736844445,0.8187647370269256,-0.345770967986444,-0.0,1.6668377858546033,0.0,1.0,0.0
2016-10,-0.4641354174706642,-0.7745731155392902,1.110487235971149,0.8560325948137025,-0.3527368434509871,-0.0,1.675051506875569,0.0,1.0,0.0
2016-11,-0.4024095220067634,-0.9546819696694303,1.166163662551892,0.9791201592863884,-0.3587941264636331,-0.0,1.6835390185972332,0.0,1.0,0.0
2016-12,-0.29953302956692884,-1.0392182220582833,1.1060640540521551,1.0953666663253134,-0.36061131136742697,-0.0,1.6917527396181988,0.0,1.0,0.0
2017-01,-0.3509712757868461,-0.9959685671156744,0.9685603260331835,1.165533415612699,-0.3727258773927191,-0.0,1.7002402513398631,0.0,1.0,0.0
2017-02,-0.34068362654286266,-0.9927766489958759,0.9774273260735956,1.2235883334741862,-0.3899891339787605,-0.0,1.7087277630615276,0.0,1.0,0.0
2017-03,-0.5155736636905813,-1.0166241210218045,0.6122514314341998,1.3515626679853276,-0.40392088490784644,-0.0,1.7163939026810955,0.0,1.0,0.0
2017-04,-0.11435534317522664,-0.8559051946253371,-0.04807656571057877,1.4625181422955913,-0.40694952641416954,-0.0,1.7248814144027598,0.0,1.0,0.0
2017-05,0.28686297734012817,-0.9890165360275271,-0.8311207344458137,1.104391965952206,-0.3960464169914065,-0.0,1.7330951354237254,0.0,1.0,0.0
2017-06,-0.15550594015116045,-0.9503302655940611,-1.2599995727792588,0.5641724266908148,-0.3787831604053652,-0.0,1.7415826471453897,0.0,1.0,0.0
2017-07,-0.5670119099104987,-0.886273538119042,-1.451155344267702,0.21705297976462118,-0.3584912623130009,-0.0,1.7497963681663553,0.0,1.0,0.0
2017-08,-0.6596007531063498,-0.8928913369433362,-1.4616895896261752,0.12678073070407894,-0.3927149113344512,-0.0,1.7582838798880196,0.0,1.0,0.0
2017-09,-0.6698884023503332,-0.591280142042175,-1.5057733413129675,0.11707862541343189,-0.3663657302294408,-0.0,1.766771391609684,0.0,1.0,0.0
2017-10,-0.5258613129345648,-0.974243469965214,-1.5346068959349957,-0.09001325798443488,-0.35364543590288394,-0.0,1.7749851126306495,0.0,1.0,0.0
2017-11,-0.5567242606665153,-1.0839206732411075,-1.3429272606330298,-0.38485591888459253,-0.3645485453256469,-0.0,1.783472624352314,0.0,1.0,0.0
2017-12,-0.6801760515943167,-1.1106102336173347,-1.0332163608904434,-0.7991150752595974,-0.37454306229651296,-0.0,1.7916863453732794,0.0,1.0,0.0
2018-01,-0.731614297814234,-1.1444345387192825,-1.16247081996827,-0.7478327532467024,-0.37454306229651296,-0.0,1.800173857094944,0.0,1.0,0.0
2018-02,-0.6493131038623663,-1.0902459392554198,-1.3274784313247763,-0.3166338839609758,-0.4005893792508911,-0.0,1.8086613688166082,0.0,1.0,0.0
2018-03,-0.7419019470582175,-1.1472420897356495,-1.3870132333037637,-0.4221006651783974,-0.415429722631874,-0.0,1.816327508436176,0.0,1.0,0.0
2018-04,-1.2768597077453574,-1.0866836599556278,-1.1559352661252624,-0.9813262172542613,-0.3933206396357158,-0.0,1.8248150201578404,0.0,1.0,0.0
2018-05,-0.8859290364739858,-1.0467050247685958,-0.7895584402281097,-1.4923635841779088,-0.37908602455599755,-0.0,1.833028741178806,0.0,1.0,0.0
2018-06,-0.44356011898269726,-0.9988897571017517,-0.0978810500604885,-1.8670343229926338,-0.35455402835478084,-0.0,1.8415162529004703,0.0,1.0,0.0
2018-07,0.029671746240541755,-1.0571999178535876,0.41667852197019495,-1.803145338500988,-0.3206332434839628,-0.0,1.849729973921436,0.0,1.0,0.0
2018-08,0.5646295069276815,-1.080261944059461,0.8665688643339907,-1.6674076402244526,-0.2939811982283201,-0.0,1.8582174856431002,0.0,1.0,0.0
2018-09,0.7189442455874334,-1.1181126338332938,1.2545765611203283,-1.2340026627451037,-0.270963522780265,-0.0,1.8667049973647647,0.0,1.0,0.0
2018-10,0.6160677531475989,-1.114955253047427,1.422915741712742,-0.826401896625998,-0.2703577944790004,-0.0,1.87491871838573,0.0,1.0,0.0
2018-11,0.42060241751191313,-1.1500942050538636,1.7509327257046898,-0.37361330864666986,-0.2721749793827941,-0.0,1.8834062301073946,0.0,1.0,0.0
2018-12,0.26628767885216126,-1.1426296844944748,1.722763026948128,0.1392054764107306,-0.2703577944790004,-0.0,1.89161995112836,0.0,1.0,0.0
2019-01,0.17369883565631017,-1.1128830130115366,1.3325218623505048,0.38344822785644955,-0.28640959446251246,-0.0,1.9001074628500245,0.0,1.0,0.0
2019-02,0.595492454659632,-1.1212555312210604,1.0215236309290197,0.4728102706066405,-0.3006442095422307,-0.0,1.9085949745716886,0.0,1.0,0.0
2019-03,0.8629713350032018,-1.0799277117956076,1.1998716216470056,0.7846769160039511,-0.3260847981953443,-0.0,1.9162611141912564,0.0,1.0,0.0
2019-04,0.3897394697799627,-1.0368808244264032,1.0219824076952717,0.9021855816183284,-0.33941082082316565,-0.0,1.9247486259129207,0.0,1.0,0.0
2019-05,0.3177259250720786,-1.0380149859084116,0.5585734473494128,1.3499059282089663,-0.34395378308265023,-0.0,1.9329623469338864,0.0,1.0,0.0
2019-06,0.44117771599988,-1.0915879613739006,-0.03415757724882987,1.3655027199042642,-0.3212389717852275,-0.0,1.9414498586555506,0.0,1.0,0.0
2019-07,0.3897394697799627,-1.1108107729756467,-0.17332672753570022,1.3322040766601277,-0.2103906926538042,-0.0,1.9496635796765163,0.0,1.0,0.0
2019-08,0.4103147682679297,-1.1246479886991707,-0.2554248377348775,1.2829693062941487,-0.07743333052622266,-0.0,1.9581510913981806,0.0,1.0,0.0
2019-09,0.24571238036419438,-1.1217045165621697,-0.10516339427333356,1.1228570153177033,-0.03442662113643542,-0.0,1.9666386031198448,0.0,1.0,0.0
2019-10,0.40002711902394616,-1.1588733725177423,-0.48269278068058213,0.9128951844380323,-0.06834740600725353,-0.0,1.9748523241408105,0.0,1.0,0.0
2019-11,0.5646295069276815,-1.124605652612416,-0.6690377317515058,0.7569370099109798,-0.09893668522111615,-0.0,1.9833398358624748,0.0,1.0,0.0
2019-12,0.45146536524386344,-1.1237121383603816,-0.8776303144504948,0.6901236546326452,-0.09257653805783783,-0.0,1.9915535568834404,0.0,1.0,0.0
2020-01,0.328013574316062,-1.0988452579297008,-0.904905885304893,0.4587021623450148,-0.04351254565540456,-0.0,2.0000410686051047,0.0,1.0,0.0
2020-02,0.3485888728040289,-1.1121269565801997,-0.8908501293335426,0.3384696183328907,0.02281470333307005,-0.0,2.008528580326769,0.0,1.0,0.0
2020-03,0.21484943263224396,-1.1080700684120504,-0.8151911665042305,0.18775019808757473,0.016454556169791735,-0.0,2.016468510647036,0.0,1.0,0.0
2020-04,-0.0732047461992928,-1.096146889452859,-0.4987523511571725,-0.04082940027490507,-0.07046745506167967,-0.0,2.0249560223687,0.0,1.0,0.0
2020-05,-0.15550594015116045,-1.0828021092647453,0.3319550381768528,-0.7382434108331349,-0.10166246257680697,-0.0,2.033169743389666,0.0,1.0,0.0
2020-06,-0.618450156130416,-1.062438451535714,0.6345548337611153,-0.49646899361774677,-0.10771974558945302,-0.0,2.04165725511133,0.0,1.0,0.0
2020-07,-0.8859290364739858,-1.0605422404921199,0.6617909576643346,0.02661871734996821,-0.10983979464387916,-0.0,2.0498709761322957,0.0,1.0,0.0
2020-08,-0.9065043349619527,-1.0268516282957136,0.5818435925436962,0.5956355207291922,-0.12922310028434664,-0.0,2.05835848785396,0.0,1.0,0.0
2020-09,-1.1019696705976385,-1.0669973796146721,0.6005367202423646,0.9844663793639175,-0.17222980967413382,-0.0,2.0668459995756243,0.0,1.0,0.0
2020-10,-1.1225449690856053,-1.010674786725217,0.4772433502516293,1.3064031364907553,-0.2028190888879965,-0.0,2.07505972059659,0.0,1.0,0.0
2020-11,-1.0813943721096715,-0.7260448190428928,0.12980269561598942,1.3853410642049686,-0.22159666622719937,-0.0,2.0835472323182542,0.0,1.0,0.0
2020-12,-1.0916820213536549,-0.803250243777898,-0.16757502019073425,1.2624175015576409,-0.24794584733220987,-0.0,2.09176095333922,0.0,1.0,0.0
2021-01,-1.1534079168175557,-1.022172376601768,-0.19730470190099747,1.0306072092179073,-0.2373456020600792,-0.0,2.100248465060884,0.0,1.0,0.0
2021-02,-0.9065043349619527,-1.0571641072538889,-0.2142563272328617,1.097169101683885,-0.2621804624119281,-0.0,2.1087359767825484,0.0,1.0,0.0
2021-03,-0.731614297814234,-1.0069982318228312,-0.39314481413679003,1.1664449795471794,-0.2797465831486018,-0.0,2.1164021164021163,0.0,1.0,0.0
2021-04,-0.8962166857179693,-0.9867326155578634,-0.8169065353284175,1.1364090564859426,-0.3030671227472892,-0.0,2.124889628123781,0.0,1.0,0.0
2021-05,-1.0196684766457709,-0.9508828629369651,-1.0729725005678172,0.8065430960865133,-0.23643700960818226,-0.0,2.133103349144746,0.0,1.0,0.0
2021-06,-0.999093178157804,-0.8475471598139137,-1.149645913628868,0.2706307815594907,-0.15920665119694472,-0.0,2.141590860866411,0.0,1.0,0.0
2021-07,-1.4003114986731586,-0.8147478336544492,-1.0473909395946124,-0.3269838584284634,-0.1431548512134326,-0.0,2.149804581887376,0.0,1.0,0.0
2021-08,-1.245996760013407,-0.8969021241095749,-0.9969918032403505,-0.3285094227824981,-0.15557228138935703,-0.0,2.158292093609041,0.0,1.0,0.0
2021-09,-1.3282979539652746,-0.7191373522565924,-1.1705048832879152,-0.5045304660337908,-0.17828709268677986,-0.0,2.166779605330705,0.0,1.0,0.0
2021-10,-1.4208867971611256,-0.7136759970652307,-1.1255811453467648,-0.6445845847940992,-0.1891902021095428,-0.0,2.1749933263516708,0.0,1.0,0.0
2021-11,-1.3488732524532414,-0.8013362070135651,-0.6779633198441973,-1.1638812480313787,-0.22159666622719928,-0.0,2.183480838073335,0.0,1.0,0.0
2021-12,-1.1534079168175557,-0.4803150304429003,-0.2349122113397435,-1.3907908734879262,-0.23825419451197613,-0.0,2.1916945590943007,0.0,1.0,0.0
2022-01,-0.95794258118187,-0.46393764951409183,-0.21179375697187966,-1.3375668915929326,-0.23764846621071148,-0.0,2.200182070815965,0.0,1.0,0.0
2022-02,-0.9270796334499196,-0.3401690548359251,0.06342442824021069,-1.3794184248369776,-0.08288488523760416,-0.0,2.2086695825376292,0.0,1.0,0.0
2022-03,-1.266572058501374,-0.08645573071824629,0.035245418599964336,-1.4197000876232961,0.12821142775311176,-0.0,2.216335722157197,0.0,1.0,0.0
2022-04,-1.5649138865768941,0.182287063355588,0.3240481912861177,-1.4547435735794754,0.16152648432266517,-0.0,2.2248232338788614,0.0,1.0,0.0
2022-05,-1.5957768343088443,0.29142726679422365,0.7853698656532868,-1.2752417819337354,0.15425774470749004,-0.0,2.2330369548998266,0.0,1.0,0.0
2022-06,-1.8735433638963976,-0.06506932226182385,1.1569298282341203,-0.6572272063471039,0.18151551826439744,-0.0,2.241524466621491,0.0,1.0,0.0
2022-07,-2.1513098934839507,0.1368782679884867,1.2996509300490273,-0.1252902533649115,0.22543082010608137,-0.0,2.2497381876424565,0.0,1.0,0.0
2022-08,-1.719228625236646,-0.04100014283420589,1.2934310993221763,0.37497466008946956,0.2251279559554491,-0.0,2.2582256993641208,0.0,1.0,0.0
2022-09,-1.698653326748679,0.28175458507831097,1.32855762847733,0.7847067957637619,0.20877329182130483,-0.0,2.2667132110857855,0.0,1.0,0.0
2022-10,-1.6883656775046956,0.20298940977865693,1.3737751303170342,0.8385077410723155,0.17424677864922206,-0.0,2.2749269321067507,0.0,1.0,0.0
2022-11,-1.4929003418690099,-0.04572841526018313,1.24791905594201,0.8567396091588765,0.16152648432266517,-0.0,2.2834144438284154,0.0,1.0,0.0
2022-12,-1.22542146152544,0.4324064356875186,0.931809350649992,0.9044263651785299,0.12821142775311176,-0.0,2.2916281648493806,0.0,1.0,0.0
2023-01,-1.060819073621705,1.1133044036093331,0.6984177428142776,0.9711976993081421,0.15577206546065142,-0.0,2.3001156765710453,0.0,1.0,0.0
2023-02,-0.8550660887420355,1.0535603864455674,0.47380498624094264,0.9963622872922716,0.10943385041390893,-0.0,2.3086031882927096,0.0,1.0,0.0
2023-03,-0.7007513500822836,0.6858881845938138,0.3804372475250549,1.357342525351005,0.030689171249509973,-0.0,2.3162693279122775,0.0,1.0,0.0
2023-04,-0.2892453803229454,0.4927086207319201,0.11705784725840034,1.5612788085270344,0.0016142127888088289,-0.0,2.3247568396339418,0.0,1.0,0.0
2023-05,0.019384096996558305,0.7650343846742608,-0.48583435186840657,1.2339996892510454,-0.016557636249129433,-0.0,2.3329705606549074,0.0,1.0,0.0
2023-06,0.5234789099517476,0.9090907186100974,-1.0494846497632042,0.93023792854673,-0.04139249660097841,-0.0,2.3414580723765717,0.0,1.0,0.0
2023-07,0.6057801039036154,1.2417832858345172,-1.320444859613744,0.5159713644697012,-0.0807648361831779,-0.0,2.3496717933975373,0.0,1.0,0.0
2023-08,0.6057801039036154,0.7177070961126419,-1.3930978621849592,0.3488893754416758,-0.10832547389071756,-0.0,2.3581593051192016,0.0,1.0,0.0
2023-09,0.7909577902953175,0.6859795414126003,-1.4332923105203275,0.08358795082054853,-0.14527490026785875,-0.0,2.366646816840866,0.0,1.0,0.0
2023-10,0.574917156171665,0.39323441436391954,-1.305022110608048,-0.19405181201888894,-0.17525845118045683,-0.0,2.3748605378618315,0.0,1.0,0.0
2023-11,1.0172860736629536,0.6189771135854878,-0.9219117527369651,-0.788221871768211,-0.1858586964525875,-0.0,2.3833480495834958,0.0,1.0,0.0
2023-12,1.2436143570305895,0.49002807797581727,-0.44174851184676267,-1.362636522891976,-0.1897959304108074,-0.0,2.3915617706044614,0.0,1.0,0.0
2024-01,0.801245439539301,0.7398332719797261,-0.22210023127559517,-1.5656589928062914,-0.1976703983272474,-0.0,2.4000492823261257,0.0,1.0,0.0
2024-02,0.7806701410513341,0.9571119040854768,-0.125479704639216,-1.5373968008437804,-0.22129380207656701,-0.0,2.40853679404779,0.0,1.0,0.0
2024-03,0.8835466334911687,0.6372239669767826,0.2325965924332396,-1.5397860057008261,-0.2424942926208283,-0.0,2.416476724368057,0.0,1.0,0.0
2024-04,0.4308900667558966,0.8217112637633994,0.8067307645784741,-1.3457448370504275,-0.24946016808537141,-0.0,2.4249642360897212,0.0,1.0,0.0
2024-05,0.2045617833882605,1.429688664572807,1.2272808693857067,-0.5950331762073523,-0.1643553417576939,-0.0,2.433177957110687,0.0,1.0,0.0
2024-06,-0.16579358939514394,1.420864932807082,1.2131575688283103,-0.08347332472508974,-0.016860500399761703,-0.0,2.441665468832351,0.0,1.0,0.0
2024-07,-0.6596007531063498,1.7974110012641389,1.0227690577290731,0.48261404843666544,0.014637371265997857,-0.0,2.4498791898533168,0.0,1.0,0.0
2024-08,-0.6698884023503332,2.7015092749871448,0.9187758404136283,0.6372584054558315,0.017363148621688546,-0.0,2.458366701574981,0.0,1.0,0.0
2024-09,-0.5875872083984657,1.5626752259298262,0.8665847469415705,0.8821044202199302,0.017666012772320945,-0.0,2.4668542132966453,0.0,1.0,0.0
2024-10,-0.44356011898269726,2.018405374123899,0.6227929316280991,1.1609598368929834,-0.00656311927826349,-0.0,2.475067934317611,0.0,1.0,0.0
2024-11,-0.618450156130416,1.5355979561275286,0.3455540236534673,1.314615836665536,-0.03018652302758313,-0.0,2.4835554460392752,0.0,1.0,0.0
2024-12,-0.8550660887420355,1.414313980435558,0.097253367547603,1.1780581071681213,-0.01928341360482025,-0.0,2.491769167060241,0.0,1.0,0.0
2025-01,-0.9476549319378866,1.2631741507211245,0.042759022356242946,1.2631297885539106,-0.013528994742806473,-0.0,2.500256678781905,0.0,1.0,0.0
2025-02,-0.7727648947901677,1.2009114547118929,-0.12613422689633355,1.2083772273928395,-0.05471851922879983,-0.0,2.5087441905035694,0.0,1.0,0.0
2025-03,-0.618450156130416,0.8219207159820813,-0.19092118546498874,1.258440545943582,-0.07046745506167967,-0.0,2.5164103301231373,0.0,1.0,0.0
2025-04,-0.30982067881091235,0.8432625601366566,-0.7810082302535462,1.0646921633792008,-0.0822791569363395,-0.0,2.524897841844802,0.0,1.0,0.0
2025-05,-0.2892453803229454,0.3181658479024824,-1.135671443856975,0.48386533093529577,-0.0901536248527793,-0.0,2.533111562865767,0.0,1.0,0.0
2025-06,-1.1225449690856053,0.25889087001565736,-1.2615206329878725,-0.22496510189437183,-0.07258750411610583,-0.0,2.541599074587432,0.0,1.0,0.0
2025-07,-1.1739832153055227,0.40132283514916756,-1.3324714418102754,-0.5552808381865681,-0.07016459091104728,-0.0,2.549812795608397,0.0,1.0,0.0
2025-08,-0.8139154917661017,0.8133643700274384,-1.3698816905768616,-0.6858153524012355,-0.08682211919582407,-0.0,2.558300307330062,0.0,1.0,0.0
2025-09,-1.0711067228656883,0.6901240214843802,-1.209415561699859,-0.8418844460784619,-0.11347416445146678,-0.0,2.566787819051726,0.0,1.0,0.0
2025-10,-1.1431202675735723,0.3376850121115114,-0.75182008646059,-1.2547808057724614,-0.15163504743113712,-0.0,2.5750015400726918,0.0,1.0,0.0
2025-11,-1.0093808274017875,0.3200910257422771,0.05710795124870916,-1.6965605161936508,-0.17253267382476614,-0.0,2.583489051794356,0.0,1.0,0.0
2025-12,-0.7110389993262671,0.6725188940396841,0.38255674554024444,-1.6527319299980452,-0.17525845118045683,-0.0,2.5917027728153212,0.0,1.0,0.0
2026-01,-0.7007513500822836,0.4842792830375415,0.3034408868365007,-1.438991804512996,-0.17525845118045683,-0.0,2.6001902845369855,0.0,1.0,0.0
2026-02,-0.8962166857179693,0.20986265754746755,0.6236745985308508,-1.2631859557153675,-0.17525845118045683,-0.0,2.60867779625865,0.0,1.0,0.0
2026-03,-0.9785178796698369,0.14022059062701955,1.1250276351408481,-1.1280471311909805,-0.17525845118045683,-0.0,2.6163439358782177,0.0,1.0,0.0
2026-04,-0.5772995591544822,-0.04289635387779967,1.2236462636875916,-0.7068835010889686,-0.17525845118045683,-0.0,2.624831447599882,0.0,1.0,0.0
2026-05,0.3588765220480124,0.11374939532984255,1.3591518351235405,-0.40386625977273055,-0.17525845118045683,-0.0,2.6330451686208476,0.0,1.0,0.0
2026-06,1.6448326775459443,0.1815790480099917,1.1747708376866661,0.08102558851920984,-0.17525845118045683,-0.0,2.641532680342512,0.0,1.0,0.0
