time,enso,solar,qboA,qboB,aod,linear_pre,linear_post,pre_const,post_const,gap_cons
1979-01,0.5453528764300254,1.581821263707028,-1.0715571880778811,-0.9485229213024017,-0.41078776293418534,-1.800173857094944,0.0,1.0,0.0,0.0
1979-02,0.3421439844736547,1.6362715479665744,-0.8350981753660934,-0.8871044242320159,-0.4113552699951194,-1.7916863453732794,0.0,1.0,0.0,0.0
1979-03,0.027170201941280087,1.3216581889676196,-1.1712386555250316,-0.6217230396532298,-0.4124821111578192,-1.7840202057537116,0.0,1.0,0.0,0.0
1979-04,0.3319835398758362,1.1338066255357144,-1.2326092099249204,-0.5547249792166175,-0.4153663618465876,-1.7755326940320473,0.0,1.0,0.0,0.0
1979-05,0.42342754125620297,1.0069393804745008,-1.229580172593346,-0.04354432569221397,-0.4193556144792947,-1.7673189730110817,0.0,1.0,0.0,0.0
1979-06,-0.07443424403690528,1.36325609715203,-0.8125332929324277,0.6821975128175082,-0.4184323827201361,-1.7588314612894174,0.0,1.0,0.0,0.0
1979-07,-0.06427379943908673,1.0598846128627888,-0.7319248537260108,1.2026483482120744,-0.4152258807369497,-1.7506177402684517,0.0,1.0,0.0,0.0
1979-08,0.575834210223481,1.1753038773847853,-0.6205558213669705,1.3639975386121508,-0.4068600084696459,-1.7421302285467875,0.0,1.0,0.0,0.0
1979-09,0.4945506534409327,1.7021257157041418,-0.6126226255452463,1.3345850236129913,-0.3974946681519255,-1.733642716825123,0.0,1.0,0.0,0.0
1979-10,0.35230442907147325,1.996391156856386,0.047808959241281236,1.5949373332477803,-0.385419991869931,-1.7254289958041575,0.0,1.0,0.0,0.0
1979-11,0.6571177670060292,2.212128998792086,0.7057389606302166,1.8820284249152015,-0.37625165113085074,-1.716941484082493,0.0,1.0,0.0,0.0
1979-12,0.7587222129842147,1.5963157759958368,1.152885481994498,1.1922377737665328,-0.3663810611570081,-1.7087277630615276,0.0,1.0,0.0,0.0
1980-01,0.4945506534409327,1.6453689634176851,1.0705339046107711,0.28141912406787456,-0.34125006027324806,-1.7002402513398631,0.0,1.0,0.0,0.0
1980-02,0.37262531826711026,1.5520478138953897,1.1836786442672984,0.36597811219229925,-0.34152677969951284,-1.6917527396181988,0.0,1.0,0.0,0.0
1980-03,0.596155099419118,0.956946733922822,1.2839921875518692,0.23100436124563117,-0.34476309288622276,-1.683812809297932,0.0,1.0,0.0,0.0
1980-04,0.9314497711471297,1.8490593604170389,1.3578103025501957,0.0973653831457233,-0.3493189593602827,-1.6753252975762678,0.0,1.0,0.0,0.0
1980-05,0.7892035467776701,2.260714693456471,1.150059426072008,-0.22781897198914353,-0.356308201608996,-1.6671115765553022,0.0,1.0,0.0,0.0
1980-06,0.6266364332125737,1.6406202211971388,0.9072065216931612,-0.8677992257270424,-0.3162889944148169,-1.658624064833638,0.0,1.0,0.0,0.0
1980-07,0.596155099419118,1.4643217682546934,0.5316248880074264,-0.8676045567676889,-0.2701156829498843,-1.6504103438126723,0.0,1.0,0.0,0.0
1980-08,0.1998977601041952,1.0376060106411011,0.22605990469279866,-1.1297563766335186,-0.2386555067574499,-1.641922832091008,0.0,1.0,0.0,0.0
1980-09,0.2608604276911064,1.360967843128658,0.26516803194327604,-1.3041512984611965,-0.22709635215676185,-1.6334353203693435,0.0,1.0,0.0,0.0
1980-10,0.12877464791946544,1.7149560432486803,0.2836676426553572,-1.243834228645209,-0.2166348304384674,-1.625221599348378,0.0,1.0,0.0,0.0
1980-11,-0.023632021047812583,1.9339327823748411,0.24747471478562638,-1.074535711100619,-0.22554951914696805,-1.6167340876267136,0.0,1.0,0.0,0.0
1980-12,-0.023632021047812583,2.0449075104897605,0.3089185881656145,-0.7785037979156377,-0.22291036791128896,-1.6085203666057482,0.0,1.0,0.0,0.0
1981-01,-0.21668046840636476,1.0097577578639914,-0.1093306519232832,-0.876667448171687,-0.2075322083300761,-1.6000328548840836,0.0,1.0,0.0,0.0
1981-02,-0.12523646702599794,1.6452611173441083,-0.2694661054631553,-1.351339429004236,-0.20788159116927393,-1.5915453431624196,0.0,1.0,0.0,0.0
1981-03,0.23037909389765077,1.7215322571574916,-0.3277566943057313,-1.2618655195994863,-0.21477983667314948,-1.5838792035428517,0.0,1.0,0.0,0.0
1981-04,0.22021864929983223,2.168582831317003,-0.7619436424950913,-1.1708411629215942,-0.22334871542077722,-1.5753916918211872,0.0,1.0,0.0,0.0
1981-05,-0.3182849143845501,1.6326191609414185,-1.066281106518026,-0.7019519711331396,-0.2287169651039652,-1.5671779708002218,0.0,1.0,0.0,0.0
1981-06,-0.5722960293300134,0.8616430788164512,-1.0179516268807982,0.23682141871383927,-0.20887047456765284,-1.5586904590785573,0.0,1.0,0.0,0.0
1981-07,-0.450370694156191,1.617654919087695,-0.39903133916595573,0.9304895288816275,-0.18136538535894353,-1.550476738057592,0.0,1.0,0.0,0.0
1981-08,-0.18619913461290913,2.19555649238039,-0.48618385720335294,0.9071324197736348,-0.16230318627592957,-1.5419892263359274,0.0,1.0,0.0,0.0
1981-09,0.09829331412600983,2.1112377986706776,-0.32164952483581855,1.1849831767640258,-0.17491638464344725,-1.533501714614263,0.0,1.0,0.0,0.0
1981-10,0.017009757343461548,2.1299285617393937,-0.2556039665678548,1.2924569157990218,-0.18481562463535786,-1.5252879935932975,0.0,1.0,0.0,0.0
1981-11,-0.09475513323254234,1.7243148456277506,-0.07863419347323582,1.6818913588020372,-0.19322269665584593,-1.5168004818716332,0.0,1.0,0.0,0.0
1981-12,-0.1150760224281794,1.6830144328344527,0.017293160294296474,1.5068288228004676,-0.24636649275828598,-1.5085867608506676,0.0,1.0,0.0,0.0
1982-01,-0.3792475819714613,1.1003484596690474,-0.43705076270024107,1.3565237911828991,-0.2929958598109047,-1.5000992491290033,0.0,1.0,0.0,0.0
1982-02,-0.5519751401343764,1.8401341791397294,-0.7259642413008762,1.2267328152154617,-0.2996913444698412,-1.491611737407339,0.0,1.0,0.0,0.0
1982-03,-0.24716180219982034,1.8278924514989825,-0.3492718751014933,1.3425272836153548,-0.28230741565799894,-1.4839455977877711,0.0,1.0,0.0,0.0
1982-04,0.1998977601041952,0.8839015497710717,-0.3766382495997132,1.6910901691899922,0.41909692270257237,-1.4754580860661068,0.0,1.0,0.0,0.0
1982-05,0.7384013237885776,0.5711645526804031,0.22763663639374665,1.6362913698291246,0.5521964657211279,-1.4672443650451412,0.0,1.0,0.0,0.0
1982-06,1.510595113222786,1.1841482140499013,1.1619676015320035,2.0229601364218435,0.7043223897174901,-1.458756853323477,0.0,1.0,0.0,0.0
1982-07,1.9678151201246203,0.9229919968018155,1.231140771812774,1.0508037690431373,0.75723064381636,-1.4505431323025113,0.0,1.0,0.0,0.0
1982-08,2.0287777877115314,1.0738422913631236,1.5608027160910023,0.43193443375084556,0.8331631510947025,-1.442055620580847,0.0,1.0,0.0,0.0
1982-09,1.835729340352979,0.9693990410079761,1.8063883368290918,0.2274857563352207,0.9028587526471116,-1.4335681088591827,0.0,1.0,0.0,0.0
1982-10,1.9678151201246203,0.8404538018238759,1.3988038631193906,-0.5128015843936052,1.0159467828117228,-1.425354387838217,0.0,1.0,0.0,0.0
1982-11,2.3539120148417245,0.8990872355625411,1.3158296660430167,-0.6054022369693144,1.3087000364913663,-1.4168668761165528,0.0,1.0,0.0,0.0
1982-12,2.5571209067980956,1.512234183876033,1.3468125543537712,-0.8323381319575648,2.1516117044666463,-1.4086531550955872,0.0,1.0,0.0,0.0
1983-01,2.6993671311675547,0.3597191442450475,1.0109322036557122,-0.9776594723969915,2.3387587138379713,-1.400165643373923,0.0,1.0,0.0,0.0
1983-02,2.841613355537014,-0.018106393346768227,0.716063544909812,-1.115486643198112,2.3036301741473864,-1.3916781316522584,0.0,1.0,0.0,0.0
1983-03,2.821292466341377,-0.06518479933244314,0.4114673857805313,-1.298665384738715,2.2984260982232283,-1.3840119920326905,0.0,1.0,0.0,0.0
1983-04,2.851773800134833,-0.012053911925641134,0.2972930261417282,-1.261026512049641,2.315575735538914,-1.3755244803110263,0.0,1.0,0.0,0.0
1983-05,2.7095275757653736,0.40971179079672637,-0.5304937923904319,-1.198174283120811,2.1631092269162293,-1.3673107592900606,0.0,1.0,0.0,0.0
1983-06,1.6731622267878827,0.4697969125717238,-1.1063498921411938,-0.690220574998336,2.0345102600796556,-1.3588232475683963,0.0,1.0,0.0,0.0
1983-07,0.9619311049405853,0.18014824200035892,-1.204239944151251,-0.42701295500481984,1.8055143055324927,-1.3506095265474307,0.0,1.0,0.0,0.0
1983-08,0.09829331412600983,0.14713296400918355,-1.2538870840606422,-0.09986723920321713,1.4890110577636277,-1.3421220148257664,0.0,1.0,0.0,0.0
1983-09,-0.34876624817800567,-0.21335092495137867,-1.274395355259078,-0.1620735560021968,1.3287236971316154,-1.333634503104102,0.0,1.0,0.0,0.0
1983-10,-0.3792475819714613,-0.18147641876071097,-1.038071792020797,0.25709649138939933,1.1225109157989515,-1.3254207820831365,0.0,1.0,0.0,0.0
1983-11,-0.35892669277582423,-0.6244475960468575,-0.9983458825186637,0.5683777867955832,1.1124018138664309,-1.316933270361472,0.0,1.0,0.0,0.0
1983-12,-0.3792475819714613,-0.622351167545315,-0.48561529577315576,1.1026849280750874,1.253278083847001,-1.3087195493405068,0.0,1.0,0.0,0.0
1984-01,-0.3182849143845501,-0.16684769802478347,-0.9572959182247048,0.8510937501620484,1.188833898856555,-1.3002320376188423,0.0,1.0,0.0,0.0
1984-02,-0.297964025188913,0.3478810336336897,-1.1478347388000263,0.6823614458413632,1.0887191685336342,-1.291744525897178,0.0,1.0,0.0,0.0
1984-03,0.006849312745643019,0.007891700123635137,-1.2909051654988504,0.47553532866476667,0.9778720476544112,-1.2838045955769113,0.0,1.0,0.0,0.0
1984-04,0.006849312745643019,0.1913926730614461,-1.160181133407807,0.8848703314484456,0.9061897471094318,-1.275317083855247,0.0,1.0,0.0,0.0
1984-05,-0.7247026982972915,0.2222225901720405,-1.0303334391999397,1.4007452958107978,0.8338419979764368,-1.2671033628342814,0.0,1.0,0.0,0.0
1984-06,-0.6942213645038359,-0.3536278306871922,-0.5921743634543639,1.8380193537916982,0.8029385655489825,-1.258615851112617,0.0,1.0,0.0,0.0
1984-07,-0.1658782454172721,-0.5880609093065127,-0.2647699933423632,1.9318637217553623,0.7108701358576912,-1.2504021300916515,0.0,1.0,0.0,0.0
1984-08,0.04749109113691715,-0.7217996268601984,0.2660985151285239,1.960030885834754,0.6288558750946748,-1.2419146183699872,0.0,1.0,0.0,0.0
1984-09,0.006849312745643019,-0.8636311137751361,0.6867801066149866,1.8983804359030814,0.5861532799650562,-1.2334271066483227,0.0,1.0,0.0,0.0
1984-10,0.057651535734735686,-0.985854746566046,0.9941604572686435,1.6577426498176049,0.49328693722185285,-1.2252133856273573,0.0,1.0,0.0,0.0
1984-11,-0.5316542509387393,-0.9538437951208075,1.4257254134761403,1.0523114264645672,0.4320492318841037,-1.2167258739056928,0.0,1.0,0.0,0.0
1984-12,-0.2573222467976389,-0.9769969890562181,1.7187970091309634,0.65904871633819,0.3407289629140501,-1.2085121528847274,0.0,1.0,0.0,0.0
1985-01,-0.24716180219982034,-1.0063215347516328,1.606386886824556,0.2568302228919732,0.2862413179516506,-1.2000246411630628,0.0,1.0,0.0,0.0
1985-02,-0.5113333617431022,-1.010748016927134,1.2723741734341187,-0.05210615635715733,0.22036673112382402,-1.1915371294413986,0.0,1.0,0.0,0.0
1985-03,-0.450370694156191,-0.9967256307826529,1.5803590452158949,-0.45239885175295214,0.15199104014659737,-1.1838709898218307,0.0,1.0,0.0,0.0
1985-04,-0.6230982523191062,-0.9312386190111314,1.5593016789722451,-0.6107848829981102,0.09353687498983304,-1.1753834781001662,0.0,1.0,0.0,0.0
1985-05,-0.9888742578405735,-0.7991036924005129,1.360909225732816,-0.7969894525662679,0.0335690152697385,-1.1671697570792008,0.0,1.0,0.0,0.0
1985-06,-0.1760386900150906,-0.8728534708996358,1.142679158170358,-0.711824001729218,0.006568371819528425,-1.1586822453575363,0.0,1.0,0.0,0.0
1985-07,0.04749109113691715,-0.8148060807133891,0.7027483403537125,-0.9393221176219423,-0.0213709560885955,-1.1504685243365709,0.0,1.0,0.0,0.0
1985-08,-0.297964025188913,-0.9815600762582508,0.6153305490849932,-0.8978957468385024,-0.035026407724470535,-1.1419810126149064,0.0,1.0,0.0,0.0
1985-09,-0.28780358059109445,-1.044749886776592,0.462031632446521,-1.042378887303256,-0.06614072929505298,-1.133493500893242,0.0,1.0,0.0,0.0
1985-10,0.1186142033216469,-0.9628379978852059,0.08269793094185687,-1.1561119147358216,-0.08122126811180026,-1.1252797798722767,0.0,1.0,0.0,0.0
1985-11,0.17957687090855812,-0.9952403906345402,-0.2853111114424725,-1.0941885397922542,-0.10402159114225873,-1.1167922681506124,0.0,1.0,0.0,0.0
1985-12,-0.297964025188913,-0.9990071743836688,-0.47794258148324426,-1.04466783394057,-0.0071864951557374275,-1.1085785471296468,0.0,1.0,0.0,0.0
1986-01,-0.35892669277582423,-1.0308816805743368,-0.38779135966896466,-1.3189971723838732,0.11859186288723045,-1.1000910354079825,0.0,1.0,0.0,0.0
1986-02,-0.26748269139545744,-0.8103029079966773,-0.39663152418061975,-1.5197694775171435,0.16153839628448274,-1.091603523686318,0.0,1.0,0.0,0.0
1986-03,-0.3081244697867315,-0.9200926074779316,-0.6643437527492179,-1.4332802870007024,0.13217746475185335,-1.08393738406675,0.0,1.0,0.0,0.0
1986-04,-0.2370013576020018,-0.9331108268484359,-1.0476130641705406,-1.2686980859297843,0.112378180870409,-1.0754498723450858,0.0,1.0,0.0,0.0
1986-05,0.31166265068019905,-0.9612274965197827,-1.2723406298757907,-0.8588809890780142,0.10621648423321509,-1.0672361513241202,0.0,1.0,0.0,0.0
1986-06,0.6875991007994848,-1.0552203824592947,-1.4527297549517524,-0.2874433692103039,0.054452087130067404,-1.058748639602456,0.0,1.0,0.0,0.0
1986-07,0.8501662143645814,-0.9971282561240082,-1.4892803412365512,-0.07584962685102868,0.04756317577081568,-1.0505349185814903,0.0,1.0,0.0,0.0
1986-08,1.3277071104620524,-1.047926153358399,-1.5205893470278424,-0.06099705629358166,0.03901037497565006,-1.042047406859826,0.0,1.0,0.0,0.0
1986-09,1.469953334831512,-1.0610450290642421,-1.5380461922329733,-0.04481167765040865,0.007060535808785755,-1.0335598951381617,0.0,1.0,0.0,0.0
1986-10,0.6469573224082107,-0.7923932700445827,-1.4602090819747853,0.05585349081563782,0.0006519086183610141,-1.025346174117196,0.0,1.0,0.0,0.0
1986-11,0.8095244359733073,-0.9358151270578756,-1.1742692968969513,0.4627909041853257,-0.013867732962353344,-1.0168586623955318,0.0,1.0,0.0,0.0
1986-12,1.1549795522991375,-1.0419538774616213,-1.0993473047235585,0.6349363586384718,-0.02888949793065574,-1.0086449413745662,0.0,1.0,0.0,0.0
1987-01,1.0432146617231335,-1.0457788182045011,-1.1833176488474024,0.6648051489552925,-0.0502584365821943,-1.0001574296529019,0.0,1.0,0.0,0.0
1987-02,1.20578177528823,-1.0539871026934515,-0.8854381293411681,0.8018449536558382,-0.08780045558126073,-0.9916699179312374,0.0,1.0,0.0,0.0
1987-03,1.5817182254075157,-0.9812916593640136,-1.1371743264985372,0.7357028393300539,-0.11328195582869512,-0.9840037783116695,0.0,1.0,0.0,0.0
1987-04,1.713804005179157,-0.726751918558875,-0.8505970033224555,1.2153536638391529,-0.12778417962757552,-0.9755162665900052,0.0,1.0,0.0,0.0
1987-05,1.947494230928983,-0.6385903896466658,-0.08992490384696582,1.7044433354878215,-0.12893415517742915,-0.9673025455690398,0.0,1.0,0.0,0.0
1987-06,1.8763711187442533,-0.8330517190991629,0.6167142665353608,1.5126598561928528,-0.13272694416324488,-0.9588150338473754,0.0,1.0,0.0,0.0
1987-07,1.835729340352979,-0.6960316050134271,1.0828725136305895,0.9187900059844327,-0.15110900119613183,-0.9506013128264099,0.0,1.0,0.0,0.0
1987-08,1.5817182254075157,-0.587859596635835,1.4156857882980987,0.2437977759469039,-0.16218510264729108,-0.9421138011047455,0.0,1.0,0.0,0.0
1987-09,1.266744442875141,-0.6961031828518905,1.4409024867872098,-0.33509923773035366,-0.1771283536144034,-0.9336262893830811,0.0,1.0,0.0,0.0
1987-10,1.1346586631035003,-0.47928496291688644,1.3035051061649854,-0.5722934685102468,-0.18253170682713366,-0.9254125683621156,0.0,1.0,0.0,0.0
1987-11,0.9720915495384038,-0.4467528353353376,1.168821174942957,-0.5173046940431955,-0.19815639501276583,-0.9169250566404512,0.0,1.0,0.0,0.0
1987-12,0.9416102157449482,-0.6032264638309144,0.9273687863968635,-0.445954676951112,-0.2148289637501171,-0.9087113356194857,0.0,1.0,0.0,0.0
1988-01,0.7180804345929405,-0.3307162119565955,0.8813749977340234,-0.5408389080955995,-0.23368429317811837,-0.9002238238978213,0.0,1.0,0.0,0.0
1988-02,0.4640693196474771,-0.374963348608352,0.3809073281519839,-0.6870311584897779,-0.24422294440725195,-0.891736312176157,0.0,1.0,0.0,0.0
1988-03,0.3421439844736547,-0.13772446500004693,0.08698612160577805,-0.7523372697540794,-0.262928436250502,-0.8837963818558903,0.0,1.0,0.0,0.0
1988-04,-0.06427379943908673,0.0644292452797975,-0.3244128356704638,-0.7632289046439537,-0.2756157718432617,-0.8753088701342259,0.0,1.0,0.0,0.0
1988-05,-0.5316542509387393,-0.054179706668717825,-0.7270790181470764,-0.7637938288262828,-0.29324028934930807,-0.8670951491132604,0.0,1.0,0.0,0.0
1988-06,-1.3038480403729482,0.4857453497043178,-1.0097008250721924,-0.581140751449345,-0.2962645968684132,-0.858607637391596,0.0,1.0,0.0,0.0
1988-07,-1.7305867134813266,0.7736850993823717,-1.1440528318785677,-0.3172152975401016,-0.2966020998871807,-0.8503939163706304,0.0,1.0,0.0,0.0
1988-08,-1.7813889364704192,0.7817376062094882,-1.200991734984689,-0.4368008841340638,-0.2844341268199268,-0.841906404648966,0.0,1.0,0.0,0.0
1988-09,-1.7610680472747822,0.7000091355291646,-1.3453795758867013,-0.6562764479109604,-0.27917261687669576,-0.8334188929273016,0.0,1.0,0.0,0.0
1988-10,-1.4867360431336818,1.0039867946378915,-1.2859839531210595,-0.49706494375559857,-0.29424873425651593,-0.8252051719063361,0.0,1.0,0.0,0.0
1988-11,-1.608661378307504,0.6722033820936416,-0.9582801916729471,-0.1529835529963186,-0.3061141291906284,-0.8167176601846717,0.0,1.0,0.0,0.0
1988-12,-1.5172173769271373,1.5196156484675563,-0.9412223987667807,-0.1543650536949205,-0.3269372436865673,-0.8085039391637062,0.0,1.0,0.0,0.0
1989-01,-1.1006391484165774,2.233873004032751,-0.813584774831563,-0.03621442109192656,-0.3433457543852177,-0.8000164274420418,0.0,1.0,0.0,0.0
1989-02,-1.0904787038187587,2.0074441811083688,-1.2094307878960477,-0.6417599454344218,-0.35140869123154767,-0.7915289157203775,0.0,1.0,0.0,0.0
1989-03,-1.2124040389925812,1.7175731079674925,-1.3034663149940613,-0.7328189494510816,-0.3718123721426308,-0.7838627761008097,0.0,1.0,0.0,0.0
1989-04,-1.0396764808296663,1.465950164079732,-1.3989487361754414,-0.42694191527628894,-0.376922503697333,-0.7753752643791454,0.0,1.0,0.0,0.0
1989-05,-0.9279115902536622,1.5382035183934828,-1.1385634889052703,0.3668892849738598,-0.38170549358041,-0.7671615433581798,0.0,1.0,0.0,0.0
1989-06,-0.9888742578405735,2.6366347906431242,-1.2295931996976557,0.7787505295966768,-0.38435393429973386,-0.7586740316365155,0.0,1.0,0.0,0.0
1989-07,-1.0599973700253034,1.4011766938853905,-0.9273574037705989,1.2815369422655907,-0.3883659417012728,-0.75046031061555,0.0,1.0,0.0,0.0
1989-08,-0.6840609199060174,2.123352347830583,-0.38415825397905035,1.4876143469922116,-0.3852478461261386,-0.7419727988938856,0.0,1.0,0.0,0.0
1989-09,-0.5418146955365578,2.2457593988325555,-0.4120616155902203,1.5200281394209711,-0.38060368489647417,-0.7334852871722213,0.0,1.0,0.0,0.0
1989-10,-0.5316542509387393,1.8076940802076331,-0.04754882868815203,1.5804662277550885,-0.3860667721686991,-0.7252715661512557,0.0,1.0,0.0,0.0
1989-11,-0.28780358059109445,2.278765729593923,0.6419024038525999,1.5850758625063084,-0.39508042960679995,-0.7167840544295914,0.0,1.0,0.0,0.0
1989-12,-0.07443424403690528,1.7866904582335716,1.1938867253063445,1.3072975791798078,-0.4019528387342885,-0.7085703334086257,0.0,1.0,0.0,0.0
1990-01,0.1998977601041952,1.7256256147946087,1.2639279590538213,0.8839927820686445,-0.4108207227367327,-0.7000828216869615,0.0,1.0,0.0,0.0
1990-02,0.47422976424529567,1.1156194636876136,1.298080111707218,0.6954423550101425,-0.40764280378014567,-0.6915953099652971,0.0,1.0,0.0,0.0
1990-03,0.5453528764300254,1.3840651168777691,1.633769403898747,0.294053270709158,-0.37946400370229416,-0.6839291703457292,0.0,1.0,0.0,0.0
1990-04,0.18973731550637665,1.3762922109821507,1.5021945605575657,-0.07433182614439196,-0.36907590463357676,-0.6754416586240648,0.0,1.0,0.0,0.0
1990-05,0.138935092517284,1.5296812820014511,1.1790764405683671,-0.6042963261357353,-0.35811808778546184,-0.6672279376030994,0.0,1.0,0.0,0.0
1990-06,0.22021864929983223,1.1625831534053943,1.183123995443551,-0.9308494999904274,-0.35525549767153825,-0.658740425881435,0.0,1.0,0.0,0.0
1990-07,0.3421439844736547,1.3821190943945498,0.7663906658878048,-0.8289748377585536,-0.35305531919905425,-0.6505267048604695,0.0,1.0,0.0,0.0
1990-08,0.17957687090855812,2.238972925023257,0.6593100336433001,-1.0589397356246042,-0.33814237070623515,-0.6420391931388051,0.0,1.0,0.0,0.0
1990-09,0.3319835398758362,1.2234645786332952,0.43219438898398316,-1.1651188410283815,-0.3375485583286339,-0.6335516814171407,0.0,1.0,0.0,0.0
1990-10,0.006849312745643019,1.256365779444421,0.47514941863035115,-1.2231488463683886,-0.35549072704825496,-0.6253379603961752,0.0,1.0,0.0,0.0
1990-11,0.138935092517284,1.2503688986656711,0.2248255741741808,-1.312262584092384,-0.359358926097216,-0.6168504486745108,0.0,1.0,0.0,0.0
1990-12,0.3319835398758362,1.6243653414436248,-0.1100767938536336,-1.2367700852294665,-0.374964633366747,-0.6086367276535453,0.0,1.0,0.0,0.0
1991-01,0.1998977601041952,2.114561694544315,-0.12095441029580851,-1.1776585536083348,-0.38125968768741847,-0.6001492159318809,0.0,1.0,0.0,0.0
1991-02,0.10845375872382836,2.4285423565782813,-0.08189899047280294,-1.394796043845414,-0.3830352742319651,-0.5916617042102165,0.0,1.0,0.0,0.0
1991-03,0.2811813168867434,2.229377021054278,-0.1854074877536822,-1.1648657615130842,-0.38977184699163814,-0.5839955645906487,0.0,1.0,0.0,0.0
1991-04,0.5656737656256624,1.656152612143665,-0.6730863449990893,-1.0524140913684639,-0.3931049851809533,-0.5755080528689843,0.0,1.0,0.0,0.0
1991-05,0.8196848805711258,1.5404179577709394,-1.1049443043639653,-0.531535759607162,-0.39443306871530404,-0.5672943318480188,0.0,1.0,0.0,0.0
1991-06,1.1549795522991375,1.9319218924755148,-1.2090028202544845,0.10219445612547562,-0.3693990268170865,-0.5588068201263544,0.0,1.0,0.0,0.0
1991-07,0.9314497711471297,2.047725887879251,-1.2685725564923596,0.39325370906656276,0.6703865661337206,-0.5505930991053889,0.0,1.0,0.0,0.0
1991-08,0.4843902088431141,1.9774006615891047,-1.0553499769157308,0.49894666654030834,1.987531376204902,-0.5421055873837245,0.0,1.0,0.0,0.0
1991-09,0.7282408791907591,1.2912107659313135,-1.000202977011863,0.4371923328952977,3.2957320213214025,-0.5336180756620601,0.0,1.0,0.0,0.0
1991-10,1.2565839982773226,1.6540925124803945,-0.3698098942458231,0.952383193901906,4.646669829165315,-0.5254043546410946,0.0,1.0,0.0,0.0
1991-11,1.226102664483867,0.996025996916306,-0.293566246789925,1.0718796472381664,5.110266869775771,-0.5169168429194302,0.0,1.0,0.0,0.0
1991-12,1.3175466658642339,2.007329145296552,0.2472009362178506,1.2697906488066455,5.07225251626215,-0.5087031218984647,0.0,1.0,0.0,0.0
1992-01,1.7239644497769753,1.87614038823812,-0.12546137593547058,1.1749372355426015,5.132985731180421,-0.5002156101768003,0.0,1.0,0.0,0.0
1992-02,1.602039114603153,2.2051685939205745,-0.09491790034936008,1.2399915147906604,5.148849310943053,-0.49172809845513593,0.0,1.0,0.0,0.0
1992-03,1.7849271173638865,1.023245706799411,-0.01307511303454675,1.2558075310445382,5.146618048429143,-0.48378816813486936,0.0,1.0,0.0,0.0
1992-04,2.0999008998962614,0.8158779983490085,0.20620544526564585,1.3380625909078725,5.037682774741582,-0.47530065641320496,0.0,1.0,0.0,0.0
1992-05,1.8052480065595236,0.1601511833796878,0.4722040134566299,1.2996682610910715,5.190624833469314,-0.46708693539223944,0.0,1.0,0.0,0.0
1992-06,1.7544457835704308,-0.0004739597467577351,0.7168657508706116,1.3381492860172386,5.339329458503694,-0.45859942367057505,0.0,1.0,0.0,0.0
1992-07,0.900968437353674,0.3336827055040389,0.9540740720547494,1.0033020171236113,5.0260280456457025,-0.45038570264960953,0.0,1.0,0.0,0.0
1992-08,0.1998977601041952,0.09720742168106386,1.432316678100912,0.8202997885987988,4.798344230663366,-0.44189819092794513,0.0,1.0,0.0,0.0
1992-09,0.6367968778103923,-0.05074620722993378,1.600942626095136,0.3701673190495079,4.5982205272159415,-0.43341067920628074,0.0,1.0,0.0,0.0
1992-10,1.033054217125315,0.26060620604796036,1.5481275350156996,0.15035611465797838,4.105909335371624,-0.4251969581853152,0.0,1.0,0.0,0.0
1992-11,0.9212893265493112,0.448808099805621,1.6654905188725937,-0.19474015255846147,3.7247804003934077,-0.4167094464636508,0.0,1.0,0.0,0.0
1992-12,0.8501662143645814,0.29422542205117,1.570335077887989,-0.680424563231394,3.518185142436061,-0.4084957254426853,0.0,1.0,0.0,0.0
1993-01,0.992412438734041,-0.06860711473396731,1.3379371466828414,-0.8037135159674639,3.0496518131319,-0.4000082137210209,0.0,1.0,0.0,0.0
1993-02,1.0838564401144075,0.3886530474961705,1.4052755688045366,-0.92651829725932,2.959205827487953,-0.3915207019993566,0.0,1.0,0.0,0.0
1993-03,0.9314497711471297,0.3027476584432012,1.159756415272596,-1.0170255473781986,2.7321747773755782,-0.38385456237978877,0.0,1.0,0.0,0.0
1993-04,1.1346586631035003,-0.07875998375849,0.6118645773595277,-1.1538267082873845,2.7102140807514754,-0.3753670506581244,0.0,1.0,0.0,0.0
1993-05,1.490274224027149,-0.11631821768463033,-0.26929504445080843,-1.276203052366344,2.453993686588025,-0.36715332963715885,0.0,1.0,0.0,0.0
1993-06,1.1956213306904115,-0.15995833107269533,-0.8126933896238168,-1.017406740436618,2.2158620608079653,-0.3586658179154945,0.0,1.0,0.0,0.0
1993-07,0.8095244359733073,-0.37929966981352864,-1.044673811105015,-0.7468161928395576,2.011012332556257,-0.35045209689452894,0.0,1.0,0.0,0.0
1993-08,0.6469573224082107,-0.509079238177216,-1.1199423206106285,-0.7658714230556602,1.7837043843737013,-0.3419645851728646,0.0,1.0,0.0,0.0
1993-09,0.707919989995122,-0.6771730813858117,-1.2336282001826704,-0.6897984938788133,1.56649535542044,-0.3334770734512002,0.0,1.0,0.0,0.0
1993-10,1.012733327929678,-0.4321777979782578,-1.2429994220688259,-0.4531214507743335,1.3953049992921107,-0.32526335243023474,0.0,1.0,0.0,0.0
1993-11,0.7993639913754887,-0.5543701154648397,-1.2032849642671306,-0.024708190175957805,1.2178569254216054,-0.31677584070857034,0.0,1.0,0.0,0.0
1993-12,0.3421439844736547,-0.39399549477301565,-1.1589673985476876,0.1649297881649613,1.0441946734241823,-0.30856211968760483,0.0,1.0,0.0,0.0
1994-01,0.12877464791946544,-0.18979734248206434,-1.2633589769379963,0.03298294018934545,0.8832179259193773,-0.30007460796594043,0.0,1.0,0.0,0.0
1994-02,-0.023632021047812583,-0.48437529758974224,-1.3853720939676755,0.12803571405007147,0.626401486329373,-0.29158709624427603,0.0,1.0,0.0,0.0
1994-03,0.04749109113691715,-0.6439587275314099,-1.4794878745062174,0.12741891240194608,0.44002666528602047,-0.28392095662470823,0.0,1.0,0.0,0.0
1994-04,0.2608604276911064,-0.8483760869526551,-1.5160905072790722,0.39846868284302045,0.2892327996511455,-0.2754334449030439,0.0,1.0,0.0,0.0
1994-05,0.24053953849546933,-0.8068877823333915,-1.225938394362706,1.130102533727736,0.19533407371595735,-0.2672197238820783,0.0,1.0,0.0,0.0
1994-06,0.47422976424529567,-0.8468505842704069,-0.6220144514332202,1.8441295195980179,0.13545468739538358,-0.258732212160414,0.0,1.0,0.0,0.0
1994-07,1.012733327929678,-0.7760198394961135,-0.07984822528393998,2.0001864544121766,0.09278674918551669,-0.25051849113944846,0.0,1.0,0.0,0.0
1994-08,0.9416102157449482,-0.8831181802967569,0.6125783776622592,1.9153728107574761,0.057741010950111714,-0.2420309794177841,0.0,1.0,0.0,0.0
1994-09,1.1143377739078633,-0.8433835327198432,1.0716138743653232,1.6595758432305463,0.03138210110803581,-0.23354346769611972,0.0,1.0,0.0,0.0
1994-10,1.6121995592009715,-0.6934816445181736,1.3478455917767587,0.9115557516296854,0.012321331176351816,-0.22532974667515418,0.0,1.0,0.0,0.0
1994-11,1.012733327929678,-0.8594013108834482,1.5951628962070392,0.2195008387501488,-0.029670216505629187,-0.2168422349534898,0.0,1.0,0.0,0.0
1994-12,0.880647548158037,-0.8108469315233905,1.5334189019033713,-0.41025068793458375,-0.06872584074606769,-0.20862851393252427,0.0,1.0,0.0,0.0
1995-01,0.8298453251689444,-0.8412451447957534,1.4967257802442426,-0.6749366381166465,-0.0965406985055473,-0.2001410022108599,0.0,1.0,0.0,0.0
1995-02,0.6063155440169367,-0.7689211712753047,0.9933279052210775,-0.52961374140128,-0.14568246893526865,-0.19165349048919553,0.0,1.0,0.0,0.0
1995-03,0.2811813168867434,-0.7544793837335779,0.9112168212405692,-0.501838561212003,-0.17179025009208196,-0.18398735086962772,0.0,1.0,0.0,0.0
1995-04,0.41326709665838446,-0.8788167995666059,0.9284359897898532,-0.7743648669287982,-0.19804880671420674,-0.17549983914796335,0.0,1.0,0.0,0.0
1995-05,0.4640693196474771,-0.9011021122106494,0.4991722678570478,-1.420757484444639,-0.22647895878221616,-0.1672861181269978,0.0,1.0,0.0,0.0
1995-06,-0.013471576449994055,-0.881105053589978,0.09114468233007096,-1.5015078408746703,-0.24516203081397736,-0.15879860640533344,0.0,1.0,0.0,0.0
1995-07,-0.20652002380854623,-0.9179452723240339,-0.2713925992120007,-1.37322803012303,-0.24797839681457232,-0.15058488538436793,0.0,1.0,0.0,0.0
1995-08,-0.5316542509387393,-0.9320371592714869,-0.4910598326482071,-1.2406638135608725,-0.26618314976058527,-0.14209737366270353,0.0,1.0,0.0,0.0
1995-09,-0.7247026982972915,-0.9923280673320666,-0.5454153866672558,-1.0328347156902251,-0.28225953908844503,-0.13360986194103916,0.0,1.0,0.0,0.0
1995-10,-0.5113333617431022,-0.894525898301838,-0.6992672093258412,-0.7638180285620185,-0.29673469833401417,-0.12539614092007365,0.0,1.0,0.0,0.0
1995-11,-0.5621355847321949,-0.9950323675415063,-0.7836789052903921,-0.41575049881648235,-0.30930173957967183,-0.11690862919840928,0.0,1.0,0.0,0.0
1995-12,-0.7958258104820212,-1.043698587274163,-0.7822603117538923,-0.13265979027739636,-0.326775704925302,-0.10869490817744376,0.0,1.0,0.0,0.0
1996-01,-0.7247026982972915,-1.0052478671746836,-1.055289945398658,-0.17972908209474356,-0.347681375241036,-0.10020739645577939,0.0,1.0,0.0,0.0
1996-02,-0.6535795861125617,-1.0537642208080582,-1.1977776594607061,-0.19743632645702716,-0.36823422382218446,-0.091719884734115,0.0,1.0,0.0,0.0
1996-03,-0.5722960293300134,-1.0500063842887373,-1.279561511540476,-0.019047367837958438,-0.38338689012011595,-0.08377995441384833,0.0,1.0,0.0,0.0
1996-04,-0.7247026982972915,-1.0524467412188439,-1.4295968712156402,0.24768701439724275,-0.3934957464172516,-0.07529244269218396,0.0,1.0,0.0,0.0
1996-05,-0.8771093672645696,-1.0146424584729858,-1.4365852788904154,0.7003295657874529,-0.39857575414157687,-0.06707872167121844,0.0,1.0,0.0,0.0
1996-06,-0.6434191415147431,-1.012436966325337,-0.9328360923725925,1.4915740874207988,-0.3870952698555056,-0.058591209949554066,0.0,1.0,0.0,0.0
1996-07,-0.5316542509387393,-0.9759904257028287,-0.8671265637390396,1.6405628655922102,-0.41184171737905684,-0.050377488928588544,0.0,1.0,0.0,0.0
1996-08,-0.4402102495583725,-0.9616972260846979,-0.5360615125751667,1.837281346305619,-0.4103502193223202,-0.04188997720692417,0.0,1.0,0.0,0.0
1996-09,-0.1150760224281794,-1.0474541869860317,0.09745205528050774,1.9384975697834717,-0.4128576430002575,-0.03340246548525979,0.0,1.0,0.0,0.0
1996-10,-0.22684091300418324,-1.0762441357004238,0.6499602267660022,1.8975181147838696,-0.4173074173185569,-0.025188744464294272,0.0,1.0,0.0,0.0
1996-11,-0.1150760224281794,-0.90509705031988,1.223169144012025,1.6976793084421953,-0.42095997083011966,-0.016701232742629895,0.0,1.0,0.0,0.0
1996-12,-0.39956847116709837,-0.9386133731802986,1.4444203155821558,1.0751756069560028,-0.42972477729289005,-0.008487511721664374,0.0,1.0,0.0,0.0
1997-01,-0.7755049212863842,-1.015783230273494,1.444341562757072,0.7302249730409681,-0.4363242185163549,-0.0,0.0,1.0,0.0,0.0
1997-02,-0.8364675888732954,-1.0084449041114019,1.47296466760752,0.373740172383103,-0.4440063981856963,-0.0,0.0,0.0,0.0,1.0
1997-03,-0.34876624817800567,-0.9922967520277389,1.570931903417832,0.14167732388744042,-0.4493024310657419,-0.0,0.0,0.0,0.0,1.0
1997-04,0.4640693196474771,-0.9450374841823757,1.5587797280059426,-0.4573133734852714,-0.4517793066340011,-0.0,0.0,0.0,0.0,1.0
1997-05,1.2362631090816856,-0.9191531483481014,1.463438262849095,-0.6107024949761614,-0.4524094507180689,-0.0,0.0,0.0,0.0,1.0
1997-06,2.45551646081991,-0.9664638627648601,1.3187576225537927,-0.8759807588247366,-0.45691567651390197,-0.0,0.0,0.0,0.0,1.0
1997-07,2.171024012080991,-0.9782719693038452,0.7952118815323312,-1.0152110404279058,-0.45779357737931314,-0.0,0.0,0.0,0.0,1.0
1997-08,2.374232904037362,-0.821046773504404,0.6615391219618711,-1.0831716143365098,-0.45598536598956213,-0.0,0.0,0.0,0.0,1.0
1997-09,2.262468013461358,-0.4838502869263709,0.497801945810816,-1.144800053281402,-0.4544774326925309,-0.0,0.0,0.0,0.0,1.0
1997-10,2.0287777877115314,-0.7511912767791722,0.07138701167829668,-1.1906578250816464,-0.4562874528519339,-0.0,0.0,0.0,0.0,1.0
1997-11,2.0490986769071684,-0.4805219174378296,-0.34099773106117437,-0.9738158306244574,-0.4546201691816113,-0.0,0.0,0.0,0.0,1.0
1997-12,2.0999008998962614,-0.5154541394153497,-0.5209280799334686,-0.6091928248863889,-0.4539905610292923,-0.0,0.0,0.0,0.0,1.0
1998-01,2.3437515702439065,-0.6255721702761615,-0.6132069102865372,-0.5397276612639577,-0.45665043495925595,-0.0,0.0,0.0,0.0,1.0
1998-02,2.5368000176024585,-0.6102292688752102,-0.8492751348665097,-0.6128871765150515,-0.46142837815169896,-0.0,0.0,0.0,0.0,1.0
1998-03,2.364072459439543,-0.2583778589596694,-1.0276365643628713,-0.39362915866179354,-0.46473806932700684,-0.0,0.0,0.0,0.0,1.0
1998-04,2.3539120148417245,-0.23859106023948368,-1.3268960482191445,0.02906821892553141,-0.46663401721012415,-0.0,0.0,0.0,0.0,1.0
1998-05,1.815408451157342,-0.23764265387984554,-1.2553178317053801,0.7088034062795278,-0.4632341108571121,-0.0,0.0,0.0,0.0,1.0
1998-06,-0.18619913461290913,-0.17965118387989817,-0.8339161429246545,1.4858286964782106,-0.46760487990345173,-0.0,0.0,0.0,0.0,1.0
1998-07,-1.4867360431336818,-0.05706518828176808,-0.4336349028078548,1.7468137673870445,-0.4653486072412666,-0.0,0.0,0.0,0.0,1.0
1998-08,-1.7509076026769637,0.3938080898131719,0.2342507600183437,1.8766336518447206,-0.45470366288196673,-0.0,0.0,0.0,0.0,1.0
1998-09,-1.344489818764222,0.4027441355838189,0.6817626602485539,1.783270883402279,-0.43983140054107256,-0.0,0.0,0.0,0.0,1.0
1998-10,-1.1412809268078514,-0.08115560453955663,0.9735496785420316,1.7044763755686818,-0.4359924990943759,-0.0,0.0,0.0,0.0,1.0
1998-11,-1.2225644835904,0.3463698773716509,1.5142237107637133,1.3211469752683418,-0.4456799790540666,-0.0,0.0,0.0,0.0,1.0
1998-12,-1.15144137140567,0.5201653427753351,1.6625735097509797,0.6754836695793784,-0.4553743368045327,-0.0,0.0,0.0,0.0,1.0
1999-01,-1.1209600376122144,0.36676508771877414,1.4335712410011832,0.25190977187832103,-0.4626166951520769,-0.0,0.0,0.0,0.0,1.0
1999-02,-1.0599973700253034,0.37736036530290534,1.577432121351554,-0.20466187472715894,-0.4734367998712558,-0.0,0.0,0.0,0.0,1.0
1999-03,-0.9888742578405735,0.09324827249106518,1.0820204682730792,-0.45096534347586836,-0.4816610075129767,-0.0,0.0,0.0,0.0,1.0
1999-04,-1.15144137140567,-0.05095423032296743,1.2894967105404114,-0.6910356819073166,-0.48353053842697913,-0.0,0.0,0.0,0.0,1.0
1999-05,-1.3749711525576778,0.6547764152352918,0.9372139134435741,-0.8055403376991005,-0.4760579973933522,-0.0,0.0,0.0,0.0,1.0
1999-06,-1.2124040389925812,1.1380364284274025,0.5317931940461961,-1.2621943156229216,-0.4665491836803969,-0.0,0.0,0.0,0.0,1.0
1999-07,-1.1616018160034887,1.0506913342351647,0.27667740168325455,-1.087012263036457,-0.4648208037907182,-0.0,0.0,0.0,0.0,1.0
1999-08,-1.0701578146231219,1.1345045094607311,0.24441311342198163,-1.1695473797556475,-0.4584645192677535,-0.0,0.0,0.0,0.0,1.0
1999-09,-1.110799593014396,0.3481727441779437,0.18147881275082212,-1.1478315298026862,-0.4539383523447695,-0.0,0.0,0.0,0.0,1.0
1999-10,-1.283527151177311,0.8999081438974165,-0.23547473706113578,-1.1989915429873923,-0.4527978002614978,-0.0,0.0,0.0,0.0,1.0
1999-11,-1.3140084849707667,1.391893942959688,-0.4737609605099251,-1.008506294418593,-0.45235579055172653,-0.0,0.0,0.0,0.0,1.0
1999-12,-1.3546502633620408,0.9162815744458856,-0.6271583457321758,-0.988011483937435,-0.46170614711097174,-0.0,0.0,0.0,0.0,1.0
2000-01,-1.1717622606013072,0.6783971019281659,-0.8501340367443597,-1.0749229356155705,-0.46553604937038756,-0.0,0.0,0.0,1.0,0.0
2000-02,-1.1920831497969442,1.0122637535231196,-0.8674463736229177,-1.1417496261763571,-0.4722798125476895,-0.0,0.008487511721664374,0.0,1.0,0.0
2000-03,-1.3343293741664035,1.7819931625844208,-0.9461096393718702,-1.227336576702602,-0.4773736205145448,-0.0,0.016427442041931046,0.0,1.0,0.0
2000-04,-0.9787138132427549,1.3528549425003384,-1.1604533952926002,-1.059050446599544,-0.47204360062943346,-0.0,0.02491495376359542,0.0,1.0,0.0
2000-05,-1.1209600376122144,1.420167189152673,-1.4293359607599483,-0.7779157535583556,-0.47314022863979815,-0.0,0.03312867478456094,0.0,1.0,0.0
2000-06,-1.0701578146231219,1.353340329717418,-1.6173767849836596,-0.3214999216735985,-0.4739658314987284,-0.0,0.04161618650622532,0.0,1.0,0.0
2000-07,-0.4910124725474652,1.8913059427625218,-1.4430902930500575,0.1761004810830544,-0.4730364141939698,-0.0,0.04982990752719084,0.0,1.0,0.0
2000-08,-0.10491557783036087,0.9716425588823084,-1.5025807050229891,0.18423047049212657,-0.4667558746914933,-0.0,0.058317419248855216,0.0,1.0,0.0
2000-09,-0.27764313599327595,1.3185311321497561,-1.587503312005418,0.07623822645272593,-0.46314215390122454,-0.0,0.06680493097051958,0.0,1.0,0.0
2000-10,-0.4402102495583725,0.9598322155358716,-1.4781467967875945,0.3304748497442449,-0.4579491092388947,-0.0,0.07501865199148511,0.0,1.0,0.0
2000-11,-0.714542253699473,1.1318650766673986,-1.0778856029910733,0.7181611203792133,-0.4524928997574452,-0.0,0.08350616371314948,0.0,1.0,0.0
2000-12,-0.6942213645038359,0.9925790766328101,-0.8759438083201895,0.8673041000283738,-0.45489398564423716,-0.0,0.091719884734115,0.0,1.0,0.0
2001-01,-0.7551840320907471,0.8497141846750598,-0.8446884791679699,0.8330303026182798,-0.4587715634988011,-0.0,0.10020739645577939,0.0,1.0,0.0
2001-02,-0.7653444766885655,0.47111934509172476,-1.0325278405163254,0.6368784611659437,-0.46550011961273263,-0.0,0.10869490817744376,0.0,1.0,0.0
2001-03,-0.6942213645038359,1.1579238834829269,-0.9412587927169256,0.701418715515113,-0.4652339401775263,-0.0,0.11636104779701158,0.0,1.0,0.0
2001-04,-0.6840609199060174,1.2243660120364421,-0.7924083393433979,1.0203500330450845,-0.47232297738395246,-0.0,0.12484855951867595,0.0,1.0,0.0
2001-05,-0.7247026982972915,0.6392753395930932,-0.3151254770476709,1.4674363057670892,-0.470841796013379,-0.0,0.13306228053964148,0.0,1.0,0.0
2001-06,-0.5113333617431022,1.2223551221371152,-0.1349886878888927,1.4914207533745192,-0.4600733417164846,-0.0,0.14154979226130585,0.0,1.0,0.0
2001-07,0.04749109113691715,0.31475931446031624,0.3837657195331241,1.4840145504059439,-0.4391139665734292,-0.0,0.1497635132822714,0.0,1.0,0.0
2001-08,0.30150220608238054,0.9699649532933257,0.5638593678897439,1.5605821722856066,-0.427590652408438,-0.0,0.15825102500393573,0.0,1.0,0.0
2001-09,-0.023632021047812583,2.4080867524299547,0.7777313280336393,1.512435980891563,-0.44064266722572404,-0.0,0.1667385367256001,0.0,1.0,0.0
2001-10,-0.21668046840636476,1.7915219623298424,1.094678945923901,1.1508497991319069,-0.43861628695325783,-0.0,0.17495225774656564,0.0,1.0,0.0
2001-11,-0.297964025188913,1.8231258148188205,1.402474430416717,0.7802540954947667,-0.450455287248745,-0.0,0.18343976946823,0.0,1.0,0.0
2001-12,-0.0033111318521755247,2.2418584066363074,1.6641980144859823,0.22525932887378133,-0.45884755415467415,-0.0,0.19165349048919553,0.0,1.0,0.0
2002-01,-0.0033111318521755247,2.0718163041370397,1.654608026080882,0.009620022461323633,-0.46449844084385256,-0.0,0.2001410022108599,0.0,1.0,0.0
2002-02,-0.34876624817800567,1.6563309176519796,1.5442577838807678,-0.3588133313004353,-0.4715103708699291,-0.0,0.20862851393252427,0.0,1.0,0.0
2002-03,-0.19635957921072766,1.205836299104267,1.6673577288197403,-0.6265316593740548,-0.47359914253014423,-0.0,0.21629465355209213,0.0,1.0,0.0
2002-04,-0.297964025188913,1.468793146351194,1.1794468366778714,-0.8365922289658883,-0.4821296128357791,-0.0,0.2247821652737565,0.0,1.0,0.0
2002-05,0.006849312745643019,1.2883744940822066,0.7961013938645594,-1.0973696206302672,-0.4804936588422682,-0.0,0.23299588629472198,0.0,1.0,0.0
2002-06,0.4945506534409327,0.6848927907687057,0.21810677974271248,-1.1109121159970516,-0.476654779726061,-0.0,0.24148339801638635,0.0,1.0,0.0
2002-07,0.4640693196474771,1.2211360620757878,0.30021662668953175,-1.1069759228506038,-0.4743241018727594,-0.0,0.2496971190373519,0.0,1.0,0.0
2002-08,0.8908079927558556,1.4076858035706432,0.20357594411399013,-1.0955107500414958,-0.4744002265115697,-0.0,0.25818463075901626,0.0,1.0,0.0
2002-09,0.8196848805711258,1.1923997967402435,0.23348343714593606,-1.025078538029554,-0.4791877941450005,-0.0,0.26667214248068066,0.0,1.0,0.0
2002-10,0.7993639913754887,0.9453377032470629,-0.1591906470588733,-1.0229216763707267,-0.46940791061963166,-0.0,0.2748858635016462,0.0,1.0,0.0
2002-11,0.7993639913754887,0.928626514773345,-0.4898815744268409,-0.6520898393840456,-0.4562870955641014,-0.0,0.2833733752233105,0.0,1.0,0.0
2002-12,0.8704871035602185,0.6619565671561369,-0.5554321582098801,-0.5731335583493419,-0.4480558091571992,-0.0,0.29158709624427603,0.0,1.0,0.0
2003-01,0.7790431021798516,0.3939422982602909,-0.677245962884602,-0.49597459948601774,-0.43200463095201963,-0.0,0.30007460796594043,0.0,1.0,0.0
2003-02,0.6367968778103923,0.02052646678808628,-0.8770374489520172,-0.5741110292601134,-0.4262563609979977,-0.0,0.30856211968760483,0.0,1.0,0.0
2003-03,0.6469573224082107,0.21571348048678834,-1.1421671065308212,-0.5059276773209721,-0.4213978493993278,-0.0,0.31622825930717263,0.0,1.0,0.0
2003-04,0.027170201941280087,0.13931755877197732,-1.2541982656930404,-0.23074324949511782,-0.4380846873194892,-0.0,0.324715771028837,0.0,1.0,0.0
2003-05,-0.450370694156191,-0.03559183674279194,-1.2239325047419336,0.3438310507741499,-0.4456498105627105,-0.0,0.33292949204980254,0.0,1.0,0.0
2003-06,-0.15571780081945355,0.27002540222823446,-0.8303209451133244,1.0022391195687592,-0.43973211918461896,-0.0,0.3414170037714669,0.0,1.0,0.0
2003-07,-0.0033111318521755247,0.2373881446964428,-0.313452988034779,1.5125057971040634,-0.43210665895868555,-0.0,0.34963072479243246,0.0,1.0,0.0
2003-08,0.027170201941280087,0.09794556814021609,0.1394749156075452,1.603569901268431,-0.420937305383246,-0.0,0.3581182365140968,0.0,1.0,0.0
2003-09,0.21005820470201375,-0.1465755120875189,0.38372774427562806,1.4978153989487883,-0.41710170884899983,-0.0,0.36660574823576114,0.0,1.0,0.0
2003-10,0.37262531826711026,0.6161243824651343,0.5777708344287107,1.5194050288789007,-0.4146987695315768,-0.0,0.3748194692567267,0.0,1.0,0.0
2003-11,0.4335879858540215,0.35864323986064706,0.9359730166054884,1.4849507612395847,-0.4222603198964732,-0.0,0.38330698097839105,0.0,1.0,0.0
2003-12,0.25069998309328784,-0.18785131999884433,1.4602864005249852,1.2440231987966337,-0.4349060761177267,-0.0,0.3915207019993566,0.0,1.0,0.0
2004-01,0.18973731550637665,-0.20845231663154976,1.6010958835776428,0.777286112479647,-0.44096992054979695,-0.0,0.4000082137210209,0.0,1.0,0.0
2004-02,-0.08459468863472379,-0.33386085470890886,1.3166842577322146,0.26763870331383366,-0.4517112879628905,-0.0,0.4084957254426853,0.0,1.0,0.0
2004-03,-0.4402102495583725,-0.1970445986264687,1.4783700219903377,0.018747839012956343,-0.4586129053706852,-0.0,0.416435655762952,0.0,1.0,0.0
2004-04,-0.22684091300418324,-0.3849699767042897,1.28356728731205,-0.6234523186460256,-0.45980662634952957,-0.0,0.4249231674846164,0.0,1.0,0.0
2004-05,-0.3182849143845501,-0.3823864640972569,1.1332107363162507,-0.7230185798231467,-0.4655774724284671,-0.0,0.4331368885055819,0.0,1.0,0.0
2004-06,0.017009757343461548,-0.41527200725621805,0.8616118304656064,-0.7369901662877312,-0.4687158217576057,-0.0,0.4416244002272463,0.0,1.0,0.0
2004-07,0.44374843045184004,0.03996751898498057,0.7603966614823106,-0.7169912743755669,-0.46532502624432215,-0.0,0.4498381212482118,0.0,1.0,0.0
2004-08,0.7688826575820331,-0.1610096305751243,0.5443172945185464,-0.7283961262356056,-0.4607694054056471,-0.0,0.4583256329698762,0.0,1.0,0.0
2004-09,0.5859946548212995,-0.3398983065469597,0.12647570882307835,-0.723574554546166,-0.4530849480263735,-0.0,0.46681314469154056,0.0,1.0,0.0
2004-10,0.37262531826711026,-0.3174966799154132,-0.17261809801434166,-0.8284422152163271,-0.4590383235267352,-0.0,0.47502686571250613,0.0,1.0,0.0
2004-11,0.5148715426365698,-0.19365807214417582,-0.44553930369742994,-0.6539008677665687,-0.453401036105681,-0.0,0.4835143774341704,0.0,1.0,0.0
2004-12,0.5656737656256624,-0.5769912933509033,-0.6966815575275375,-0.5942350875204732,-0.4454119685187187,-0.0,0.49172809845513593,0.0,1.0,0.0
2005-01,0.16941642631073955,-0.44673941449062576,-0.908016379950208,-0.6147687254763748,-0.4374285952065868,-0.0,0.5002156101768003,0.0,1.0,0.0
2005-02,0.6367968778103923,-0.532369196911119,-1.0650635240747328,-0.8909933958320401,-0.4277500697731979,-0.0,0.5087031218984647,0.0,1.0,0.0
2005-03,0.8298453251689444,-0.6542256737359827,-1.2177686421535083,-1.0187534699165166,-0.39269388086869256,-0.0,0.5163692615180325,0.0,1.0,0.0
2005-04,0.1998977601041952,-0.7038000372941421,-1.3801419400707875,-0.3388060132207517,-0.3864519507826147,-0.0,0.5248567732396969,0.0,1.0,0.0
2005-05,0.21005820470201375,-0.38929819912386476,-1.4648478087185743,0.12449883750443855,-0.3847751989847311,-0.0,0.5330704942606624,0.0,1.0,0.0
2005-06,0.21005820470201375,-0.4955689211672767,-1.470799846832146,0.566696656760202,-0.3839142246303842,-0.0,0.5415580059823268,0.0,1.0,0.0
2005-07,-0.013471576449994055,-0.43345277822588424,-1.268517069900767,1.0403910065251096,-0.3702358395817611,-0.0,0.5497717270032924,0.0,1.0,0.0
2005-08,0.03733064653909862,-0.5755795237244826,-1.2136832044331025,1.2044348126996474,-0.36692201726589,-0.0,0.5582592387249566,0.0,1.0,0.0
2005-09,-0.013471576449994055,-0.5907048157147491,-0.8815701514229467,1.5561497337531107,-0.3648141083761471,-0.0,0.566746750446621,0.0,1.0,0.0
2005-10,-0.7450235874929286,-0.9222399426318291,-0.21951635329982835,1.7988959938001656,-0.36582612616167987,-0.0,0.5749604714675866,0.0,1.0,0.0
2005-11,-0.7450235874929286,-0.7510212794128218,0.4907471152386625,1.7624467057275817,-0.3761222012830411,-0.0,0.583447983189251,0.0,1.0,0.0
2005-12,-0.6637400307103802,-0.6769740055225859,0.9214636134478208,1.6622782441636585,-0.39523942269225876,-0.0,0.5916617042102165,0.0,1.0,0.0
2006-01,-0.6129378077212876,-0.8258111733771142,1.0250207572763974,1.5134431462068916,-0.38613447821295627,-0.0,0.6001492159318809,0.0,1.0,0.0
2006-02,-0.4402102495583725,-0.952055787106874,1.238533856174116,0.8797404789885571,-0.3898471007413567,-0.0,0.6086367276535453,0.0,1.0,0.0
2006-03,-0.5214938063409208,-0.9516315925508029,1.3750595977719178,0.4369369109437983,-0.39779378505918966,-0.0,0.6163028672731131,0.0,1.0,0.0
2006-04,-0.714542253699473,-0.6411157452599475,1.0754673581984593,-0.022870757691822573,-0.3963166008462422,-0.0,0.6247903789947775,0.0,1.0,0.0
2006-05,-0.2370013576020018,-0.7858841603593306,1.1749055787724278,-0.4185818780468368,-0.39533923998046117,-0.0,0.6330041000157429,0.0,1.0,0.0
2006-06,0.006849312745643019,-0.8632150675890685,1.1506901141025632,-0.8298712196727538,-0.37123961741665706,-0.0,0.6414916117374073,0.0,1.0,0.0
2006-07,0.22021864929983223,-0.8771459043999791,0.9230146681740266,-0.9109556103452662,-0.3464363164667605,-0.0,0.6497053327583728,0.0,1.0,0.0
2006-08,0.6469573224082107,-0.8125245371123729,0.5928067207514303,-0.7583215410261159,-0.3218617020601482,-0.0,0.6581928444800372,0.0,1.0,0.0
2006-09,0.707919989995122,-0.869871806566151,0.6227312957451756,-0.9786614719115504,-0.3104836030685753,-0.0,0.6666803562017016,0.0,1.0,0.0
2006-10,0.6977595453973034,-0.9704207751474068,0.2138149063070269,-0.9960772977284295,-0.3146472344940279,-0.0,0.6748940772226671,0.0,1.0,0.0
2006-11,0.9111288819514926,-0.74928775363754,-0.2913816747118386,-1.001620230656769,-0.27184500072012324,-0.0,0.6833815889443315,0.0,1.0,0.0
2006-12,0.6367968778103923,-0.8025260078020371,-0.6193181138986723,-0.9038619107502267,-0.2503637397062451,-0.0,0.6915953099652971,0.0,1.0,0.0
2007-01,0.6875991007994848,-0.8248046100237246,-0.7651844612864113,-0.8222790749821222,-0.24383908329221868,-0.0,0.7000828216869615,0.0,1.0,0.0
2007-02,0.5351924318322068,-0.9289503649877592,-0.8947996066858219,-1.0012912279814328,-0.24658618011428932,-0.0,0.7085703334086257,0.0,1.0,0.0
2007-03,-0.06427379943908673,-1.0184002949923068,-1.0632771851795362,-0.9359050142824669,-0.2844427910498647,-0.0,0.7162364730281936,0.0,1.0,0.0
2007-04,-0.4097289157649169,-0.9893464029985817,-1.2721933975802633,-0.5822017059521439,-0.2995619616135001,-0.0,0.7247239847498579,0.0,1.0,0.0
2007-05,-0.5926169185256506,-0.9239846524443708,-1.4249759495729952,0.024803515981564418,-0.31295272995696743,-0.0,0.7329377057708235,0.0,1.0,0.0
2007-06,-0.9279115902536622,-0.9252752903441616,-1.1942676095401026,0.9005613887605396,-0.32913849402254874,-0.0,0.7414252174924878,0.0,1.0,0.0
2007-07,-0.5926169185256506,-0.9668642512987641,-0.8987868531554266,1.4035040712468023,-0.3347182581025718,-0.0,0.7496389385134534,0.0,1.0,0.0
2007-08,-0.8466280334711139,-1.031418514362811,-0.6109416674224187,1.6803912762874913,-0.33419536735972016,-0.0,0.7581264502351177,0.0,1.0,0.0
2007-09,-1.1006391484165774,-1.0964089548799936,-0.27041889918676865,1.8131862873522153,-0.3374535644261702,-0.0,0.7666139619567821,0.0,1.0,0.0
2007-10,-1.1412809268078514,-1.1095949348093959,0.012367906951169327,1.8342002971577103,-0.3444492825168474,-0.0,0.7748276829777476,0.0,1.0,0.0
2007-11,-1.1412809268078514,-1.0898908979649335,0.7119374705982865,1.6739933841630468,-0.3448925427340324,-0.0,0.783315194699412,0.0,1.0,0.0
2007-12,-1.2225644835904,-0.9227767764203035,1.220008641119931,1.5898919963385145,-0.3630182904080856,-0.0,0.7915289157203775,0.0,1.0,0.0
2008-01,-1.0701578146231219,-1.0091399121411233,1.2606917858005775,1.1864068258154417,-0.3773068784136255,-0.0,0.8000164274420418,0.0,1.0,0.0
2008-02,-1.1920831497969442,-1.0613422049114334,1.4471508825464532,0.8377478299429282,-0.37852882513123665,-0.0,0.8085039391637062,0.0,1.0,0.0
2008-03,-1.5273778215249558,-1.004174199597735,1.5417673277360318,0.3048521457874096,-0.3805167969617101,-0.0,0.816443869483973,0.0,1.0,0.0
2008-04,-1.2225644835904,-1.035458188621081,1.402983309703538,-0.1376818360264522,-0.3765462796097192,-0.0,0.8249313812056374,0.0,1.0,0.0
2008-05,-0.9075907010580251,-1.0514826772070418,1.1759549960006133,-0.5200138668941798,-0.38046563781019516,-0.0,0.8331451022266029,0.0,1.0,0.0
2008-06,-0.7551840320907471,-1.091069695492125,1.1840630233013123,-0.8444382744693305,-0.38836350767791394,-0.0,0.8416326139482673,0.0,1.0,0.0
2008-07,-0.887269811862388,-1.0949662140734686,0.8263164061655424,-1.0204054879852273,-0.3860410921057388,-0.0,0.8498463349692328,0.0,1.0,0.0
2008-08,-0.9380720348514807,-1.091745211342622,0.5144176824863039,-1.096348151207152,-0.36710456901780375,-0.0,0.8583338466908972,0.0,1.0,0.0
2008-09,-0.9583929240471178,-1.0946060880737,0.39947051008495243,-1.182234351209675,-0.3123023991103639,-0.0,0.8668213584125615,0.0,1.0,0.0
2008-10,-1.1006391484165774,-1.0948991098499092,-0.04014543036342598,-1.2234023410366333,-0.3112901803504254,-0.0,0.8750350794335271,0.0,1.0,0.0
2008-11,-1.0803182592209402,-1.1104851841752827,-0.3056651561951366,-1.0644115049783747,-0.3093827545956893,-0.0,0.8835225911551914,0.0,1.0,0.0
2008-12,-1.0295160362318476,-1.1116639817024745,-0.4117383078692539,-1.1474598532851303,-0.3287612650629061,-0.0,0.891736312176157,0.0,1.0,0.0
2009-01,-0.9380720348514807,-1.0995964054990603,-0.4189705711449597,-1.341572845160702,-0.3436628696670436,-0.0,0.9002238238978213,0.0,1.0,0.0
2009-02,-0.8263071442754768,-1.085636330419313,-0.4440513637028058,-1.676609997843423,-0.35419153916735696,-0.0,0.9087113356194857,0.0,1.0,0.0
2009-03,-0.8364675888732954,-1.0796664511019478,-0.5254577087415234,-1.367426210389519,-0.3239552747756124,-0.0,0.9163774752390536,0.0,1.0,0.0
2009-04,-0.6230982523191062,-1.044195158528502,-0.8674940635756146,-1.2781411592229268,-0.3039218110504593,-0.0,0.924864986960718,0.0,1.0,0.0
2009-05,-0.5722960293300134,-1.0056504925160397,-1.1278663879599702,-1.0792206195186607,-0.32152035819718144,-0.0,0.9330787079816835,0.0,1.0,0.0
2009-06,0.3218230952780176,-1.033516639752765,-1.2986298057638643,-0.37592791304940587,-0.3382502939621372,-0.0,0.9415662197033479,0.0,1.0,0.0
2009-07,0.6571177670060292,-1.040544688766876,-1.300736586913093,0.09427626647463229,-0.24688071927119967,-0.0,0.9497799407243133,0.0,1.0,0.0
2009-08,0.6164759886147552,-1.0698692344622904,-1.1362654244495465,0.25526001588126834,-0.19830547336087298,-0.0,0.9582674524459776,0.0,1.0,0.0
2009-09,0.4843902088431141,-1.0247796698453444,-1.3615260573961894,-0.018969808263934518,-0.19166188475960588,-0.0,0.966754964167642,0.0,1.0,0.0
2009-10,0.6875991007994848,-1.0114214557421395,-1.3389942164054405,0.04555679859851943,-0.2346906836802894,-0.0,0.9749686851886075,0.0,1.0,0.0
2009-11,1.266744442875141,-1.0076524351855587,-1.1258961392969613,0.5078817368977959,-0.2615702512162638,-0.0,0.9834561969102719,0.0,1.0,0.0
2009-12,1.1448191077013188,-0.9590130571423257,-1.1981908241073382,0.43750006634842703,-0.3089329068840927,-0.0,0.9916699179312374,0.0,1.0,0.0
2010-01,1.1143377739078633,-0.8731196509864211,-1.2827847389045983,0.4781495024976679,-0.3446098610670629,-0.0,1.0001574296529019,0.0,1.0,0.0
2010-02,1.4293115564402379,-0.7864545462595844,-1.3057732384808254,0.3301645559894674,-0.37495737595764955,-0.0,1.0086449413745662,0.0,1.0,0.0
2010-03,1.3683488888533266,-0.7886354335252618,-1.2308787656041291,0.6524252198448893,-0.36474106534489203,-0.0,1.016311080994134,0.0,1.0,0.0
2010-04,0.4945506534409327,-0.9152901818785373,-1.2069039949506575,1.0156392655509054,-0.36157632137712814,-0.0,1.0247985927157983,0.0,1.0,0.0
2010-05,-0.4097289157649169,-0.9372041844855531,-0.49572206231940485,1.7001270139697833,-0.3702803665778854,-0.0,1.033012313736764,0.0,1.0,0.0
2010-06,-1.6594636012965969,-0.9502380615082214,0.6071192244716719,1.752186071435491,-0.376953766382676,-0.0,1.0414998254584282,0.0,1.0,0.0
2010-07,-2.421496946132987,-0.7910511855733968,1.2971031674887907,1.1714585642456832,-0.37432682992477023,-0.0,1.0497135464793939,0.0,1.0,0.0
2010-08,-2.421496946132987,-0.8102429935113564,1.4099737615047045,0.07706354234619492,-0.37848005534210155,-0.0,1.0582010582010581,0.0,1.0,0.0
2010-09,-2.380855167741713,-0.8013628679270091,1.3796617388800794,-0.542714123395321,-0.3852178786091883,-0.0,1.0666885699227227,0.0,1.0,0.0
2010-10,-2.177646275785342,-0.8175573538793203,1.3211087222827191,-0.638311429742973,-0.3979966128955973,-0.0,1.074902290943688,0.0,1.0,0.0
2010-11,-2.045560496013701,-0.8270883904321932,1.2639586143521624,-0.6619879784204388,-0.3895052209466412,-0.0,1.0833898026653526,0.0,1.0,0.0
2010-12,-1.9033142716442415,-0.8080285541338997,0.6605786957596113,-0.605612890720833,-0.344230644693852,-0.0,1.091603523686318,0.0,1.0,0.0
2011-01,-1.8220307148616934,-0.8259789339360125,0.3016251916929421,-0.7622365445735398,-0.3314419286786228,-0.0,1.1000910354079825,0.0,1.0,0.0
2011-02,-1.5985009337096856,-0.5859351433673307,0.3982556552165096,-0.9263019141724778,-0.33006036362184593,-0.0,1.1085785471296468,0.0,1.0,0.0
2011-03,-1.7813889364704192,-0.119405011968358,0.10839489398571558,-1.1319416425451534,-0.33748397855291107,-0.0,1.1162446867492144,0.0,1.0,0.0
2011-04,-1.8220307148616934,-0.14789299167673284,-0.21205816092202515,-1.1668059837846678,-0.3468038986549259,-0.0,1.124732198470879,0.0,1.0,0.0
2011-05,-1.3038480403729482,-0.46814566180604267,-0.6437836585963649,-1.1846509764883637,-0.3561384005666043,-0.0,1.1329459194918443,0.0,1.0,0.0
2011-06,-1.0803182592209402,-0.4493184534827549,-0.9732202628891098,-1.0321341074030588,-0.3101237472297876,-0.0,1.1414334312135088,0.0,1.0,0.0
2011-07,-0.8161466996776583,-0.4833112163304444,-1.0647713436824122,-0.7220942079546601,-0.23581917729921445,-0.0,1.1496471522344742,0.0,1.0,0.0
2011-08,-0.8364675888732954,-0.3354135076057464,-1.1695440540077826,-0.8933424630918376,-0.17520078575811063,-0.0,1.1581346639561387,0.0,1.0,0.0
2011-09,-1.131120482210033,0.3212684241455684,-1.3187630642652048,-0.7928374271770472,-0.15426416538388704,-0.0,1.166622175677803,0.0,1.0,0.0
2011-10,-1.3851315971554963,0.33126695345590396,-1.3145076801376028,-0.6804824592193076,-0.16975000258561712,-0.0,1.1748358966987686,0.0,1.0,0.0
2011-11,-1.283527151177311,0.6120847082068647,-1.1902853861127423,-0.10831240981327232,-0.1954833460939791,-0.0,1.183323408420433,0.0,1.0,0.0
2011-12,-1.1920831497969442,0.3420036292253923,-1.011463446609255,0.4744852419529499,-0.27686712781558487,-0.0,1.1915371294413986,0.0,1.0,0.0
2012-01,-1.0701578146231219,0.1764843513940215,-1.2439751610597383,0.17808958033953418,-0.30900231004555423,-0.0,1.2000246411630628,0.0,1.0,0.0
2012-02,-0.6535795861125617,-0.33637147824552405,-1.2003789930817017,0.07275298657290875,-0.32356623298700804,-0.0,1.2085121528847274,0.0,1.0,0.0
2012-03,-0.5011729171452838,-0.13725473543513225,-1.266741152400391,0.021049840692269582,-0.3446105086512593,-0.0,1.2164520832049939,0.0,1.0,0.0
2012-04,-0.41988936036273544,-0.1345101726915564,-1.1083852481019496,0.2646078860545079,-0.34248002363660074,-0.0,1.2249395949266584,0.0,1.0,0.0
2012-05,-0.33860580358018716,0.07915638554361189,-0.8600797254359784,1.0915496867490808,-0.35727495549224997,-0.0,1.2331533159476238,0.0,1.0,0.0
2012-06,-0.07443424403690528,0.08876794716475611,-0.3412326497202678,1.4750156072678384,-0.3735624349376438,-0.0,1.2416408276692883,0.0,1.0,0.0
2012-07,0.44374843045184004,0.4185024440829945,0.04068599441402619,1.5525494177972718,-0.37898925749487083,-0.0,1.2498545486902537,0.0,1.0,0.0
2012-08,0.09829331412600983,-0.0384773183558416,0.3326795806707835,1.5554531741563795,-0.3832302640665474,-0.0,1.2583420604119182,0.0,1.0,0.0
2012-09,-0.20652002380854623,0.08141779787756033,0.49484221609123996,1.526871501391214,-0.38575028214058005,-0.0,1.2668295721335825,0.0,1.0,0.0
2012-10,-0.18619913461290913,0.04144381190328531,0.6063972639349107,1.5220687153873729,-0.394223028130778,-0.0,1.2750432931545481,0.0,1.0,0.0
2012-11,-0.10491557783036087,-0.04478287856296405,0.8698999603188279,1.5233382447529071,-0.3946567755594229,-0.0,1.2835308048762124,0.0,1.0,0.0
2012-12,0.06781198033255423,-0.32152293332897114,1.4090952434695212,1.207216885048917,-0.4083564415645688,-0.0,1.291744525897178,0.0,1.0,0.0
2013-01,0.06781198033255423,0.054059405932433864,1.2903084268815257,0.8979826324630323,-0.4119630165981878,-0.0,1.3002320376188423,0.0,1.0,0.0
2013-02,0.027170201941280087,-0.38853608687058405,1.2916407569941657,0.6504518838069303,-0.4326086260328469,-0.0,1.3087195493405068,0.0,1.0,0.0
2013-03,-0.10491557783036087,-0.21388775873985288,1.520337244758654,0.4084411038578648,-0.43083674634956237,-0.0,1.3163856889600745,0.0,1.0,0.0
2013-04,-0.3792475819714613,0.11269060286364656,1.4231425010705856,0.003025729602748645,-0.41459716580421196,-0.0,1.3248732006817387,0.0,1.0,0.0
2013-05,-0.8161466996776583,0.28724658280100324,1.4249858167768434,-0.2323942926862486,-0.4173587774444776,-0.0,1.3330869217027044,0.0,1.0,0.0
2013-06,-1.0599973700253034,-0.14075086548257157,1.4269455073161064,-0.6377020486749757,-0.41798510301483555,-0.0,1.3415744334243687,0.0,1.0,0.0
2013-07,-0.73486314289511,-0.024184118737710886,1.1233970072667168,-0.8062698002163625,-0.41949154016906826,-0.0,1.3497881544453343,0.0,1.0,0.0
2013-08,-0.39956847116709837,-0.0440469689112635,1.0985189635510342,-0.7905124927538815,-0.4228683121349265,-0.0,1.3582756661669986,0.0,1.0,0.0
2013-09,-0.3081244697867315,-0.34863527645438036,1.1021507762530924,-0.8144683429126699,-0.4295265718678153,-0.0,1.366763177888663,0.0,1.0,0.0
2013-10,-0.13539691162381648,0.23067772234051293,0.9031001490596287,-0.8706792677338272,-0.4387134245827165,-0.0,1.3749768989096285,0.0,1.0,0.0
2013-11,-0.09475513323254234,0.5132043979847835,0.5605735683154879,-1.1090435409058212,-0.43918982324636513,-0.0,1.383464410631293,0.0,1.0,0.0
2013-12,-0.19635957921072766,0.4714476764712829,0.14216588131103328,-1.232175203579031,-0.4384630328036084,-0.0,1.3916781316522584,0.0,1.0,0.0
2014-01,-0.43004980496055395,0.7197333036406948,0.1287566048172144,-1.388318155825506,-0.44707764439379505,-0.0,1.400165643373923,0.0,1.0,0.0
2014-02,-0.38940802656927986,0.9508354564200997,0.01848429925281059,-1.3618068767927944,-0.45910113919378515,-0.0,1.4086531550955872,0.0,1.0,0.0
2014-03,-0.12523646702599794,0.5809617693200616,-0.19879823859724652,-1.284579156127987,-0.4125300770493312,-0.0,1.416319294715155,0.0,1.0,0.0
2014-04,-0.1760386900150906,0.5152846289151216,-0.786408114554574,-1.2126902820906496,-0.3656890169559611,-0.0,1.4248068064368193,0.0,1.0,0.0
2014-05,-0.19635957921072766,0.2628877496489768,-1.0897285851768432,-0.5540621211363478,-0.35180548170001924,-0.0,1.433020527457785,0.0,1.0,0.0
2014-06,0.04749109113691715,0.11539490307308628,-1.2756223566674518,0.018476984054593065,-0.3584967905574135,-0.0,1.4415080391794493,0.0,1.0,0.0
2014-07,0.4640693196474771,0.44581386307162973,-1.3809689940341552,0.31144183918678026,-0.3549656925784084,-0.0,1.4497217602004149,0.0,1.0,0.0
2014-08,0.2811813168867434,0.1643116452403642,-1.3832738235572877,0.32570573588517165,-0.3493949053551767,-0.0,1.4582092719220792,0.0,1.0,0.0
2014-09,-0.023632021047812583,0.6002273919039364,-1.4370899499829979,0.4452201260183445,-0.3474071791600881,-0.0,1.4666967836437437,0.0,1.0,0.0
2014-10,0.10845375872382836,0.6990652027844301,-1.289852618892453,0.7081336818573813,-0.360066289014081,-0.0,1.474910504664709,0.0,1.0,0.0
2014-11,0.37262531826711026,0.6415546463866578,-0.8564987872837032,1.325965996493781,-0.36264570619026537,-0.0,1.4833980163863734,0.0,1.0,0.0
2014-12,0.3929462074627474,0.6970520760776511,-0.38203094444016494,1.6986343532988561,-0.368869325274928,-0.0,1.491611737407339,0.0,1.0,0.0
2015-01,0.24053953849546933,0.34914351861210186,-0.27540623126351327,1.6550237371516383,-0.37237291209083123,-0.0,1.5000992491290033,0.0,1.0,0.0
2015-02,0.027170201941280087,0.11428544657690567,0.06328040894426566,1.7256474907194213,-0.3915106105589486,-0.0,1.5085867608506676,0.0,1.0,0.0
2015-03,0.12877464791946544,0.09579823298631865,0.31620229251949866,1.5666624146437367,-0.4083982442409703,-0.0,1.5162529004702354,0.0,1.0,0.0
2015-04,0.596155099419118,0.19728666069740464,0.6584741457637171,1.5095831180043477,-0.3896335096089953,-0.0,1.5247404121919,0.0,1.0,0.0
2015-05,1.3073862212664153,0.044060876622097726,1.0484893562318267,1.1451489232480323,-0.34443537062186974,-0.0,1.5329541332128653,0.0,1.0,0.0
2015-06,1.835729340352979,0.2151073056673032,1.2792438694244832,0.42988975333856855,-0.295543634683424,-0.0,1.5414416449345298,0.0,1.0,0.0
2015-07,1.7544457835704308,-0.20596946035985553,1.437562648472172,-0.306760377446731,-0.2573698861355332,-0.0,1.5496553659554952,0.0,1.0,0.0
2015-08,1.947494230928983,-0.23442165114899907,1.3448934902577003,-0.6512391076427216,-0.23592569373427605,-0.0,1.5581428776771598,0.0,1.0,0.0
2015-09,2.242147124265721,-0.361740731315512,1.4633029507170825,-0.8013162963614199,-0.20802656070730743,-0.0,1.566630389398824,0.0,1.0,0.0
2015-10,2.221826235070084,-0.3559474000148923,1.0991795745776864,-0.7641740134352615,-0.23133968109934963,-0.0,1.5748441104197897,0.0,1.0,0.0
2015-11,1.9678151201246203,-0.27652060420265206,0.742714229910151,-1.115162044583121,-0.2322456737205905,-0.0,1.583331622141454,0.0,1.0,0.0
2015-12,2.03893823230935,-0.23442165114899907,0.344029118080782,-0.9713150228446774,-0.24583851066382134,-0.0,1.5915453431624196,0.0,1.0,0.0
2016-01,1.9982964539180756,-0.4224476855621592,0.34381984134685156,-0.8877281899600223,-0.27373777767372715,-0.0,1.6000328548840836,0.0,1.0,0.0
2016-02,1.8458897849507978,-0.404301777936227,0.5076891618971509,-0.7794617244856228,-0.2986895987094926,-0.0,1.6085203666057482,0.0,1.0,0.0
2016-03,1.3886697780489636,-0.6214117084154851,0.580605956381745,-0.3224969794277363,-0.33815032036050807,-0.0,1.616460296926015,0.0,1.0,0.0
2016-04,1.3175466658642339,-0.5481987637048363,0.8781613525962432,0.3015649210523666,-0.34204294896501575,-0.0,1.6249478086476792,0.0,1.0,0.0
2016-05,1.2362631090816856,-0.5237079589131435,1.0014811191150552,0.3797937498111039,-0.3450112516163778,-0.0,1.6331615296686448,0.0,1.0,0.0
2016-06,0.23037909389765077,-0.7479702740483257,0.9599237085479496,0.21636309887053395,-0.3549649556722539,-0.0,1.641649041390309,0.0,1.0,0.0
2016-07,-0.450370694156191,-0.6590571778322525,0.9778601328686659,-0.2069644041495973,-0.36602386264647446,-0.0,1.6498627624112747,0.0,1.0,0.0
2016-08,-0.14555735622163501,-0.6945553120951227,1.1094266562232376,-0.6514487514683072,-0.3722128248113854,-0.0,1.658350274132939,0.0,1.0,0.0
2016-09,-0.21668046840636476,-0.6610166211601843,1.0758927941686303,-0.7988415664120312,-0.36378074264262295,-0.0,1.6668377858546033,0.0,1.0,0.0
2016-10,-0.4097289157649169,-0.7260271929444343,1.103676576860182,-0.8384870358944851,-0.36708056374155823,-0.0,1.675051506875569,0.0,1.0,0.0
2016-11,-0.2370013576020018,-0.9068305760951618,1.1587990214053523,-0.9713539180175904,-0.381207032393105,-0.0,1.6835390185972332,0.0,1.0,0.0
2016-12,-0.09475513323254234,-0.9916928140157052,1.1018343368653678,-1.081697338353785,-0.39689654598984486,-0.0,1.6917527396181988,0.0,1.0,0.0
2017-01,-0.1658782454172721,-0.9482763813728377,0.9642218068222081,-1.1541054180895511,-0.4099565327918934,-0.0,1.7002402513398631,0.0,1.0,0.0
2017-02,-0.18619913461290913,-0.945072154697881,0.9736557199936715,-1.2166799226945022,-0.41633559441417944,-0.0,1.7087277630615276,0.0,1.0,0.0
2017-03,-0.4097289157649169,-0.9690115864526615,0.6121885919274088,-1.3411743733538901,-0.42658850469927784,-0.0,1.7163939026810955,0.0,1.0,0.0
2017-04,-0.297964025188913,-0.8076729017490355,-0.045375758542408454,-1.453389625828642,-0.41589939063168613,-0.0,1.7248814144027598,0.0,1.0,0.0
2017-05,-0.033792465645631126,-0.9412975421226705,-0.8225830054344483,-1.0904567474144626,-0.415650048385586,-0.0,1.7330951354237254,0.0,1.0,0.0
2017-06,-0.5113333617431022,-0.9024620911414512,-1.2460111442719608,-0.5439288767310336,-0.44021146547288564,-0.0,1.7415826471453897,0.0,1.0,0.0
2017-07,-0.8059862550798398,-0.8381583505120255,-1.4330301988405638,-0.18884728693406952,-0.4307495011269658,-0.0,1.7497963681663553,0.0,1.0,0.0
2017-08,-0.8364675888732954,-0.8448016686443963,-1.4461118427757937,-0.09839901479007926,-0.43970681873998063,-0.0,1.7582838798880196,0.0,1.0,0.0
2017-09,-0.7856653658842027,-0.5420274119448324,-1.4899285899257053,-0.08886330844485213,-0.38401678856879884,-0.0,1.766771391609684,0.0,1.0,0.0
2017-10,-0.5621355847321949,-0.926467508716065,-1.5188208617172059,0.11411817992257033,-0.3844075051441181,-0.0,1.7749851126306495,0.0,1.0,0.0
2017-11,-0.48085202794964665,-1.0365676451172614,-1.3304261802288162,0.4083149104324084,-0.3931985945930661,-0.0,1.783472624352314,0.0,1.0,0.0
2017-12,-0.6230982523191062,-1.063360124777038,-1.0220476548908666,0.8230990962487207,-0.40490914991277255,-0.0,1.7916863453732794,0.0,1.0,0.0
2018-01,-0.7043818091016544,-1.0973148618980442,-1.1501012994657283,0.7778865890059586,-0.4146240740440965,-0.0,1.800173857094944,0.0,1.0,0.0
2018-02,-0.6942213645038359,-1.0429173023855798,-1.314423795788912,0.3375363141831609,-0.4278324022880977,-0.0,1.8086613688166082,0.0,1.0,0.0
2018-03,-0.866948922666751,-1.1001332392875345,-1.3729008182823397,0.4429136215918103,-0.4377113438650249,-0.0,1.816327508436176,0.0,1.0,0.0
2018-04,-1.3038480403729482,-1.0393412863577125,-1.1450035013734903,1.0010817436040202,-0.41625058224053596,-0.0,1.8248150201578404,0.0,1.0,0.0
2018-05,-0.8364675888732954,-0.9992084870543467,-0.7795444398459982,1.5104566977085545,-0.407794539456507,-0.0,1.833028741178806,0.0,1.0,0.0
2018-06,-0.5519751401343764,-0.951208835942379,-0.08778255380999515,1.8994742841116075,-0.404516021644584,-0.0,1.8415162529004703,0.0,1.0,0.0
2018-07,-0.27764313599327595,-1.009743850153157,0.42452899299771285,1.8384374816105635,-0.3828289405087011,-0.0,1.849729973921436,0.0,1.0,0.0
2018-08,0.1998977601041952,-1.0328948072811157,0.8714281955776702,1.7040616464578926,-0.345281338887252,-0.0,1.8582174856431002,0.0,1.0,0.0
2018-09,0.5656737656256624,-1.0708914554678437,1.2544969264661892,1.2578364341421673,-0.28378238915248283,-0.0,1.8667049973647647,0.0,1.0,0.0
2018-10,0.45390887504965854,-1.0677218993083926,1.4187571618935002,0.8406286586742017,-0.274247046817965,-0.0,1.87491871838573,0.0,1.0,0.0
2018-11,0.2608604276911064,-1.1029963528260647,1.7428161481775444,0.38492728572809426,-0.27059940601409904,-0.0,1.8834062301073946,0.0,1.0,0.0
2018-12,0.1998977601041952,-1.095503047861943,1.7146957535419778,-0.126673075197814,-0.2867544433260861,-0.0,1.89161995112836,0.0,1.0,0.0
2019-01,0.10845375872382836,-1.065641668378054,1.3271535153895708,-0.37559768938182403,-0.30824088501353536,-0.0,1.9001074628500245,0.0,1.0,0.0
2019-02,0.5351924318322068,-1.0740464723788565,1.0161681905744226,-0.4685614840273743,-0.3239931026248775,-0.0,1.9085949745716886,0.0,1.0,0.0
2019-03,0.7892035467776701,-1.0325592861633193,1.1952627994406908,-0.7777226278315376,-0.34005788009818133,-0.0,1.9162611141912564,0.0,1.0,0.0
2019-04,0.36246487366929175,-0.9893464029985817,1.0153666122760925,-0.8975223106453615,-0.35144991331522135,-0.0,1.9247486259129207,0.0,1.0,0.0
2019-05,0.27102087228892496,-0.9904849379916376,0.5565655971962041,-1.3404692138517624,-0.35797171142658785,-0.0,1.9329623469338864,0.0,1.0,0.0
2019-06,0.35230442907147325,-1.044264499559513,-0.03086944648427581,-1.3470734351814098,-0.33654366396926144,-0.0,1.9414498586555506,0.0,1.0,0.0
2019-07,0.27102087228892496,-1.063561437447716,-0.1687540080838128,-1.3161339943322885,-0.2019270321529671,-0.0,1.9496635796765163,0.0,1.0,0.0
2019-08,0.3319835398758362,-1.0774520117244912,-0.2490687166735654,-1.2589215873424224,-0.028888961998907,-0.0,1.9581510913981806,0.0,1.0,0.0
2019-09,0.1998977601041952,-1.0744971890804298,-0.09927513961800138,-1.1032225176146502,0.05867254965137573,-0.0,1.9666386031198448,0.0,1.0,0.0
2019-10,0.291341761484562,-1.111809374186853,-0.4749355745585963,-0.8990462593995272,0.02479567855996738,-0.0,1.9748523241408105,0.0,1.0,0.0
2019-11,0.5148715426365698,-1.0774095123829037,-0.6613966184327782,-0.7442750374684731,-0.003626657836706275,-0.0,1.9833398358624748,0.0,1.0,0.0
2019-12,0.47422976424529567,-1.076512552594661,-0.8675125000781891,-0.6766455453389641,-0.014838528664212381,-0.0,1.9915535568834404,0.0,1.0,0.0
2020-01,0.291341761484562,-1.0515497814306012,-0.895921890947466,-0.44377242690015184,0.046291677696935804,-0.0,2.0000410686051047,0.0,1.0,0.0
2020-02,0.1998977601041952,-1.064882696470211,-0.8813795050382184,-0.3220938910702687,0.08023853254253346,-0.0,2.008528580326769,0.0,1.0,0.0
2020-03,0.15925598171292102,-1.0608101642817849,-0.8050453094545131,-0.16860196010350845,0.05619632166731287,-0.0,2.016468510647036,0.0,1.0,0.0
2020-04,-0.07443424403690528,-1.0488410076062575,-0.490003917441424,0.05644319709381727,0.00022829923196303039,-0.0,2.0249560223687,0.0,1.0,0.0
2020-05,-0.297964025188913,-1.035444767776369,0.3333043759266021,0.7554715223199377,-0.05594230540440961,-0.0,2.033169743389666,0.0,1.0,0.0
2020-06,-0.8161466996776583,-1.0150025844727542,0.6339840937417819,0.5169315630105508,-0.10261803055329412,-0.0,2.04165725511133,0.0,1.0,0.0
2020-07,-0.8263071442754768,-1.0130990613311222,0.6578345351902456,-0.009204821196075323,-0.14276311471695796,-0.0,2.0498709761322957,0.0,1.0,0.0
2020-08,-0.887269811862388,-0.9792785326572346,0.5788209211050634,-0.5748492914866109,-0.16377556943362792,-0.0,2.05835848785396,0.0,1.0,0.0
2020-09,-1.1616018160034887,-1.0195790925194985,0.5973546887417384,-0.9649210548070357,-0.19125314747923536,-0.0,2.0668459995756243,0.0,1.0,0.0
2020-10,-1.1412809268078514,-0.9630393105558839,0.47637369678205344,-1.284966510751491,-0.21633073383203788,-0.0,2.07505972059659,0.0,1.0,0.0
2020-11,-1.0904787038187587,-0.6773117634478344,0.1305626022064427,-1.374720232705984,-0.23319244181571447,-0.0,2.0835472323182542,0.0,1.0,0.0
2020-12,-1.110799593014396,-0.7548149048513744,-0.1625994769220214,-1.243240198453316,-0.264169520197641,-0.0,2.09176095333922,0.0,1.0,0.0
2021-01,-1.131120482210033,-0.9745812370080834,-0.19143782319151006,-1.0061722409732916,-0.27674346156456364,-0.0,2.100248465060884,0.0,1.0,0.0
2021-02,-0.8771093672645696,-1.0097079014619643,-0.20957415708484275,-1.0797186668565777,-0.30905804694742295,-0.0,2.1087359767825484,0.0,1.0,0.0
2021-03,-0.7551840320907471,-0.9593485782601222,-0.3872505089225645,-1.1515068324687354,-0.3245533299462245,-0.0,2.1164021164021163,0.0,1.0,0.0
2021-04,-0.9888742578405735,-0.9390048144843944,-0.8099532910198725,-1.1241126237280263,-0.32194479381169205,-0.0,2.124889628123781,0.0,1.0,0.0
2021-05,-1.110799593014396,-0.9030168193895415,-1.064451907835666,-0.7942451893170657,-0.2506571176776999,-0.0,2.133103349144746,0.0,1.0,0.0
2021-06,-1.242885372786037,-0.7992826369966709,-1.1372521953062256,-0.24723642588217587,-0.19080519785924888,-0.0,2.141590860866411,0.0,1.0,0.0
2021-07,-1.4867360431336818,-0.7663568313035739,-1.0347676571706235,0.35462139866950004,-0.17213690861155703,-0.0,2.149804581887376,0.0,1.0,0.0
2021-08,-1.3038480403729482,-0.8488279220579543,-0.9857063888620624,0.3519959206260463,-0.17770081804401325,-0.0,2.158292093609041,0.0,1.0,0.0
2021-09,-1.4054524863511333,-0.6703776603467065,-1.1572040958047762,0.5283123583896682,-0.1944059892960794,-0.0,2.166779605330705,0.0,1.0,0.0
2021-10,-1.456254709340226,-0.6648952452819119,-1.1115533215157942,0.668365258400669,-0.20152106385329838,-0.0,2.1749933263516708,0.0,1.0,0.0
2021-11,-1.3851315971554963,-0.7528934872501264,-0.6674015153232499,1.1883262528398804,-0.22459917817351915,-0.0,2.183480838073335,0.0,1.0,0.0
2021-12,-1.1412809268078514,-0.43063440083639354,-0.2272599559240784,1.4101897214099952,-0.2517917298507564,-0.0,2.1916945590943007,0.0,1.0,0.0
2022-01,-1.0091951470362106,-0.4141938660643651,-0.20391365387914326,1.3593618525894633,-0.2683702425662042,-0.0,2.200182070815965,0.0,1.0,0.0
2022-02,-0.9075907010580251,-0.2899479995649075,0.07046457319212432,1.4035904647033748,-0.13368112598089307,-0.0,2.2086695825376292,0.0,1.0,0.0
2022-03,-1.2327249281882184,-0.03525631562499545,0.04360432206678374,1.4434059478929053,0.054643057476534224,-0.0,2.216335722157197,0.0,1.0,0.0
2022-04,-1.720426268883508,0.2345227943504609,0.3297932744974097,1.4746930448306848,0.0737220490876753,-0.0,2.2248232338788614,0.0,1.0,0.0
2022-05,-1.8423516040573302,0.3440838601557305,0.7877015884610731,1.3003156405688627,0.04916927389982404,-0.0,2.2330369548998266,0.0,1.0,0.0
2022-06,-2.0354000514158823,-0.01378743770092326,1.1544471503992186,0.6780813740600976,0.04732557936220869,-0.0,2.241524466621491,0.0,1.0,0.0
2022-07,-2.0658813852093383,0.18893889528662755,1.2948659346323006,0.14898718693734586,0.06902255290495371,-0.0,2.2497381876424565,0.0,1.0,0.0
2022-08,-1.7509076026769637,0.010374556395329066,1.286500124842865,-0.3545132766083311,0.06259414090080474,-0.0,2.2582256993641208,0.0,1.0,0.0
2022-09,-1.720426268883508,0.3343738790066997,1.3219101352432818,-0.768287115001847,0.04726318797445983,-0.0,2.2667132110857855,0.0,1.0,0.0
2022-10,-1.6696240458944154,0.2553049723867757,1.3646142217991337,-0.8272632255066327,0.02293425361366463,-0.0,2.2749269321067507,0.0,1.0,0.0
2022-11,-1.435933820144589,0.005628050982234427,1.241045092267303,-0.8466229902316877,0.00877909028307088,-0.0,2.2834144438284154,0.0,1.0,0.0
2022-12,-1.2022435943947627,0.4856066676422948,0.9275263930135084,-0.8903351240730409,-0.09929887125042519,-0.0,2.2916281648493806,0.0,1.0,0.0
2023-01,-1.0599973700253034,1.1691302888173298,0.6952043406585177,-0.9525682789991875,-0.09929887125042519,-0.0,2.3001156765710453,0.0,1.0,0.0
2023-02,-0.7551840320907471,1.1091558890112052,0.4742913285908344,-0.9818084690013521,-0.09929887125042519,-0.0,2.3086031882927096,0.0,1.0,0.0
2023-03,-0.6129378077212876,0.7400658833791626,0.37968956048722213,-1.3519301097052523,-0.09929887125042519,-0.0,2.3162693279122775,0.0,1.0,0.0
2023-04,-0.34876624817800567,0.5461413877151403,0.11883963798036921,-1.5551969574798845,-0.09929887125042519,-0.0,2.3247568396339418,0.0,1.0,0.0
2023-05,-0.07443424403690528,0.8195172840733749,-0.481768412452722,-1.2232712881002865,-0.09929887125042519,-0.0,2.3329705606549074,0.0,1.0,0.0
2023-06,0.30150220608238054,0.9641291226511185,-1.0384117149862966,-0.9143951804014421,-0.09929887125042519,-0.0,2.3414580723765717,0.0,1.0,0.0
2023-07,0.3218230952780176,1.2981046064983053,-1.3047373896338823,-0.4946691416319877,-0.09929887125042519,-0.0,2.3496717933975373,0.0,1.0,0.0
2023-08,0.5047110980387512,0.7720074937933895,-1.3780127262030721,-0.32645851702895506,-0.09929887125042519,-0.0,2.3581593051192016,0.0,1.0,0.0
2023-09,0.6672782116038478,0.7401575924846936,-1.4165772043755525,-0.0583863603483451,-0.09929887125042519,-0.0,2.366646816840866,0.0,1.0,0.0
