time,giss_aod,tropopause_pressure
1948-01,-0.48497922396584303,0.3540897220180329
1948-02,-0.4946952946905388,-0.8068911019320057
1948-03,-0.5030511155137772,-0.20798010312422432
1948-04,-0.5100466864355582,0.785154792719874
1948-05,-0.5178195430153149,0.3214466888930409
1948-06,-0.5244264711081079,-0.27425664592207627
1948-07,-0.528895863641468,-1.0966424927440697
1948-08,-0.535891434563249,-1.5627214786524373
1948-09,-0.540555148511103,-1.735946719044212
1948-10,-0.5446358982154751,-0.7381952917040165
1948-11,-0.5500768978213048,-0.8635133445851221
1948-12,-0.5547406117691588,-1.225797219149675
1949-01,-0.5570724687430857,-1.9594329518463305
1949-02,-0.5426926840705361,-1.1347502240641951
1949-03,-0.4843962597223613,-0.7858036285321395
1949-04,-0.47545747465564114,-0.654067401468729
1949-05,-0.45505372613378003,0.5189272199196732
1949-06,-0.42920897800608926,0.7870902066639838
1949-07,-0.4049188011943498,-0.5412071527543416
1949-08,-0.39306519491022096,-0.7226664409995126
1949-09,-0.40064373007548365,-0.1620339453304545
1949-10,-0.4121086935306247,0.48033278891654374
1949-11,-0.4262941567886805,-0.22896226723595517
1949-12,-0.44009097721774854,-0.9926282242330545
1950-01,-0.4468922267250356,-1.313719089954813
1950-02,-0.4589401544236584,-0.4811865509111267
1950-03,-0.47059943929329323,-0.29600728321749775
1950-04,-0.46865622514835414,0.7972198217038169
1950-05,-0.4358159060988824,1.3580430125703093
1950-06,-0.4478638337975052,1.0272523075521889
1950-07,-0.46166065422657315,0.575105455844435
1950-08,-0.4709880821222811,0.48653180593164813
1950-09,-0.48284168840640995,0.6991484124800093
1950-10,-0.49139183064414227,1.3150312838594471
1950-11,-0.4979987587369354,0.5481178161120106
1950-12,-0.508297793705113,-0.3161583578120521
1951-01,-0.5154876860413878,0.36187691694609797
1951-02,-0.522094614134181,0.6006699970885432
1951-03,-0.528895863641468,-0.6257676649300773
1951-04,-0.5304504349574193,0.6245353587376022
1951-05,-0.538223291537176,1.031143058819245
1951-06,-0.5434699697285117,1.1530741372981583
1951-07,-0.5481336836763656,0.9936643370309551
1951-08,-0.5531860404532074,-0.12710541603322703
1951-09,-0.4888656522557213,0.17305451712238007
1951-10,-0.4447546911656025,-0.07523347613410945
1951-11,-0.45583101179175567,-0.6847977902254243
1951-12,-0.4663243681744272,-0.36185689646885494
1952-01,-0.4173553717219604,-0.721186418571664
1952-02,-0.40744497958277076,-0.66272837886862
1952-03,-0.42182476425532045,-0.7265258840998255
1952-04,-0.42376797840025965,0.7091243328831043
1952-05,-0.42201908566981433,1.5743653675822453
1952-06,-0.4317351563945102,0.9851712852526854
1952-07,-0.43406701336843717,0.4133162349047675
1952-08,-0.436593191756858,0.3026105573016905
1952-09,-0.4317351563945101,0.20030685317363114
1952-10,-0.44514333399459033,-0.0021915231228033117
1952-11,-0.4571912616932131,0.24063461813552947
1952-12,-0.46826758231936627,-0.04376592236046643
1953-01,-0.47992686718900124,0.14513901717557376
1953-02,-0.4888656522557213,-0.20018152340825274
1953-03,-0.4958612231775023,1.0720799099341425
1953-04,-0.5051886510732103,1.6079818000732453
1953-05,-0.5028567940992833,2.21346466770007
1953-06,-0.4470865481395295,1.379722494941315
1953-07,-0.44494901258009645,1.5597700694860765
1953-08,-0.41638376464949084,0.656222069678446
1953-09,-0.388401480962367,0.9118247891648796
1953-10,-0.39209358783775133,1.4307918072930224
1953-11,-0.39500840905516005,0.8344765401279293
1953-12,-0.3841264098435008,0.4497190942358903
1954-01,-0.3746046605332989,1.1257904930801643
1954-02,-0.3817945528695738,0.9293488239500026
1954-03,-0.3841264098435008,0.4030613871979625
1954-04,-0.40025508724649583,0.5242866088266712
1954-05,-0.41677240747847866,1.4216270530282673
1954-06,-0.4307635493220406,1.432960609389216
1954-07,-0.44553197682357815,0.951765471337956
1954-08,-0.4571912616932131,0.47276759735265594
1954-09,-0.46865622514835414,0.558865055895773
1954-10,-0.47798365304406204,1.7276586905466662
1954-11,-0.487505402354264,0.5304173171143364
1954-12,-0.49702715166446587,0.16288220912789744
1955-01,-0.5036340797572589,-0.38111711140972343
1955-02,-0.5129615076529669,-0.07392422552485874
1955-03,-0.5197627571602539,-0.3085220113237485
1955-04,-0.5250094353515897,1.22538461768647
1955-05,-0.5314220420298889,1.2116289476984077
1955-06,-0.5360857559777429,1.252622722752838
1955-07,-0.5409437913400907,1.5565709440843423
1955-08,-0.5294788278849497,1.6005418411763295
1955-09,-0.4987760443949111,1.609453283910164
1955-10,-0.505771615316692,0.9228082632977024
1955-11,-0.5129615076529669,0.9093571363861397
1955-12,-0.5197627571602539,1.7064659078586646
1956-01,-0.526564006667541,1.741217972943341
1956-02,-0.5314220420298889,1.237293105836698
1956-03,-0.5390005771951516,1.079499945452222
1956-04,-0.5432756483140176,0.890307540021542
1956-05,-0.5456075052879448,1.403983477970126
1956-06,-0.5506598620647865,1.7396981037578194
1956-07,-0.5553235760126405,0.7198573416819835
1956-08,-0.5576554329865675,-0.4143322301270185
1956-09,-0.5625134683489154,-0.424814773591954
1956-10,-0.5638737182503728,0.2094032987109469
1956-11,-0.5663998966387936,-0.18640593004135403
1956-12,-0.5695090392706963,-0.05129695956063462
1957-01,-0.5714522534156355,0.30354695610700244
1957-02,-0.5735897889750686,-0.9336920234379364
1957-03,-0.5755330031200077,-0.8214835538311978
1957-04,-0.5755330031200077,0.17661226334317004
1957-05,-0.5782535029229225,0.3923682251567562
1957-06,-0.5807796813113435,-0.2664239118423851
1957-07,-0.5807796813113435,-0.014996563320670526
1957-08,-0.5833058596997643,0.008538639479099198
1957-09,-0.5833058596997643,-0.06711042996280182
1957-10,-0.5858320380881852,0.513584908194535
1957-11,-0.5858320380881852,-0.695974805752658
1957-12,-0.5877752522331244,0.607631794893385
1958-01,-0.5877752522331244,0.8752796199849252
1958-02,-0.5877752522331244,0.06187067842722897
1958-03,-0.5899127877925575,0.17455446292906512
1958-04,-0.5899127877925575,0.8852982333426697
1958-05,-0.5899127877925575,0.6737774126303119
1958-06,-0.5899127877925575,0.22834758578740927
1958-07,-0.5920503233519906,0.31938034988800607
1958-08,-0.5920503233519906,0.27152154772593956
1958-09,-0.5920503233519906,-0.37571218335109935
1958-10,-0.5920503233519906,-0.040535488791989156
1958-11,-0.5920503233519906,-0.059442775307755304
1958-12,-0.5920503233519906,-0.49329142665274245
1959-01,-0.5947708231549054,-0.08880129712171403
1959-02,-0.5947708231549054,0.6656600588529575
1959-03,-0.5947708231549054,-0.03212213052906506
1959-04,-0.5947708231549054,-0.036357271630293425
1959-05,-0.5947708231549054,-0.001357587408650146
1959-06,-0.5947708231549054,0.0364342160470691
1959-07,-0.5947708231549054,0.36468042096808045
1959-08,-0.5947708231549054,1.2965395421022692
1959-09,-0.5947708231549054,1.5739669000055168
1959-10,-0.5947708231549054,1.7075645398916446
1959-11,-0.5947708231549054,2.2502802255928045
1959-12,-0.5947708231549054,0.8556123988763983
1960-01,-0.5947708231549054,0.36621452113848507
1960-02,-0.5947708231549054,0.9245102890897283
1960-03,-0.5947708231549054,1.3175786301535326
1960-04,-0.5323936491023585,0.6254119874064049
1960-05,-0.4696278322208237,0.6487764183875767
1960-06,-0.40064373007548365,0.7708184985485788
1960-07,-0.3343801277330584,0.3378692454482073
1960-08,-0.2688938110486088,-0.5327596401276979
1960-09,-0.20243588729168968,0.3367905367940638
1960-10,-0.20243588729168968,0.14949939094377393
1960-11,-0.20243588729168968,-0.02148873862436804
1960-12,-0.20243588729168968,-1.1670744831278044
1961-01,-0.23469324209767978,-0.9230870935030057
1961-02,-0.21895320752367256,0.19484784737245103
1961-03,-0.1429735344565515,-1.0842017657592113
1961-04,-0.12101521461873911,-0.4151462424623352
1961-05,-0.1521066409377656,0.4875678216311422
1961-06,-0.16337728297841267,1.5518974886487125
1961-07,-0.19408006646845136,1.8195709295130422
1961-08,-0.19194253090901828,1.835859714810307
1961-09,-0.1684296397552545,2.7269726800270324
1961-10,-0.1808662102828651,2.663123943250248
1961-11,-0.19641192344237832,2.667054541274976
1961-12,-0.2286692782483684,2.190140083476571
1962-01,-0.25781749042245566,1.4508574959782776
1962-02,-0.2743348106544385,0.34821801765524113
1962-03,-0.0802077175750168,0.7895948600034198
1962-04,-0.04911629125599025,1.1948819246879052
1962-05,-0.08681464566780993,1.1825351222032758
1962-06,-0.1179060719868364,1.8704381618794088
1962-07,-0.12237546452019646,0.6670120024168578
1962-08,-0.05261407671688083,0.313781880434971
1962-09,-0.09517046649104827,0.31545259806025394
1962-10,-0.08817489556926736,0.2481514243508145
1962-11,-0.09361589517509704,-0.19380604218059713
1962-12,-0.10236035882732308,-0.1220904169604015
1963-01,-0.09517046649104827,0.6482413333559699
1963-02,-0.08117932464748635,0.3240196509599162
1963-03,-0.05747211207922859,0.28013983217118116
1963-04,0.11877741086675281,0.677133078865761
1963-05,0.7023246185919813,0.8610002497531626
1963-06,1.231073187429926,0.8204476352301103
1963-07,1.4073227103759076,0.7607856542059511
1963-08,1.5794914836175171,0.12993747912338244
1963-09,1.7254268659024472,0.5078327441047618
1963-10,2.3334585718539094,1.120231870384802
1963-11,3.1573813693081116,1.926790015819745
1963-12,3.200132080496773,2.183442981990556
1964-01,3.0250484860377553,1.8293362313398667
1964-02,2.8365567139786565,1.6648972010149548
1964-03,2.6364056570499237,1.5280691275603497
1964-04,2.493190774567908,1.503890684243861
1964-05,2.4212918512051593,1.6914465264129777
1964-06,2.44266720679949,2.2950110572775526
1964-07,2.694896402812592,2.2774443295377798
1964-08,2.626689586325228,1.863593058150609
1964-09,2.407106387947103,1.9032918135806716
1964-10,2.208898545163309,1.843501753692564
1964-11,2.136222336142585,1.2335247410396375
1964-12,2.0837555542292274,1.917394719599883
1965-01,2.0106907023795157,1.9465312380496644
1965-02,1.9842629900083428,1.9474220977033503
1965-03,1.8869079613468913,1.4881426763721564
1965-04,1.7127959739603427,1.92884781623385
1965-05,1.5639457704580035,1.230892008836253
1965-06,1.4114034600802794,1.4282131528321937
1965-07,1.2656623992098428,0.4536610770485256
1965-08,1.117978124194467,0.7695263251211879
1965-09,0.9908919191154463,0.16126272304819383
1965-10,0.883626498314805,0.09948886386737366
1965-11,0.8167799317288977,0.4367205126436121
1965-12,0.8509805006798268,-0.09245581403970947
1966-01,0.8752706774915663,-0.4047377001187921
1966-02,0.7882146837982921,-0.6305037366991929
1966-03,0.7054337612238841,-0.2871527644231957
1966-04,0.6292597667422691,-0.8142570597075293
1966-05,0.5546403435766056,-0.17191024883936742
1966-06,0.4833243844573384,0.16908691853695512
1966-07,0.41647781787143134,0.1462034948448341
1966-08,0.34963125128552464,0.7238960951918242
1966-09,0.28492222025905073,1.3875694600058892
1966-10,0.22273936762099777,1.3787490955753068
1966-11,0.15977922932496894,1.3155635226940772
1966-12,0.0993452694173612,1.5139946835109046
1967-01,0.043380702043113596,1.4883276791756375
1967-02,-0.007725829968786247,1.9318192458774537
1967-03,-0.05591754076327735,2.492374894228143
1967-04,-0.09905689478092657,2.2120928007573335
1967-05,-0.07437807514019933,1.2833531115095334
1967-06,-0.0026734731919443497,1.6034705778652838
1967-07,0.07427780694764617,1.1371809733806455
1967-08,0.15414390830464553,1.2176031151523583
1967-09,0.23323272400366904,0.6357806829922752
1967-10,0.31309882536066846,0.5531441999727427
1967-11,0.23906236643848652,0.3953368086033833
1967-12,0.17182715702359166,0.7014054466824784
1968-01,0.11022726862902049,-0.47883843840540535
1968-02,0.05426270125477289,0.18207411534132678
1968-03,0.0021845621704034103,1.8156261005034304
1968-04,-0.04484122013712417,0.9571447836237904
1968-05,0.07388916411865823,0.9441746640012786
1968-06,0.39063306974374085,0.5505797764967972
1968-07,0.7073769753688232,0.1023407532379589
1968-08,1.0237322381649179,-0.43441499599413363
1968-09,1.3414477508624703,0.24574638790556047
1968-10,1.6570257280005887,0.171036563465948
1968-11,1.5824063048349255,-1.022684064306288
1968-12,1.5116733099591402,-0.6773265231617653
1969-01,1.4356936368920192,-1.165104914819975
1969-02,1.3647663206017402,-1.182552102286729
1969-03,1.2897582546070885,-1.6416379822235116
1969-04,1.2184422954878213,-1.0464754248339547
1969-05,1.1446001579801335,-0.5410591505115567
1969-06,1.0686204849130123,-0.3866586569232259
1969-07,0.9967215615502637,0.3410456012741286
1969-08,0.9207418884831426,1.078518007495284
1969-09,0.8507861792653328,0.24249887715522342
1969-10,0.7751951490271999,1.2692928984449714
1969-11,0.7017416543484997,0.8783791284924773
1969-12,0.6298427309857509,0.4074758387087187
1970-01,0.5548346649910996,-0.027232364123211346
1970-02,0.48215845597037504,-0.4737266686353743
1970-03,0.40695606856122973,-0.4085231420977126
1970-04,0.33505714519848095,-0.6019876891903172
1970-05,0.2619922933487686,-0.018693773193315447
1970-06,0.19242522695994674,-0.011825899888702515
1970-07,0.12907644583493041,-0.21078076094923018
1970-08,0.0705857000722617,0.1902768550279801
1970-09,0.017147311086434965,-0.17532283901434914
1970-10,-0.030655756879068352,-1.0850755482310375
1970-11,-0.07554400362716293,-0.578990417619131
1970-12,-0.1198492861317755,-0.14008976664062206
1971-01,-0.15677035488561952,-0.4892953660975512
1971-02,-0.1934971022249696,0.06960948800669128
1971-03,-0.22478284995849004,-0.26007689258449584
1971-04,-0.25412538354707126,0.24732887342456786
1971-05,-0.28191334581970123,0.05018419364117812
1971-06,-0.3073694511184042,0.7181610082839108
1971-07,-0.3320482707591314,0.9213140098849706
1971-08,-0.35167473362301693,1.8666043345518855
1971-09,-0.3337971634895767,1.2445907548847825
1971-10,-0.35148041220852305,0.914474598550124
1971-11,-0.37518762477678075,0.7077325425615313
1971-12,-0.38956740944933055,1.4109879687296172
1972-01,-0.40725065816827677,1.3415606858786335
1972-02,-0.4224077284988022,1.4119926762623682
1972-03,-0.4352329418554006,1.2378936533987674
1972-04,-0.4496127265279504,1.3564406036724654
1972-05,-0.464381154029488,1.1289839260879453
1972-06,-0.464381154029488,0.49816136677816636
1972-07,-0.44514333399459033,-0.7628291265367663
1972-08,-0.4260998353741866,-1.323225387856764
1972-09,-0.40725065816827677,-1.2985517062663414
1972-10,-0.3934538377392087,-1.4189970699234529
1972-11,-0.37518762477678075,-0.7850294629544956
1972-12,-0.3555611619128952,-0.6545939479094058
1973-01,-0.3382665560229367,-0.8514796237679221
1973-02,-0.31922305740253304,-1.9113293767442736
1973-03,-0.2995965945386475,-1.4694259879554181
1973-04,-0.2865770597675552,-0.3242444034226635
1973-05,-0.26656195407468186,0.7381754654235868
1973-06,-0.24849006252674768,0.41884354943338675
1973-07,-0.23002952814982575,0.4143522506042615
1973-08,-0.210986029529422,0.5064011070255159
1973-09,-0.19621760202788435,0.2700045247373947
1973-10,-0.17911731755241989,0.5023139681670724
1973-11,-0.16026814034651005,0.5410393242311269
1973-12,-0.14239057021306975,1.3297461222286342
1974-01,-0.12218114310570256,1.5735855096106481
1974-02,-0.10313764448529883,1.8099507837320263
1974-03,-0.08972946688521867,0.7184968595271534
1974-04,-0.07029732543582715,0.7245507204964495
1974-05,-0.05280839813137472,1.1561707996087338
1974-06,-0.033376256681983116,0.7430595394354872
1974-07,-0.014527079476073191,0.8293960785246413
1974-08,0.0033504906573670183,-0.7047866315923106
1974-09,0.01695298967194107,-0.32720444827836076
1974-10,0.036190809706838536,-0.7479036695913082
1974-11,0.05445702266926678,-0.7951363084185157
1974-12,0.25480240101249374,-0.38077841396950424
1975-01,0.4594228504745868,-0.4520614172492518
1975-02,0.6611284787192714,-0.5670506213021599
1975-03,0.8614738570624985,-0.2964114431881795
1975-04,1.0672602350115548,-0.6275977695860516
1975-05,1.2677999347692759,0.16582233060475826
1975-06,1.117978124194467,0.1642683070555172
1975-07,0.98214745546322,0.7872951328463013
1975-08,0.857393107358126,0.012369620609645825
1975-09,0.7396343301748134,0.31661953882067306
1975-10,0.6325632307886657,0.2850352909709881
1975-11,0.5348195592982263,1.083134538991381
1975-12,0.44154528034114676,1.516109407864542
1976-01,0.35759842927977525,1.5583555095886905
1976-02,0.2829790061141115,2.048379550661463
1976-03,0.21263465406731416,1.5892111310123576
1976-04,0.14734265879735842,1.3237804933656137
1976-05,0.08768598454772633,0.8134744526373621
1976-06,0.031138452929996886,1.4457172642384803
1976-07,-0.014527079476073191,0.8803088500426338
1976-08,-0.06096989754011909,0.8079784462754858
1976-09,-0.10819000126214057,-0.47042508014248124
1976-10,-0.146665641331936,-1.0049636419297774
1976-11,-0.1843639957437555,-0.7638196030846341
1976-12,-0.2164270291352516,-1.061506191067548
1977-01,-0.24421499140788164,-1.3336310840033303
1977-02,-0.27161431085152365,0.15021378638490857
1977-03,-0.2995965945386475,-0.062311741860200325
1977-04,-0.3240810927648809,0.5675715724472901
1977-05,-0.346816698260669,0.8343456150670042
1977-06,-0.365277232637591,0.6235818827504306
1977-07,-0.38432073125799476,-1.0474915171546122
1977-08,-0.4031699084639046,-0.15812042448758556
1977-09,-0.41696672889297254,-0.8607383025329058
1977-10,-0.4317351563945102,-0.8463194686492883
1977-11,-0.44514333399459033,-0.1961883090500381
1977-12,-0.45816286876568274,0.37259854095707057
1978-01,-0.46846190373386026,0.5469053361999654
1978-02,-0.47798365304406204,0.21322858744754028
1978-03,-0.48731108093977,0.9241203601039297
1978-04,-0.46846190373386026,0.8572631931228448
1978-05,-0.3796570173101408,0.653236409049959
1978-06,-0.2959044876632631,0.8633853628195802
1978-07,-0.210986029529422,0.40300730945540647
1978-08,-0.12218114310570256,-0.5911180629365598
1978-09,-0.038234292044331035,-0.5590898083585203
1978-10,-0.029295506977610932,-0.597852164983271
1978-11,-0.025214757273238585,0.4609359565207969
1978-12,-0.014527079476073191,1.212878428171149
1979-01,-0.006171258652834931,0.28931312502686596
1979-02,-0.0017018661194748784,0.5786375862924352
1979-03,-0.048533327012508565,0.1602352459396297
1979-04,-0.09458750224756651,0.17693388360152945
1979-05,-0.1322858566593862,0.7007792833476194
1979-06,-0.16901260399873624,0.5126200474194568
1979-07,-0.20612799416707409,0.3236439529590007
1979-08,-0.23449892068318573,-0.1775798732168183
1979-09,-0.26656195407468186,-0.11521969745881193
1979-10,-0.2910464523009152,-2.0806012495355066
1979-11,-0.31922305740253304,-0.6849884854228586
1979-12,-0.3382665560229367,-0.30919086761325704
1980-01,-0.3608078401042309,0.25010676167376067
1980-02,-0.3796570173101408,-0.11134033097966256
1980-03,-0.39889483734503844,-0.8188764374006029
1980-04,-0.4126916577741064,-1.2306812931615756
1980-05,-0.4260998353741866,-0.550522755458858
1980-06,-0.4212418000118387,-0.6149635012067823
1980-07,-0.3985061945160506,0.25293872766550946
1980-08,-0.37538194619127463,1.0330243950207987
1980-09,-0.3654715540520849,0.9105240771465588
1980-10,-0.36041919727524313,0.8664934099180623
1980-11,-0.3518690550375108,1.1546395456353058
1980-12,-0.36119648293321877,1.2138262117643677
1981-01,-0.3643056255651214,1.1288928477846931
1981-02,-0.3730500892173476,0.6111639253413853
1981-03,-0.3823775171130556,0.4132052332226788
1981-04,-0.39189926642325745,0.2753639136443927
1981-05,-0.4014210157334594,-0.10462615231178776
1981-06,-0.37499330336228687,0.16237273986908032
1981-07,-0.34506780553022376,0.9959953723548167
1981-08,-0.3472053410896569,0.6590113427155453
1981-09,-0.36333401849265184,0.26445159443598576
1981-10,-0.3654715540520849,0.1186893086717329
1981-11,-0.36411130415062753,0.3124299368710708
1981-12,-0.36391698273613365,-0.19162585529649706
1982-01,-0.3369063061214793,-0.08590956099345595
1982-02,-0.33826655602293676,0.3451896640721047
1982-03,-0.33807223460844277,0.6180061828732085
1982-04,0.2662673644676346,-0.05531863588861558
1982-05,0.8933425690395007,0.041591524968726215
1982-06,1.2670226491113004,-0.208964887278139
1982-07,1.7551580423200162,0.5575785748623353
1982-08,2.0291512367564373,1.3537680247114081
1982-09,2.1929641891748086,1.6926988530826959
1982-10,2.4626823124923636,1.601905169528136
1982-11,2.876781246778898,1.9603637553560957
1982-12,3.6132594077108373,2.0580167736243387
1983-01,3.7226623640709127,1.3546759615469537
1983-02,3.7966988229930942,1.266458086256246
1983-03,4.274146538404644,0.9476754862825358
1983-04,3.9943237015334065,0.72615597559127
1983-05,3.7183872929520456,0.6729747850829016
1983-06,3.3759929606137664,0.3318068458879812
1983-07,3.0569171980147574,0.4437079262212436
1983-08,2.7650464334448963,0.6855378985377552
1983-09,2.498437452759244,1.352322156647279
1983-10,2.2491230779635503,1.2470185609058495
1983-11,2.0213783801766803,0.7656924977936646
1983-12,1.8550392493698888,1.2476731862104748
1984-01,1.6964729751428538,1.9748110512094796
1984-02,1.521778023512824,1.2821463239914412
1984-03,1.3513581430016595,0.2238790565340971
1984-04,1.194346440090576,0.22673379210165895
1984-05,1.0519088432665356,0.4623106696605101
1984-06,0.9584402428949623,0.49075271604799336
1984-07,0.8783798201234689,0.6088129666386873
1984-08,0.7598437572821805,-0.13125517122515643
1984-09,0.6504408009221059,0.1791482248493491
1984-10,0.5511425581157152,-0.5149936785995612
1984-11,0.46020013613256255,0.3006836819485107
1984-12,0.3923819624741859,-0.06442931241081451
1985-01,0.2528591868675546,-0.3451354892311421
1985-02,0.24800115150520663,-0.707265669158957
1985-03,0.1617224434699082,-0.9880116927369574
1985-04,0.15103476567274274,0.25559138324773045
1985-05,0.08904623444918383,0.22605639722122053
1985-06,0.060480986518578146,-0.12125648124624833
1985-07,0.04357502345760741,1.7489397053409435
1985-08,0.01734163250092886,1.8818656427405862
1985-09,-0.09439318083307262,1.8012727291502755
1985-10,-0.1087729655056224,1.2532688094665334
1985-11,-0.11907200047379993,0.6583681021988265
1985-12,-0.023271543128299564,0.4130970777375668
1986-01,0.06980841441428612,0.321438150302111
1986-02,0.13762658807266256,1.0268538399754605
1986-03,0.04104884506918654,1.9315801653314166
1986-04,0.0684481645128287,0.1471541246350292
1986-05,0.04590688043153438,0.021138753494648912
1986-06,0.008208526019714779,0.49012370651615766
1986-07,0.04396366628659528,0.30110776529802885
1986-08,0.15608712244958461,-0.7401534752239394
1986-09,0.010540382993641833,-0.610070888603952
1986-10,-0.04756171994003893,-0.1387947470162545
1986-11,-0.039594541945788375,-0.2692103386825078
1986-12,-0.01841350776595164,0.1882105160229453
1987-01,0.03211006000246644,0.3104091370176621
1987-02,-0.030072792635586508,-0.41080579207297147
1987-03,-0.035125149412428405,-0.6502734208988785
1987-04,-0.06543929007347914,-0.474603297304177
1987-05,-0.08681464566780993,-0.30905994255233193
1987-06,-0.0514481482299173,-1.5879530148502796
1987-07,-0.0036450802644140633,-1.0323952883905563
1987-08,0.0039334549008487015,-0.7573274277809366
1987-09,-0.033764899510970905,-0.6963533499505501
1987-10,-0.13539499929128881,-0.3434704639998124
1987-11,-0.1538555336682108,-0.45243142285621396
1987-12,-0.12956535685647136,-0.6929720679423113
1988-01,-0.14277921304205762,-0.0014913586665518484
1988-02,-0.11129914389404336,-0.05427692779516828
1988-03,-0.17639681774950502,-0.9556561255066053
1988-04,-0.19641192344237832,-1.327964305822856
1988-05,-0.22828063541938046,-0.8380797284019388
1988-06,-0.23566484917014924,0.049760110291659956
1988-07,-0.12762214271153216,0.22280888647088348
1988-08,0.023754239179228014,-0.2655131288098629
1988-09,-0.24052288453249718,-0.5377347924428506
1988-10,-0.27783259611532896,-0.6113118304857635
1988-11,-0.24654684838180857,-0.5760759119150598
1988-12,-0.2381910275585702,0.5296004585820431
1989-01,-0.1843639957437555,1.2695632871577514
1989-02,-0.2659789898312001,0.9451338323824036
1989-03,-0.2799701316747621,0.7179788516774064
1989-04,-0.2840508813791343,0.5320453417849699
1989-05,-0.3250526998373505,0.3569473037825714
1989-06,-0.29065780947192743,0.3308789856735992
1989-07,-0.1863072098886947,0.43808668719239546
1989-08,-0.033376256681983116,0.9720474709934354
1989-09,-0.23760806331508852,1.2930244888361286
1989-10,-0.3314653065156497,0.9776402480525171
1989-11,-0.32291516427791744,0.013192171535892463
1989-12,-0.3174741646720877,0.6522601634869742
1990-01,-0.24499227706585722,0.35656022099374945
1990-02,-0.09011810971420646,-0.192067015827875
1990-03,-0.2927953450313605,-0.2406658292038658
1990-04,-0.35128609079402906,0.054066406317304125
1990-05,-0.3563384475708709,-0.02405316210031344
1990-06,-0.2875486668400248,-0.1886202712891737
1990-07,-0.17037285390019366,0.5926095672507216
1990-08,-0.17387063936108416,0.305058286701594
1990-09,-0.21798160045120302,0.28457136086379714
1990-10,-0.3231094856924113,0.5364313313259598
1990-11,-0.30775809394739195,0.7511768932128415
1990-12,-0.2929896664458544,0.8257045610459496
1991-01,-0.27025406095006627,0.22979630004851495
1991-02,-0.2957101662487692,-0.06693681194722727
1991-03,-0.30367734424301973,-0.04835683808377379
1991-04,-0.31222748648075205,0.06669782849959678
1991-05,-0.2995965945386475,-0.29864855401181223
1991-06,0.08768598454772625,-1.171229930713687
1991-07,0.7501276865574846,0.03527012148362662
1991-08,1.8532903566394439,0.7992719297239685
1991-09,2.7413392208766387,0.6160166911865428
1991-10,3.8073865007902588,1.605556840249155
1991-11,4.819412427474572,0.9735758787698867
1991-12,5.446876274875426,0.9031125802194092
1992-01,6.112427119517085,0.6874277733302389
1992-02,6.176553186300078,1.0049381232553944
1992-03,5.967657665719119,0.7179048505560139
1992-04,5.840960103469087,-0.09179549634113085
1992-05,5.765952037474435,0.08531764912072311
1992-06,5.387608243454782,-0.2729957806614283
1992-07,5.218159970016087,0.7762974277285953
1992-08,4.873045137874892,1.3757975893105394
1992-09,4.4715770955304635,1.6096411329106217
1992-10,4.201081686554932,1.1561110294722245
1992-11,3.9484638477128424,1.674207111325518
1992-12,3.485978881217324,1.425218953612777
1993-01,3.2817470745842177,1.6843224953804679
1993-02,2.951789312773549,2.1985022101939156
1993-03,2.712968294360527,1.9947828153945062
1993-04,2.463070955321351,1.6766833026951877
1993-05,2.2335773648040362,0.913515430168999
1993-06,2.0139941664259124,0.15943261839221948
1993-07,1.7930507181463302,0.18953399761707915
1993-08,1.669656619942693,0.010969291697142898
1993-09,1.5103130600576828,0.5739925928265718
1993-10,1.391971318630888,0.25901251201364206
1993-11,1.2483677933198847,0.11442855179771486
1993-12,1.0962141257711486,-0.3515365862315874
1994-01,0.9428945297354488,0.037993931990263415
1994-02,0.8587533572595836,0.15704465912882526
1994-03,0.7433264370501976,0.3466839174848365
1994-04,0.634312123519111,-0.004121244672959785
1994-05,0.5542517007476178,-0.41263874292592245
1994-06,0.43532699507734135,-0.6357008923785229
1994-07,0.3587643577667386,-0.33526203191920584
1994-08,0.31193289687370496,0.15307136814944705
1994-09,0.2532478296965424,-0.21357572638028277
1994-10,0.2678219357835861,0.2909240725156397
1994-11,0.265490078809659,-0.2675595444360613
1994-12,0.3410811090477923,-0.4327243549900142
1995-01,0.06028666510408425,-0.1419910262210122
1995-02,0.04357502345760749,0.19202441997163214
1995-03,0.01753595391542275,0.3964212096514801
1995-04,-0.007142865725304483,-0.3740186961500033
1995-05,-0.03298761385299524,-0.5841989580863675
1995-06,-0.07301782523874198,-0.7899647685119754
1995-07,-0.08642600283882206,-0.2216987725515904
1995-08,-0.13753253485072198,-0.13037569635937715
1995-09,-0.08739760991129161,-0.6520266782364839
1995-10,-0.10838432267663461,0.12176889380044868
1995-11,-0.16415456863638833,-0.032822294985316525
1995-12,-0.2218680287410813,0.3339073392567356
1996-01,-0.21662135054974552,0.9243309786802004
1996-02,-0.22245099298456306,0.6327238674393725
1996-03,-0.21331788650334899,-0.059607854732399955
1996-04,-0.2381910275585702,-0.7047012456830116
1996-05,-0.23916263463103973,-0.8081576595866069
1996-06,-0.27822123894431683,-1.263529252468885
1996-07,-0.25704020476448,-1.6086932522189967
1996-08,-0.28094173874723166,-1.4945265990923353
1996-09,-0.2918237379588909,-1.4464628707479514
1996-10,-0.2788042031877986,-0.6367112923052272
1996-11,-0.2788042031877986,-0.13212326130302918
1996-12,-0.28443952420812213,-0.676153890007393
1997-01,-0.28424520279362825,-0.3130446183196167
1997-02,-0.307758093947392,0.3020185483305511
1997-03,-0.3240810927648809,0.03228161465816306
1997-04,-0.3271902353967836,0.08801869005154685
1997-05,-0.3044546299009954,-0.6349324191948322
1997-06,-0.3106729151648007,-0.6343802569813657
1997-07,-0.3209719501329783,-0.46454768338573627
1997-08,-0.34584509118819945,-0.5200200624602932
1997-09,-0.3396268059243942,-0.6013359100826685
1997-10,-0.3413756986548394,-0.21957550960702296
1997-11,-0.3610021615187249,-0.43237142656491184
1997-12,-0.3800456601391286,-0.6989718511690515
1998-01,-0.3981175516870627,-1.318546240027181
1998-02,-0.4138575862610699,-1.0976813546405404
1998-03,-0.4278487281046318,-0.7728932790461369
1998-04,-0.4406739414612303,-1.5429916412104245
1998-05,-0.45583101179175567,-2.1857198424734547
1998-06,-0.4661300467599332,-1.9983490031078195
1998-07,-0.47604043889912295,-0.8721800143789664
1998-08,-0.4834246526498917,-0.5580367154771664
1998-09,-0.49022590215717876,-0.16151309128373084
1998-10,-0.49391800903256317,-0.3948870123826689
1998-11,-0.4964441874209841,-0.45442660693683296
1998-12,-0.49780443732244145,-0.3568675131688191
1999-01,-0.4987760443949111,-0.246147604580859
1999-02,-0.4997476514673806,-0.667128599394493
1999-03,-0.5003306157108623,-0.3939676907592168
1999-04,-0.5003306157108623,-0.3849082457825972
1999-05,-0.5003306157108623,0.9512759254579753
1999-06,-0.5003306157108623,1.4072082191446498
1999-07,-0.5003306157108623,1.6947168067391278
1999-08,-0.5003306157108623,1.5699765318442787
1999-09,-0.5003306157108623,1.6405650630617281
1999-10,-0.5003306157108623,1.1051726421814423
1999-11,-0.5003306157108623,0.6373403989354695
1999-12,-0.5003306157108623,0.5179168199929688
2000-01,-0.5003306157108623,1.186886957380546
2000-02,-0.5003306157108623,1.600521917797493
2000-03,-0.5003306157108623,1.258152883478434
2000-04,-0.5003306157108623,0.8798790742991625
2000-05,-0.5003306157108623,0.960101982282511
2000-06,-0.5003306157108623,0.7407854280511583
2000-07,-0.5003306157108623,0.3720321477587208
2000-08,-0.5003306157108623,-0.06523478615520135
2000-09,-0.5003306157108623,-0.25900103012732895
2000-10,-0.5003306157108623,-1.1047996932790969
2000-11,-0.5003306157108623,-2.018158534065178
2000-12,-0.5003306157108623,-2.0202874894036986
2001-01,-0.5003306157108623,-0.5183891915926832
2001-02,-0.5003306157108623,-1.7495287710166998
2001-03,-0.5003306157108623,-1.2866574491009963
2001-04,-0.5003306157108623,-0.541312462042477
2001-05,-0.5003306157108623,-0.6200724247798367
2001-06,-0.5003306157108623,-0.4053980178173707
2001-07,-0.5003306157108623,-0.6623356036858448
2001-08,-0.5003306157108623,-0.8963186109377821
2001-09,-0.5003306157108623,-0.43510092946550194
2001-10,-0.5003306157108623,-1.0587653033790516
2001-11,-0.5018851870268137,-0.775861862492764
2001-12,-0.4976101159079475,-1.012081980568334
2002-01,-0.4979987587369354,-0.6844505541942751
2002-02,-0.4985817229804172,-0.8021777997387032
2002-03,-0.5038284011717529,-0.3706032597780449
2002-04,-0.5020795084413076,0.10976648114999168
2002-05,-0.5098523650210642,-0.605445818516925
2002-06,-0.5117955791660034,-0.4768546391126929
2002-07,-0.5308390777864072,-1.5780340183867172
2002-08,-0.49916468722389884,-0.9480283176092316
2002-09,-0.49916468722389884,-1.0115924346883534
2002-10,-0.49935900863839283,-1.3993326950119027
2002-11,-0.4925577591311058,-0.8002993097341261
2002-12,-0.4843962597223613,-1.1550891476592071
2003-01,-0.475846117484629,-0.9614111357933551
2003-02,-0.46923918939183584,-0.4852167658300376
2003-03,-0.4768177245570986,-0.36762898393746457
2003-04,-0.4727369748527263,-0.7637228323874287
2003-05,-0.4785666172875438,-0.9656092763338873
2003-06,-0.4818700813339404,-0.4382232075488672
2003-07,-0.4731256176817142,-0.47951298708886714
2003-08,-0.46107768998309145,-0.7593396890434154
2003-09,-0.45505372613378003,-0.47447806463720515
2003-10,-0.4672959752468967,-1.3625455990889346
2003-11,-0.4676846180758845,-1.4166119568570352
2003-12,-0.471376724951269,-1.37247028794645
2004-01,-0.47623476031361683,-1.8233363510147198
2004-02,-0.4824530455774222,-1.5703122859891148
2004-03,-0.48148143850495256,-1.237759785042459
2004-04,-0.48264736699191607,-0.9465283718025466
2004-05,-0.48983725932819094,-0.9187751050834083
2004-06,-0.49158615205863615,-0.15813465547246872
2004-07,-0.48847700942673355,0.6236814996446127
2004-08,-0.4812871170904586,-0.17662924342662323
2004-09,-0.47992686718900124,0.16703196431982684
2004-10,-0.4851735453803369,-0.47855666490471876
2004-11,-0.4859508310383126,-0.2928878513311091
2004-12,-0.47778933162956816,-0.06793298088904845
2005-01,-0.4678789394903785,-0.10249719697326705
2005-02,-0.46185497564106703,-0.6794754018791225
2005-03,-0.4498070479424443,-1.010960578959541
2005-04,-0.4432001198496512,-1.2874202298907338
2005-05,-0.4461149410670599,-1.2951931938339156
2005-06,-0.45058433360041994,-1.4383512093645503
2005-07,-0.4447546911656025,-0.8475034865915673
2005-08,-0.4348442990264128,-1.0570262770263295
2005-09,-0.4319294778090041,-1.6471339885853882
2005-10,-0.4373704774148337,-1.1803804539935587
2005-11,-0.4327067634669797,-1.8561786179280761
2005-12,-0.43464997761191887,-1.743657066653908
2006-01,-0.436593191756858,-1.4238726053444235
2006-02,-0.4387307273162911,-2.0714080333009854
2006-03,-0.4439774055076268,-0.9659565123650363
2006-04,-0.4373704774148337,-0.7980166597588673
2006-05,-0.44708654813952947,-0.8970671607426363
2006-06,-0.4389250487307851,-0.6961711933440456
2006-07,-0.4204645143538631,-0.4583515125676085
2006-08,-0.40530744402333757,0.22258688310670618
2006-09,-0.397534587443581,0.5740239009933148
2006-10,-0.40880522948422815,-0.04273559905492566
2006-11,-0.397534587443581,0.7381441572568438
2006-12,-0.37402169628981724,0.26048114965358415
2007-01,-0.36313969707815796,-0.8020212589049884
2007-02,-0.3656658754665788,-0.3210481242179058
2007-03,-0.3907333379362939,0.212101493444794
2007-04,-0.3872355524754035,-0.03787144842186163
2007-05,-0.4016153371479533,-0.007320370074694114
2007-06,-0.404530158365362,-1.1945943616948589
2007-07,-0.4027812656349168,-1.7551841644092674
2007-08,-0.4010323729044714,-0.6636818548557917
2007-09,-0.3990891587595323,-0.6170953027422797
2007-10,-0.41677240747847866,-0.7805267793374638
2007-11,-0.413663264846576,-0.9906871178949915
2007-12,-0.4177440145509483,-0.5442867378830574
2008-01,-0.41852130020892386,-0.8689410422195591
2008-02,-0.4260998353741866,-0.6822134433706425
2008-03,-0.43231812063799185,0.040046040010415056
2008-04,-0.4334840491249554,-0.5900621238582293
2008-05,-0.4393136915597729,-0.875114443461874
2008-06,-0.44281147702066337,0.005069125364584833
2008-07,-0.4348442990264128,0.8067574277725106
2008-08,-0.4171610503074664,1.057421995504488
2008-09,-0.3800456601391286,0.7540344749773801
2008-10,-0.3759649104347564,0.3592498771366666
2008-11,-0.3765478746782382,-0.17021960783524803
2008-12,-0.38257183852754956,-0.38091218522740594
2009-01,-0.3979232302725688,0.3167191557148552
2009-02,-0.41055412221467336,-0.5580224844922833
2009-03,-0.41327462201758824,-0.16941982648481446
2009-04,-0.4173553717219603,-0.008524311395809435
2009-05,-0.4222134070843083,0.039391414705789704
2009-06,-0.4224077284988022,-0.37723774493057405
2009-07,-0.3110615579937886,-0.5891428022347772
2009-08,-0.25917774032391305,-0.43485900272248823
2009-09,-0.2770553104573533,-0.8647799022397232
2009-10,-0.3328255564171071,-1.0087746996814877
2009-11,-0.35245201928099257,-1.2399086637598162
2009-12,-0.3742160177043111,-1.3529254533079185
2010-01,-0.39325951632471484,-0.9433292464008123
2010-02,-0.41618944323499696,-1.9177930900782048
2010-03,-0.4385364059017972,-1.2780477032466846
2010-04,-0.4356215846843885,-1.3956468699271642
2010-05,-0.44009097721774854,-2.072626205606984
2010-06,-0.44183986994819374,-1.6634740054282322
2010-07,-0.4377591202438216,-0.8834025690578262
2010-08,-0.43290108488147366,-1.1124303473734471
2010-09,-0.4315408349800162,-0.7070920511433825
2010-10,-0.44339444126414507,-0.3501447959100144
2010-11,-0.43814776307280934,0.6575853980302526
2010-12,-0.40977683655669767,0.9878324794258363
2011-01,-0.40025508724649583,1.5794145210187904
2011-02,-0.4089995508987221,2.0476281546596318
2011-03,-0.4264884782031744,2.042980314996792
2011-04,-0.43056922790754665,0.3198015870405476
2011-05,-0.4377591202438216,-0.8736144976551888
2011-06,-0.4387307273162911,-0.7399798572083648
2011-07,-0.36003055444625537,-0.5067681693370948
2011-08,-0.27530641772690806,0.14085264452876603
2011-09,-0.27103134660804196,0.3551399687024101
2011-10,-0.2974590589792145,0.2905085277570514
2011-11,-0.32660727115330185,0.597741260399589
2011-12,-0.3528406621099804,-0.4339795278567089
2012-01,-0.3755762676057685,-0.8941384240536819
2012-02,-0.4103598008001795,-0.9786790128505812
2012-03,-0.41871562162341774,-1.0648248567423009
2012-04,-0.41618944323499696,-1.013644542708505
2012-05,-0.43134651356552234,-0.15639562911974658
2012-06,-0.43970233438876066,-0.6375281508375206
2012-07,-0.4358159060988824,-0.5939101821706357
2012-08,-0.4369818345858459,-0.7651943162243474
2012-09,-0.4346499776119189,-0.9682733167040148
2012-10,-0.4346499776119189,-1.6373914563343768
2012-11,-0.4346499776119189,-2.0102261830913046
2012-12,-0.4346499776119189,-1.4159004076128774
2013-01,-0.4346499776119189,-2.2140736567546626
2013-02,-0.4346499776119189,-1.5118229381193278
2013-03,-0.4346499776119189,-1.5359473036932603
2013-04,-0.4346499776119189,-1.474654451801491
2013-05,-0.4346499776119189,-1.1103469311865526
2013-06,-0.4346499776119189,-0.7208989526770241
2013-07,-0.4346499776119189,0.21555677657442524
2013-08,-0.4346499776119189,0.489796393863845
2013-09,-0.4346499776119189,-0.009873408762732988
2013-10,-0.4346499776119189,-0.046304730063622145
2013-11,-0.4346499776119189,0.2613093929737841
2013-12,-0.4346499776119189,0.6284261100046582
2014-01,-0.4346499776119189,0.5767220957271618
2014-02,-0.4346499776119189,1.0756518871398155
2014-03,-0.4346499776119189,0.6223096327018761
2014-04,-0.4346499776119189,-0.3032053153714
2014-05,-0.4346499776119189,-0.3365342819677603
2014-06,-0.4346499776119189,-0.8668462412447581
2014-07,-0.4346499776119189,-0.9663094407901387
2014-08,-0.4346499776119189,0.08459471508865858
2014-09,-0.4346499776119189,-0.23425050121853738
2014-10,-0.4346499776119189,-0.892823481050478
2014-11,-0.4346499776119189,-0.8047906085632514
2014-12,-0.4346499776119189,-1.0728995175650058
2015-01,-0.4346499776119189,-1.6251271935620697
2015-02,-0.4346499776119189,-0.3588996978101343
2015-03,-0.4346499776119189,-0.6938031574594878
2015-04,-0.4346499776119189,-0.9097896612281812
2015-05,-0.4346499776119189,-1.3586576940188553
2015-06,-0.4346499776119189,-1.3996770848460751
2015-07,-0.4346499776119189,-1.744175074503655
2015-08,-0.4346499776119189,-0.6693884797939388
2015-09,-0.4346499776119189,-0.14979529833093705
2015-10,-0.4346499776119189,0.34809278498826934
2015-11,-0.4346499776119189,0.7376887657405827
2015-12,-0.4346499776119189,0.32147230466583054
2016-01,-0.4346499776119189,-0.4621654165162953
2016-02,-0.4346499776119189,-0.8001968466429673
2016-03,-0.4346499776119189,-1.767986358410158
2016-04,-0.4346499776119189,-1.934264031981974
2016-05,-0.4346499776119189,-2.1403486164689647
2016-06,-0.4346499776119189,-1.9270119220855157
2016-07,-0.4346499776119189,-1.8663053867709325
2016-08,-0.4346499776119189,-2.2597892725933253
2016-09,-0.4346499776119189,-2.100644168644949
2016-10,-0.4346499776119189,-1.8700623667800869
2016-11,-0.4346499776119189,-1.540822839114231
2016-12,-0.4346499776119189,-0.7962890181940516
2017-01,-0.4346499776119189,0.11341530567403386
2017-02,-0.4346499776119189,0.3100562085925597
2017-03,-0.4346499776119189,0.8749238453628462
2017-04,-0.4346499776119189,0.69580982342642
2017-05,-0.4346499776119189,0.14989216612654915
2017-06,-0.4346499776119189,0.21942191206869144
2017-07,-0.4346499776119189,-0.20239871085304903
2017-08,-0.4346499776119189,-0.507052789034758
2017-09,-0.4346499776119189,-1.1708997718643976
2017-10,-0.4346499776119189,-0.8758231465090552
2017-11,-0.4346499776119189,-0.6867445889574405
2017-12,-0.4346499776119189,-1.0419272020652968
2018-01,-0.4346499776119189,0.031313907686108186
2018-02,-0.4346499776119189,-1.2830370865467204
2018-03,-0.4346499776119189,-0.814220059146833
2018-04,-0.4346499776119189,0.01926880208100171
2018-05,-0.4346499776119189,-0.24691038537059634
2018-06,-0.4346499776119189,-0.8669629353207999
2018-07,-0.4346499776119189,-1.0813014910400234
2018-08,-0.4346499776119189,-0.5752590533827664
2018-09,-0.4346499776119189,-0.34479109939696967
2018-10,-0.4346499776119189,-1.2628603961793765
2018-11,-0.4346499776119189,-1.6147983447338723
2018-12,-0.4346499776119189,-1.3259264287875876
2019-01,-0.4346499776119189,-1.9085201803283378
2019-02,-0.4346499776119189,-0.9055317505511398
2019-03,-0.4346499776119189,-0.0914966456585845
2019-04,-0.4346499776119189,-0.43386283378066703
2019-05,-0.4346499776119189,-0.34358146568190107
2019-06,-0.4346499776119189,-1.1643364416362845
2019-07,-0.4346499776119189,-0.44206272727034374
2019-08,-0.4346499776119189,-0.707652751947779
2019-09,-0.4346499776119189,-1.5640563450344775
2019-10,-0.4346499776119189,-0.47912590430004515
2019-11,-0.4346499776119189,-0.6291831013020357
2019-12,-0.4346499776119189,-0.533548036690225
2020-01,-0.4346499776119189,-0.8598019037275939
2020-02,-0.4346499776119189,-0.2951790398972979
2020-03,-0.4346499776119189,0.044358028430012485
2020-04,-0.4346499776119189,-0.7870730323837173
2020-05,-0.4346499776119189,-2.048433531305612
2020-06,-0.4346499776119189,-1.4918170195705818
2020-07,-0.4346499776119189,-1.4003060943779106
2020-08,-0.4346499776119189,-1.497244717205019
2020-09,-0.4346499776119189,-1.2450346645147305
2020-10,-0.4346499776119189,-0.21823779702800594
2020-11,-0.4346499776119189,0.7786056934766439
2020-12,-0.4346499776119189,0.8325098180170766
2021-01,-0.4346499776119189,-0.10432445543226476
2021-02,-0.4346499776119189,-0.30690252524404493
2021-03,-0.4346499776119189,0.6713296832304084
2021-04,-0.4346499776119189,0.12218728475601359
2021-05,-0.4346499776119189,-0.7070863587494292
2021-06,-0.4346499776119189,0.047884466484059494
2021-07,-0.4346499776119189,-0.4451935439446389
2021-08,-0.4346499776119189,-0.09956561408733612
2021-09,-0.4346499776119189,0.259647213939431
2021-10,-0.4346499776119189,-0.11572347432367579
2021-11,-0.4346499776119189,-0.15105616359158502
2021-12,-0.4346499776119189,-0.836693630474319
2022-01,-0.4346499776119189,0.007422930264259468
2022-02,-0.4346499776119189,0.7551587227831497
2022-03,-0.4346499776119189,-0.038338224726029276
2022-04,-0.4346499776119189,-0.6864685078507072
2022-05,-0.4346499776119189,-1.0336931542119006
2022-06,-0.4346499776119189,0.06262776682301308
2022-07,-0.4346499776119189,-0.8781001040903609
2022-08,-0.4346499776119189,-0.3803287148471964
2022-09,-0.4346499776119189,-0.33080204125682355
2022-10,-0.4346499776119189,-0.039784092790158314
2022-11,-0.4346499776119189,0.4212998174242201
2022-12,-0.4346499776119189,0.714779726275672
2023-01,-0.4346499776119189,1.0108382895879524
2023-02,-0.4346499776119189,-0.3470395950085089
2023-03,-0.4346499776119189,-0.701149191856175
2023-04,-0.4346499776119189,-0.41000031832858463
2023-05,-0.4346499776119189,-1.3644183966995582
2023-06,-0.4346499776119189,-0.8743772784449262
2023-07,-0.4346499776119189,-1.341483741461858
2023-08,-0.4346499776119189,-0.9946091773287904
2023-09,-0.4346499776119189,-1.283273320895781
2023-10,-0.4346499776119189,-1.3426592208132069
2023-11,-0.4346499776119189,-1.0757485607386144
2023-12,-0.4346499776119189,-1.491498245509199
2024-01,-0.4346499776119189,-2.582092618227129
2024-02,-0.4346499776119189,-2.805319847104374
2024-03,-0.4346499776119189,-3.4170842714586254
2024-04,-0.4346499776119189,-3.29939687267187
2024-05,-0.4346499776119189,-3.606860147269515
2024-06,-0.4346499776119189,-2.8947331251252675
2024-07,-0.4346499776119189,-2.5911463708097955
2024-08,-0.4346499776119189,-2.0900847778616445
2024-09,-0.4346499776119189,-1.606162983106771
2024-10,-0.4346499776119189,-1.0132318441468933
2024-11,-0.4346499776119189,-0.04547079434946898
2024-12,-0.4346499776119189,-0.3968765040693346
2025-01,-0.4346499776119189,0.1860644835025648
2025-02,-0.4346499776119189,0.4308374234929138
2025-03,-0.4346499776119189,-0.12308658590222268
2025-04,-0.4346499776119189,-0.441519103647807
2025-05,-0.4346499776119189,-0.5045737514681116
2025-06,-0.4346499776119189,-0.7088595394658709
2025-07,-0.4346499776119189,-1.411688036087462
2025-08,-0.4346499776119189,-1.200292448042076
2025-09,-0.4346499776119189,-1.8338331254645386
2025-10,-0.4346499776119189,-1.5844806545387886
2025-11,-0.4346499776119189,-1.9700293431903313
2025-12,-0.4346499776119189,-2.0420096647293535
2026-01,-0.4346499776119189,-1.664874334340735
2026-02,-0.4346499776119189,-0.6830246095089826
