time,enso,solar,qboA,qboB,aod,eesc_1,eesc_2,constant
1979-01,0.5346976901349004,1.5789549770130618,-1.0677889110171221,0.9522312837371959,-0.4117602374388831,-0.4456958759255201,-1.6380667745291835,1.0
1979-02,0.35114699819415135,1.6335274193901428,-0.8316981979443533,0.8922036853099131,-0.4123303593326233,-0.43644306100682806,-1.6446435566221702,1.0
1979-03,0.004440135639403127,1.3182082316483412,-1.1680069571781604,0.6285435779694728,-0.41346239250339195,-0.427190246088136,-1.6512203387151563,1.0
1979-04,0.26956891288715173,1.1299352270122835,-1.229260521444,0.561389144402668,-0.41635993260094706,-0.41793743116944393,-1.6577971208081426,1.0
1979-05,0.3307524768674015,1.0027833578385565,-1.2264340249541126,0.05278271718361823,-0.4203675660246152,-0.4086846162507518,-1.664373902901129,1.0
1979-06,-0.05674342834084656,1.3598994639030717,-0.8087380274230709,-0.6704333088102802,-0.419440080403509,-0.39943180133205974,-1.6709506849941156,1.0
1979-07,-0.05674342834084656,1.0558473717907781,-0.7276950665950405,-1.189294324119076,-0.4162188042136991,-0.3901789864133677,-1.6775274670871019,1.0
1979-08,0.5346976901349004,1.1715255771112107,-0.6154910613651413,-1.3496282663384795,-0.40781438554096305,-0.38092617149467556,-1.684104249180088,1.0
1979-09,0.4429223441645259,1.6995293296284526,-0.6076622589260676,-1.3225369602179764,-0.398405893691237,-0.3716733565759835,-1.6906810312730745,1.0
1979-10,0.28996343421390164,1.9944549493791282,0.05393590339408673,-1.5843004149915891,-0.38627558240161186,-0.36242054165729143,-1.6972578133660612,1.0
1979-11,0.5958812541151501,2.210676794823905,0.7131945504006493,-1.8691003303934814,-0.37706499782136627,-0.3531677267385993,-1.7038345954590473,1.0
1979-12,0.6978538607488995,1.5934820074486509,1.161727873100412,-1.181773657426228,-0.36714892833853396,-0.34391491181990724,-1.7104113775520335,1.0
1980-01,0.39193604084765116,1.6426452447098345,1.0793099036608358,-0.26987818169194017,-0.34190213441873046,-0.3346620969012152,-1.71698815964502,1.0
1980-02,0.25937165222377684,1.549114731065628,1.1917419913862852,-0.3561509007422975,-0.34218012885121757,-0.3251338329160598,-1.7229654327697426,1.0
1980-03,0.45311960482790087,0.9526785537898806,1.2923272066308042,-0.22296856804320475,-0.3454313536019838,-0.3156055689309044,-1.7289427058944655,1.0
1980-04,0.5754867327884002,1.8467926170178701,1.3665537304314948,-0.09037921291898943,-0.35000821158423234,-0.30607730494574903,-1.7349199790191883,1.0
1980-05,0.5143031688081505,2.259371490517027,1.1585970395425114,0.23668253776852835,-0.3570296573087787,-0.29654904096059365,-1.7408972521439112,1.0
1980-06,0.6162757754419,1.6378858487816317,0.9147658416511096,0.8768582826835672,-0.3168260585130673,-0.2870207769754382,-1.7468745252686337,1.0
1980-07,0.5346976901349004,1.46119187380604,0.5388198270159569,0.8803936356671481,-0.2704399999337864,-0.2774925129902828,-1.7528517983933563,1.0
1980-08,0.08601822094640271,1.0335187879731134,0.23206761135053847,1.1425776869274389,-0.2388348685391046,-0.2679642490051275,-1.7588290715180792,1.0
1980-09,0.17779356691677725,1.357606076227824,0.2713248405683427,1.3154251498353633,-0.22722245423692275,-0.25843598501997206,-1.764806344642802,1.0
1980-10,0.07582096028302776,1.7123884417547706,0.2892348591493674,1.2520857666988792,-0.2167127302457861,-0.2489077210348167,-1.770783617767525,1.0
1980-11,-0.01595438568734677,1.9318564507907086,0.2528961104660265,1.0803086760084963,-0.2256684940740448,-0.23937945704966132,-1.7767608908922474,1.0
1980-12,-0.0669406890042215,2.0430801484760313,0.3140668931575815,0.7855529866377412,-0.22301718274432208,-0.2298511930645059,-1.7827381640169704,1.0
1981-01,-0.31167494492522024,1.005608058201032,-0.10456119047428883,0.8861801862558994,-0.20756816709991835,-0.22032292907935053,-1.7887154371416931,1.0
1981-02,-0.17911055630134595,1.6425371566857607,-0.2647112400888759,1.358751596717942,-0.20791915974765024,-0.21065233193231728,-1.793571983081705,1.0
1981-03,0.39193604084765116,1.7189794092672137,-0.3228176752862312,1.2637058710418871,-0.21484918945279824,-0.200981734785284,-1.7984285290217166,1.0
1981-04,0.4939086474814006,2.1670329323979702,-0.7582454320884863,1.1723428307009836,-0.223457549973964,-0.19131113763825072,-1.8032850749617282,1.0
1981-05,-0.18930781696472085,1.6298668383081591,-1.0631169229272504,0.7065552294597061,-0.22885053428399513,-0.18164054049121747,-1.8081416209017402,1.0
1981-06,-0.6583818074799684,0.8571610868501965,-1.014567163425689,-0.22217747578606353,-0.20891259950299723,-0.1719699433441842,-1.8129981668417523,1.0
1981-07,-0.5666064615095939,1.6148690244788246,-0.395470078124118,-0.9165325701267624,-0.18128077846212357,-0.16229934619715095,-1.817854712781764,1.0
1981-08,-0.29128042359847034,2.1940671083274106,-0.4823493273885916,-0.891350850544278,-0.16213074881813447,-0.15262874905011767,-1.8227112587217755,1.0
1981-09,-0.01595438568734677,2.1095592473243285,-0.3174149907291126,-1.1728437723968608,-0.1748020634755663,-0.1429581519030844,-1.8275678046617874,1.0
1981-10,-0.1077297316577213,2.128291942744047,-0.25137053904759055,-1.2812830410984566,-0.18474691498364723,-0.13328755475605114,-1.8324243506017994,1.0
1981-11,-0.21989959895484573,1.7217682404187373,-0.07424712887798622,-1.6684705071180472,-0.19319272324062628,-0.12361695760901788,-1.837280896541811,1.0
1981-12,-0.13832151364784612,1.6803751709800456,0.02239677704513299,-1.495770842288922,-0.24658138350609907,-0.1139463604619846,-1.8421374424818227,1.0
1982-01,-0.38305576956884485,1.0964019984234654,-0.4327108146973466,-1.344341502190658,-0.2934255989845637,-0.10427576331495134,-1.8469939884218347,1.0
1982-02,-0.44423933354909456,1.8378474122758843,-0.7219770360694056,-1.2185070887349667,-0.30015193360845094,-0.09460992960090192,-1.850572348109287,1.0
1982-03,-0.21989959895484573,1.8255782205654032,-0.34503479501642625,-1.3339402169206065,-0.28268790699609536,-0.08494409588685249,-1.854150707796739,1.0
1982-04,-0.31167494492522024,0.8794694942367014,-0.3718137816504161,-1.6840753770471868,0.42194820626307605,-0.07527826217280306,-1.8577290674841913,1.0
1982-05,-0.0669406890042215,0.5660308779833867,0.23398842036998066,-1.6277245327795324,0.5556610157509378,-0.06561242845875363,-1.8613074271716434,1.0
1982-06,0.6876566000855246,1.1803897558677419,1.17043141013066,-2.0071522019447237,0.7084878717428832,-0.05594659474470421,-1.8648857868590958,1.0
1982-07,1.737974448413144,0.9186476398991017,1.2407211822150306,-1.0336482452473827,0.7616399047267328,-0.04628076103065478,-1.8684641465465481,1.0
1982-08,2.0031032256608925,1.0698363640620867,1.5709687116438988,-0.4165194650276271,0.8379222769226257,-0.03661492731660535,-1.872042506234,1.0
1982-09,1.7787634910666439,0.9651587973755171,1.8160913868839332,-0.21509946581121686,0.9079390063656412,-0.02694909360255593,-1.8756208659214526,1.0
1982-10,1.8705388370370184,0.835924272140885,1.4072385867407038,0.5169160494749698,1.0215480984017433,-0.017283259888506503,-1.8791992256089045,1.0
1982-11,2.237640220918517,0.8946892488088024,1.3234371181374753,0.6073150236664064,1.3156502354072825,-0.007617426174457076,-1.8827775852963569,1.0
1982-12,2.472177216176141,1.5092117799681257,1.3539006832500948,0.837216476964995,2.162445684279423,0.002048407539592351,-1.886355944983809,1.0
1983-01,2.584347083473265,0.354111096027175,1.0173205598656307,0.9786892593571319,2.3504549880138654,0.011714241253641781,-1.8899343046712613,1.0
1983-02,2.788292296740764,-0.02456208555872398,0.7221402272171823,1.1177701026410016,2.3151645908516514,0.021312379316979754,-1.8925504839857874,1.0
1983-03,2.7169114720971392,-0.07174611100130254,0.4173147339017048,1.3024730108153384,2.3099365367439804,0.030910517380317724,-1.8951666633003141,1.0
1983-04,2.8698703820477633,-0.018496025517266937,0.3031605169186152,1.2665028164964738,2.3271651923439367,0.04050865544365569,-1.8977828426148402,1.0
1983-05,2.9718429886815128,0.40421590007585095,-0.5265949862309628,1.2019669406434292,2.1739961824555825,0.050106793506993666,-1.9003990219293665,1.0
1983-06,2.0744840503045174,0.464435821613011,-1.1033873567697428,0.6974984471367842,2.0448046859035816,0.05970493157033163,-1.903015201243893,1.0
1983-07,0.6978538607488995,0.1741373300751521,-1.2011675455307087,0.4361014003123526,1.8147536147320813,0.0693030696336696,-1.9056313805584193,1.0
1983-08,-0.11792699232109626,0.14104798297186594,-1.2508853722874267,0.11272450691085023,1.4967920536972108,0.07890120769700758,-1.9082475598729456,1.0
1983-09,-0.44423933354909456,-0.22024464434288166,-1.2715624763160556,0.17220885372534772,1.3357661566172148,0.08849934576034554,-1.910863739187472,1.0
1983-10,-0.48502837620259437,-0.18829862833869232,-1.0348570208600973,-0.24654752348836714,1.1286032338981442,0.09809748382368351,-1.9134799185019984,1.0
1983-11,-0.4238448122223446,-0.6322636025512506,-0.995169984076199,-0.5585265969758584,1.1184475534942826,0.10769562188702148,-1.9160960978165247,1.0
1983-12,-0.4544365942124695,-0.6301624707545321,-0.4816640334676389,-1.0923844294046947,1.2599729218168956,0.11729375995035946,-1.9187122771310512,1.0
1984-01,-0.4952256368659693,-0.17363708836203282,-0.9540769171466332,-0.837469027910303,1.1952318052450173,0.1268918980136974,-1.9213284564455775,1.0
1984-02,-0.5156201581927192,0.34224642685276996,-1.1447473529988959,-0.6668230192326603,1.0946557885359958,0.13644639473163184,-1.9236269261361512,1.0
1984-03,-0.1077297316577213,0.0014943341114600115,-1.2874087764019206,-0.4652585247758618,0.9832979309486467,0.1460008914495662,-1.9259253958267246,1.0
1984-04,0.12680726359990252,0.18540698779115672,-1.1568919111467,-0.8741217175782772,0.9112853486433398,0.15555538816750064,-1.9282238655172985,1.0
1984-05,-0.40345029089559475,0.2163060712006822,-1.026841768206033,-1.3882982474913612,0.8386042516440273,0.16510988488543504,-1.9305223352078722,1.0
1984-06,-0.6175927648264687,-0.3608362584952131,-0.5877615472882625,-1.8222225387617814,0.8075584292544108,0.17466438160336947,-1.932820804898446,1.0
1984-07,-0.29128042359847034,-0.595795283011078,-0.2593209121937024,-1.9164638180207711,0.7150657871313496,0.18421887832130387,-1.9351192745890198,1.0
1984-08,-0.14851877431122107,-0.7298340406876028,0.27278646275839796,-1.9403996981266953,0.6326736392998262,0.19377337503923825,-1.9374177442795932,1.0
1984-09,-0.08733521033097141,-0.8719837236906652,0.6947130356806145,-1.8813266852286836,0.589774288650606,0.2033278717571727,-1.9397162139701671,1.0
1984-10,-0.13832151364784612,-0.994481562743361,1.0029622202360002,-1.6393391531669028,0.4964800570293501,0.21288236847510708,-1.9420146836607408,1.0
1984-11,-0.536014679519469,-0.9623987953724167,1.4352677941863456,-1.0413186994037344,0.43496019421390275,0.22243686519304148,-1.9443131533513143,1.0
1984-12,-0.23009685961822068,-0.9856039330327229,1.7283341358972093,-0.6456282327290774,0.34321916002063896,0.2319913619109759,-1.9466116230418882,1.0
1985-01,-0.1995050776280958,-1.0149942677565773,1.6156289073972494,-0.24873801343182697,0.28848045900733893,0.24154585862891031,-1.9489100927324619,1.0
1985-02,-0.536014679519469,-1.0194306806558058,1.2807261833286627,0.06437383841116064,0.2223023499106547,0.25115204479518505,-1.951456038503655,1.0
1985-03,-0.5564092008462189,-1.005376835570053,1.5889257084153905,0.4567247742858127,0.1536116126331854,0.2607582309614597,-1.954001984274848,1.0
1985-04,-0.7195653714602182,-0.9397429050048143,1.5677698657300918,0.6210944876115866,0.09488811537603258,0.27036441712773446,-1.9565479300460413,1.0
1985-05,-1.1988366226388407,-0.8073115363440792,1.3684294972274729,0.8022070713451603,0.03464394909042811,0.2799706032940092,-1.9590938758172343,1.0
1985-06,-0.6277900254898436,-0.8812267709878773,1.1503900659040138,0.7275685848381952,0.0075188980810170164,0.28957678946028387,-1.9616398215884274,1.0
1985-07,-0.04654616767747161,-0.8230491526493008,0.7090189239037542,0.9510450262426806,-0.02054916244776375,0.2991829756265586,-1.9641857673596204,1.0
1985-08,-0.44423933354909456,-0.9901772574291123,0.6212613991642548,0.9135967542475364,-0.03426753263633696,0.30878916179283333,-1.9667317131308133,1.0
1985-09,-0.5156201581927192,-1.0535088330163649,0.46736249824602843,1.0526754178997748,-0.06552521585716783,0.318395347959108,-1.9692776589020062,1.0
1985-10,-0.026151646350721713,-0.9714131764498095,0.08765858438613426,1.1643688504164746,-0.08067523942634656,0.32800153412538274,-1.9718236046731996,1.0
1985-11,-0.005757125023971815,-1.003888263315542,-0.28094672670852555,1.101509480556151,-0.1035806167138432,0.3376077202916575,-1.9743695504443928,1.0
1985-12,-0.3728585089054699,-1.0076634977682475,-0.47363186364304816,1.0512039290772042,-0.00629934551083514,0.3472139064579322,-1.9769154962155857,1.0
1986-01,-0.35246398757872005,-1.039609513772437,-0.3833229487239678,1.3278768450196996,0.12005854607374228,0.3568200926242069,-1.9794614419867786,1.0
1986-02,-0.29128042359847034,-0.8185358771551748,-0.3921397722146617,1.5264161731303456,0.1632029589550872,0.36655581060047043,-1.982069664359647,1.0
1986-03,-0.35246398757872005,-0.9285718876189283,-0.6604669774560132,1.4404348015942081,0.1337067446528239,0.37629152857673387,-1.984677886732515,1.0
1986-04,-0.48502837620259437,-0.9416193131027446,-1.0443309707489503,1.2702880790172237,0.11381623403501823,0.3860272465529974,-1.9872861091053828,1.0
1986-05,-0.20970233829147075,-0.9697990619569662,-1.2696652756013247,0.8662868479647797,0.10762614690259098,0.39576296452926096,-1.989894331478251,1.0
1986-06,0.06562369961965281,-1.0640028190455304,-1.4503228089724038,0.2986934455908416,0.05562324132430306,0.4054986825055244,-1.9925025538511192,1.0
1986-07,0.4735141261546507,-1.0057803641932634,-1.4869453439021187,0.08791971982374322,0.04870258877157433,0.41523440048178795,-1.995110776223987,1.0
1986-08,1.0445607233036476,-1.0566922254883613,-1.5173582371552108,0.07774787802232423,0.04011038028328388,0.4249701184580515,-1.997718998596855,1.0
1986-09,1.370873064531646,-1.06984053312798,-1.5353626623783814,0.056751993079358104,0.008013329754033183,0.434705836434315,-2.0003272209697234,1.0
1986-10,0.626473036105275,-0.8005860592905656,-1.4577334002427635,-0.04532461284393435,0.0015751743166960957,0.44444155441057853,-2.0029354433425914,1.0
1986-11,0.7080511214122746,-0.9443296803553105,-1.171470442179427,-0.4523999217369999,-0.013011367638924557,0.4541772723868421,-2.0055436657154595,1.0
1986-12,1.1363360692740223,-1.0507065509107343,-1.0959884666242588,-0.6266714431743062,-0.028102346554592463,0.4639129903631055,-2.0081518880883276,1.0
1987-01,1.1057442872838974,-1.0545400728312369,-1.1803573354719314,-0.6543665648763817,-0.04956974424860742,0.47364870833936906,-2.0107601104611956,1.0
1987-02,1.2383086759077715,-1.0627667724413383,-0.8820585128243585,-0.7933428805941107,-0.0872847410124358,0.4836123406905085,-2.0139721570332747,1.0
1987-03,1.6563963631061447,-0.9899082383469717,-1.1338405053271696,-0.7329913337757066,-0.11288364924892087,0.493575973041648,-2.0171842036053533,1.0
1987-04,1.8297497943835186,-0.734797442753096,-0.8462817914325672,-1.2095350257732171,-0.1274526931689266,0.5035396053927875,-2.0203962501774324,1.0
1987-05,2.0540895289777676,-0.6464381252240349,-0.08438293474546611,-1.6986217867248734,-0.12860796732033253,0.5135032377439269,-2.0236082967495115,1.0
1987-06,2.166259396274892,-0.841335724757804,0.6246990826211852,-1.4968903197299848,-0.1324182318756161,0.5234668700950664,-2.0268203433215906,1.0
1987-07,1.9725114436707678,-0.7040082088021109,1.092039124463906,-0.9044476027891397,-0.15088498566222197,0.5334305024462059,-2.0300323898936696,1.0
1987-08,1.5442264958090202,-0.5955935186994727,1.4253304728640586,-0.23130614209092432,-0.16201212111001698,0.5433941347973453,-2.0332444364657483,1.0
1987-09,1.3402812825415211,-0.7040799472240152,1.4499401118982775,0.3456289206742903,-0.17702422426514383,0.553357767148485,-2.0364564830378273,1.0
1987-10,1.2587031972345215,-0.48677529997362334,1.3118387731699155,0.5794621393819166,-0.1824524738469527,0.5633213994996243,-2.039668529609906,1.0
1987-11,0.9731798986600232,-0.45417018721818975,1.1763544766518066,0.5279381142836129,-0.19814915399544442,0.5732850318507638,-2.042880576181985,1.0
1987-12,0.8610100313628988,-0.6109948611520184,0.9340462063502886,0.4538156612712623,-0.2148985428865839,0.5832486642019034,-2.0460926227540637,1.0
1988-01,0.6978538607488995,-0.3378732380088338,0.8882542070106482,0.5487546934854131,-0.23384074970757743,0.5932122965530428,-2.0493046693261427,1.0
1988-02,0.39193604084765116,-0.38221964222169086,0.38627481893196336,0.6910290555882045,-0.24442795858975752,0.6036091199972187,-2.0539109823259443,1.0
1988-03,0.22877987023365198,-0.1444485179497839,0.0925811431232183,0.7598512473084598,-0.2632196374377049,0.6140059434413944,-2.0585172953257453,1.0
1988-04,0.04522917829290292,0.058158720112995846,-0.31954854853486825,0.765200983445885,-0.275965430913395,0.6244027668855702,-2.063123608325547,1.0
1988-05,-0.3422667269153451,-0.06071632863354028,-0.7227671280571168,0.7705136447417775,-0.29367115475102623,0.634799590329746,-2.0677299213253484,1.0
1988-06,-1.1376530586585911,0.48042003874352845,-1.0065881043236988,0.5912816508509301,-0.2967093970016284,0.6451964137739218,-2.0723362343251495,1.0
1988-07,-1.759685959124463,0.7690057754584251,-1.1413234959937568,0.32920920513601765,-0.2970484550917358,0.6555932372180976,-2.0769425473249505,1.0
1988-08,-1.7902777411145878,0.7770763479226417,-1.197953277498981,0.4480990766337738,-0.2848244171446758,0.6659900606622734,-2.081548860324752,1.0
1988-09,-1.780080480451213,0.6951645210622162,-1.3425387736390961,0.6668911748859573,-0.27953866438623354,0.6763868841064492,-2.086155173324553,1.0
1988-10,-1.565938006520339,0.9998241479350104,-1.282719971872434,0.5095902046976075,-0.29468424614637156,0.686783707550625,-2.0907614863243547,1.0
1988-11,-1.6781078738174633,0.6672963859781398,-0.9546115675878568,0.1632790680361671,-0.3066043118080699,0.6971805309948007,-2.0953677993241557,1.0
1988-12,-1.5251489638668392,1.516609804726991,-0.9381908854517126,0.1626018249866438,-0.32752337041934737,0.7075773544389766,-2.0999741123239573,1.0
1989-01,-1.0866667553417164,2.232469582302973,-0.8097639040638425,0.04532924355203272,-0.34400748460388897,0.7179741778831524,-2.1045804253237583,1.0
1989-02,-1.0662722340149666,2.005532770868702,-1.206062701842805,0.6525154952467731,-0.3521075720571996,0.728889523720246,-2.1096581774509975,1.0
1989-03,-1.2090338833022156,1.7150113778056402,-1.3007476943356828,0.7392998998628943,-0.37260526451084264,0.7398048695573394,-2.1147359295782358,1.0
1989-04,-1.0560749733515915,1.462823922904359,-1.3961099661879743,0.43552209765042715,-0.3777389413930882,0.7507202153944329,-2.1198136817054745,1.0
1989-05,-0.9948914093713418,1.5352393761652239,-1.1349209593924525,-0.3573636424177864,-0.38254396927307943,0.7616355612315264,-2.1248914338327136,1.0
1989-06,-0.9541023667178419,2.63613495688054,-1.2265643278801022,-0.7664867558989668,-0.3852046128884634,0.7725509070686198,-2.1299691859599523,1.0
1989-07,-1.0458777126882166,1.3979051347324765,-0.9234816306702208,-1.2661958072740194,-0.3892351059253259,0.7834662529057134,-2.135046938087191,1.0
1989-08,-0.6175927648264687,2.121700975231605,-0.37987002996530683,-1.471418930369575,-0.38610264348295115,0.7943815987428069,-2.1401246902144293,1.0
1989-09,-0.48502837620259437,2.24438264399043,-0.4073430894546308,-1.5058379868678058,-0.3814370839201624,0.8052969445799003,-2.1452024423416685,1.0
1989-10,-0.44423933354909456,1.8053345346343275,-0.04161120864177931,-1.5660943398263583,-0.38692534279077884,0.8162122904169938,-2.150280194468907,1.0
1989-11,-0.31167494492522024,2.2774630237909785,0.6492103123142756,-1.5733249492219328,-0.3959805313547366,0.8271276362540874,-2.1553579465961454,1.0
1989-12,-0.01595438568734677,1.7842837914568295,1.2019722378489313,-1.2965112631042288,-0.40288460564038914,0.8380429820911808,-2.1604356987233846,1.0
1990-01,0.1879908275801522,1.7230819502698569,1.2728907331656814,-0.8679487907099664,-0.4117933491062775,0.8489583279282743,-2.1655134508506233,1.0
1990-02,0.5143031688081505,1.1117072626323894,1.3069816354957555,-0.6896066462648136,-0.40860078764157926,0.8602542064766925,-2.1696549160229712,1.0
1990-03,0.6774593394221496,1.380755168246017,1.6428642192955718,-0.2864950651482984,-0.3802921515564725,0.8715500850251108,-2.173796381195319,1.0
1990-04,0.22877987023365198,1.3729648239923644,1.5110358702240732,0.08186787534723651,-0.36985618851546637,0.8828459635735291,-2.177937846367667,1.0
1990-05,0.13700452426327744,1.526698020307261,1.1874040288464935,0.61297474117567,-0.3588478826761998,0.8941418421219473,-2.182079311540015,1.0
1990-06,0.1064127422731526,1.158776314443434,1.1907337440211159,0.9427102196662491,-0.3559721029562684,0.9054377206703655,-2.186220776712363,1.0
1990-07,0.1879908275801522,1.3788047799004988,0.7730994600594627,0.8411968147389448,-0.3537617869907994,0.9167335992187837,-2.1903622418847113,1.0
1990-08,0.07582096028302776,2.237580944863643,0.6662627114429143,1.0734069854824426,-0.3387801259309667,0.928029477767202,-2.194503707057059,1.0
1990-09,0.2797661735505267,1.2197943259242774,0.4386648349383312,1.1758988084093862,-0.3381835775167722,0.9393253563156202,-2.198645172229407,1.0
1990-10,-0.01595438568734677,1.2527693399176552,0.48110778895449774,1.230453003143725,-0.35620841617058563,0.9506212348640385,-2.202786637401755,1.0
1990-11,0.17779356691677725,1.2467590052574982,0.2304362111904962,1.3220549835911777,-0.36009443824673015,0.9619171134124568,-2.206928102574103,1.0
1990-12,0.37154151952090125,1.6215945015323379,-0.1051110602324589,1.2438108311181966,-0.3757720500230774,0.973212991960875,-2.211069567746451,1.0
1991-01,0.2491743915604019,2.1128906002915024,-0.11540807665755683,1.1860134118211199,-0.3820961092948537,0.9845088705092933,-2.215211032918799,1.0
1991-02,0.13700452426327744,2.4275756716254007,-0.07692448949877294,1.403490663678909,-0.38387987699214077,0.9957914366142462,-2.2164546841211124,1.0
1991-03,0.25937165222377684,2.227963512677119,-0.18049807172909954,1.1685685430321606,-0.39064748903337604,1.0070740027191991,-2.217698335323426,1.0
1991-04,0.25937165222377684,1.6534530863348311,-0.6692041926490996,1.0578500255127121,-0.3939959849154579,1.0183565688241523,-2.21894198652574,1.0
1991-05,0.412330562174401,1.537458783592883,-1.1016964971051375,0.5358867103900726,-0.3953301876977158,1.0296391349291052,-2.2201856377280533,1.0
1991-06,1.0445607233036476,1.9298410495003397,-1.205878751107859,-0.09269151082507014,-0.37018079950950195,1.0409217010340581,-2.221429288930367,1.0
1991-07,0.9833771593233981,2.0459048488385068,-1.2651954242052943,-0.3789856298913271,0.6743956862194689,1.052204267139011,-2.22267294013268,1.0
1991-08,0.43272508350115096,1.9754218493176854,-1.0509181462305708,-0.48231013328390376,1.9976093431771111,1.0634868332439642,-2.2239165913349934,1.0
1991-09,0.606078514778525,1.2876925004308661,-0.9960794463049712,-0.42279621672105233,3.311837624246223,1.0747693993489171,-2.225160242537307,1.0
1991-10,1.0445607233036476,1.6513883648794025,-0.3653355504275778,-0.9421480005563714,4.668999982835237,1.08605196545387,-2.2264038937396204,1.0
1991-11,1.1159415479472723,0.9918454903238584,-0.28890301729224127,-1.063785753756126,5.134733082772631,1.097334531558823,-2.227647544941934,1.0
1991-12,1.3096895005513962,2.0054174769763553,0.2524860470892802,-1.2622803503039173,5.096543575176333,1.1086170976637761,-2.2288911961442475,1.0
1992-01,1.768566230403269,1.873934400580166,-0.12066763531173665,-1.1720192340604834,5.1575566230935594,1.119899663768729,-2.230134847346561,1.0
1992-02,1.6665936237695196,2.2037007744240644,-0.0903317621456413,-1.2287095771012775,5.173493295530523,1.1306560949992395,-2.227778955544517,1.0
1992-03,1.7991580123933937,1.0191262670785945,-0.008127528308997368,-1.2513696967989092,5.171251752301496,1.1414125262297496,-2.225423063742473,1.0
1992-04,2.0642867896411423,0.8112933333452345,0.21156787048268252,-1.331725244173929,5.061814550890052,1.15216895746026,-2.223067171940429,1.0
1992-05,1.768566230403269,0.1540954084556822,0.47893486911124367,-1.2899642822636386,5.2154613020174505,1.1629253886907704,-2.220711280138385,1.0
1992-06,1.5952127991258949,-0.006890093948586951,0.7245783369880243,-1.321244341940513,5.364851095147048,1.1736818199212808,-2.2183553883363407,1.0
1992-07,0.6876566000855246,0.3280162450595425,0.9625984804731738,-0.9889857536090682,5.050106121725778,1.1844382511517912,-2.215999496534297,1.0
1992-08,0.03503191762952797,0.09101043369372505,1.4419278755906473,-0.8028540431889559,4.821373235903934,1.1951946823823016,-2.213643604732253,1.0
1992-09,0.4633168654912758,-0.05727512620782602,1.610680725744059,-0.35606797487140085,4.620327446968805,1.2059511136128118,-2.2112877129302086,1.0
1992-10,0.7386429034023995,0.2547757999467796,1.5570123091281927,-0.13938516249958216,4.125747893118314,1.2167075448433222,-2.2089318211281643,1.0
1992-11,0.6876566000855246,0.443399920867632,1.6745932844859812,0.20300240526413285,3.742862877007106,1.2274639760738326,-2.2065759293261205,1.0
1992-12,0.7998264673826491,0.2884704399848827,1.5784560946016235,0.6865210039248801,3.5353157153726356,1.2382204073043428,-2.2042200375240766,1.0
1993-01,0.8610100313628988,-0.0751761042985943,1.3451553569045174,0.809621698912425,3.06462358240846,1.2489768385348532,-2.2018641457220323,1.0
1993-02,0.9629826379966482,0.3831099119082715,1.412771644704149,0.9316307071203466,2.9737608598695484,1.2588233800571202,-2.1960964501238127,1.0
1993-03,0.8406155100361489,0.2970117958428448,1.1665282360188138,1.0217849038793496,2.7456837465824417,1.268669921579387,-2.190328754525593,1.0
1993-04,1.0547579839670227,-0.0853517510805608,0.6177478581800377,1.159236563637736,2.7236218643451,1.278516463101654,-2.1845610589273736,1.0
1993-05,1.554423756472395,-0.12299424614907595,-0.2650618610042611,1.279311718558768,2.466220914839916,1.288363004623921,-2.1787933633291536,1.0
1993-06,1.5952127991258949,-0.16673226525375895,-0.8093173174091868,1.0231078696497455,2.2269920791216378,1.2982095461461878,-2.173025667730934,1.0
1993-07,0.9731798986600232,-0.38656569187627143,-1.0415066158142279,0.7570109908973182,2.021198489856329,1.3080560876684546,-2.1672579721327145,1.0
1993-08,0.6672620787587747,-0.5166364180912236,-1.1168672630650849,0.7766675875202342,1.7928432026697032,1.3179026291907217,-2.1614902765344945,1.0
1993-09,0.6774593394221496,-0.6851073764560534,-1.230885128974659,0.6997196281624195,1.5746333662661183,1.3277491707129885,-2.155722580936275,1.0
1993-10,1.0343634626402727,-0.43956245105795855,-1.2401975863961385,0.4609196230305247,1.4026542372922843,1.3375957122352553,-2.149954885338055,1.0
1993-11,0.7692346853925242,-0.5620289045510709,-1.2004102623833706,0.033001212621438514,1.2243885576563514,1.3474422537575224,-2.1441871897398355,1.0
1993-12,0.3307524768674015,-0.40129448662346634,-1.1559616448472823,-0.15342101970554137,1.049926143361456,1.3572887952797892,-2.138419494141616,1.0
1994-01,0.04522917829290292,-0.19663821988504923,-1.2605225478595745,-0.0228867351684561,0.8882076830051733,1.367135336802056,-2.1326517985433964,1.0
1994-02,-0.15871603497459605,-0.49187705470993176,-1.382361101107066,-0.11548667972808616,0.6302079417478955,1.3756970628445382,-2.12215771685341,1.0
1994-03,-0.17911055630134595,-0.6518185068668458,-1.4769233609956278,-0.11706309224384483,0.44297438425904734,1.38425878888702,-2.111663635163424,1.0
1994-04,0.06562369961965281,-0.8566944725223444,-1.5133847689022617,-0.3903739817144473,0.2914857241908207,1.3928205149295019,-2.101169553473438,1.0
1994-05,0.024834656966153026,-0.8151130897261546,-1.2224067107019687,-1.1184332915691213,0.19715435259193848,1.4013822409719838,-2.090675471783452,1.0
1994-06,0.3103579555406516,-0.8551655474055123,-0.6172597297277009,-1.8293322036548902,0.13699906735390616,1.4099439670144656,-2.080181390093466,1.0
1994-07,1.0343634626402727,-0.7841758952799927,-0.0737214617107468,-1.9825677211221242,0.0941345333088838,1.4185056930569477,-2.0696873084034797,1.0
1994-08,0.9425881166698983,-0.8915145090540686,0.6205746140276975,-1.895740970669511,0.05892731911597787,1.4270674190994297,-2.0591932267134943,1.0
1994-09,1.1771251119275221,-0.8516907175945305,1.0803771737795058,-1.641665360462674,0.03244695855208123,1.4356291451419114,-2.048699145023508,1.0
1994-10,1.6054100597892698,-0.7014525275217757,1.3574989526416723,-0.8994194840057321,0.013298364644347721,1.4441908711843936,-2.038205063333522,1.0
1994-11,1.0853497659571474,-0.8677444313212672,1.60472694265943,-0.21204552346922653,-0.028886662350962298,1.4527525972268756,-2.0277109816435357,1.0
1994-12,0.9833771593233981,-0.8190811211877279,1.5420952188715955,0.4179177809968034,-0.06812223840972634,1.4613143232693573,-2.01721689995355,1.0
1995-01,0.8916018133530236,-0.849547532240144,1.5043592052475216,0.6822479226979196,-0.09606525528399748,1.4698760493118392,-2.006722818263564,1.0
1995-02,0.606078514778525,-0.7770613013398114,1.0001692983425396,0.5384844117419094,-0.14543345023301785,1.4768027126732615,-1.9916821531947169,1.0
1995-03,0.22877987023365198,-0.7625871139382139,0.9181497193938609,0.507035015045663,-0.17166152501675389,1.4837293760346841,-1.97664148812587,1.0
1995-04,0.1879908275801522,-0.8872034782627665,0.9354158667834648,0.7790522570153188,-0.19804106997545384,1.4906560393961066,-1.9616008230570232,1.0
1995-05,0.19818808824352716,-0.9095387875574849,0.5054061789117282,1.4267764462763624,-0.22660221617451118,1.497582702757529,-1.9465601579881764,1.0
1995-06,0.06562369961965281,-0.8894968659380146,0.09706831549335809,1.511745313796728,-0.24537137190994907,1.5045093661189513,-1.9315194929193296,1.0
1995-07,-0.24029412028159558,-0.9264197349618039,-0.2668938907376557,1.3834391032077455,-0.248200714535364,1.5114360294803737,-1.9164788278504823,1.0
1995-08,-0.6583818074799684,-0.9405432367741822,-0.4870257014853144,1.252017274245584,-0.2664893472927617,1.5183626928417964,-1.9014381627816355,1.0
1995-09,-0.9031160634009672,-1.000969406274317,-0.5414144013875143,1.0451777248519574,-0.28263980983153336,1.5252893562032186,-1.8863974977127886,1.0
1995-10,-0.6991708501334682,-0.9029478200450416,-0.695670485429203,0.7720571937166852,-0.29718166449619904,1.5322160195646408,-1.8713568326439416,1.0
1995-11,-0.729762632123593,-1.003679773526883,-0.7799088238627481,0.42662128111412057,-0.3098066093592513,1.5391426829260635,-1.8563161675750948,1.0
1995-12,-0.8623270207474675,-1.0524551749446478,-0.7789812780723137,0.14266856273366418,-0.32736108735570857,1.546069346287486,-1.841275502506248,1.0
1996-01,-0.8113407174305927,-1.0139181914280149,-1.0522767588317978,0.191403761640566,-0.3483630821691249,1.5529960096489082,-1.8262348374374011,1.0
1996-02,-0.760354414113718,-1.062543390524918,-1.1952911484608135,0.2069497113182427,-0.36901062959444436,1.558103647628218,-1.807616969617133,1.0
1996-03,-0.6175927648264687,-1.0587771233749503,-1.2763545969305077,0.027348101640941435,-0.384233112977772,1.5632112856075275,-1.7889991017968647,1.0
1996-04,-0.7195653714602182,-1.061222955196745,-1.4269836356587013,-0.23893710860894937,-0.3943885466144647,1.568318923586837,-1.7703812339765965,1.0
1996-05,-0.8113407174305927,-1.023333859302934,-1.4334180173137911,-0.6879914835460843,-0.39949196086844807,1.5734265615661467,-1.7517633661563279,1.0
1996-06,-0.8725242814108424,-1.0211234191780127,-0.9288572890700089,-1.4821410460903077,-0.38795857936046024,1.5785341995454563,-1.7331454983360597,1.0
1996-07,-0.7909461961038428,-0.9845951114746959,-0.8625270614045463,-1.6233489722195833,-0.41281904806061714,1.5836418375247658,-1.7145276305157915,1.0
1996-08,-0.5971982434997187,-0.9702698453507123,-0.5307525489564425,-1.820731906274491,-0.411320677810885,1.5887494755040754,-1.6959097626955233,1.0
1996-09,-0.2606886416083455,-1.0562192002689306,0.10381877203944628,-1.9191336367071163,-0.4138396546379252,1.5938571134833852,-1.677291894875255,1.0
1996-10,-0.3218722055885952,-1.0850737386541884,0.6574799444664557,-1.8794170855246521,-0.41830993163657576,1.5989647514626948,-1.6586740270549867,1.0
1996-11,-0.29128042359847034,-0.9135426882300101,1.2318974947152554,-1.6818113634132517,-0.42197931457178034,1.6040723894420044,-1.6400561592347183,1.0
1996-12,-0.4238448122223446,-0.9471342042866258,1.4534012665652736,-1.0578644564930082,-0.43078450556023484,1.609180027421314,-1.62143829141445,1.0
1997-01,-0.6073955041630937,-1.0244771904020313,1.453173036649165,-0.7185664021868036,-0.43741435422107117,1.6142876654006235,-1.6028204235941816,1.0
1997-02,-0.6787763288067183,-1.0171224008527961,1.481468531908057,-0.3583132544627244,-0.445131930129164,1.617630501201658,-1.5829863198355276,1.0
1997-03,-0.25049138094497053,-1.000938020714734,1.579802514485013,-0.1388951966639097,-0.4504523648915303,1.620973337002692,-1.5631522160768734,1.0
1997-04,0.20838534890690205,-0.9535727276525228,1.5670496027243657,0.4585049745368481,-0.4529406528561074,1.624316172803726,-1.5433181123182191,1.0
1997-05,0.7794319460558992,-0.9276303208314364,1.471760759058449,0.6172639042340073,-0.45357370037792427,1.6276590086047606,-1.523484008559565,1.0
1997-06,2.4415854341860155,-0.9750471758843913,1.3263371372368749,0.883498341451284,-0.45810068895867034,1.631001844405795,-1.5036499048009109,1.0
1997-07,2.360007348879016,-0.9868817736728908,0.800714439277079,1.0247724858106235,-0.45898263482041973,1.634344680206829,-1.4838158010422566,1.0
1997-08,2.360007348879016,-0.8293038463090683,0.6667421995775178,1.0933774779536949,-0.4571660919564232,1.6376875160078632,-1.4639816972836024,1.0
1997-09,2.2988237848987665,-0.49135086619569707,0.5027714489531747,1.1510971442534748,-0.4556512107397519,1.6410303518088976,-1.4441475935249484,1.0
1997-10,2.156062135611517,-0.7592916301819923,0.07603703992305552,1.1934656542484474,-0.4574695707074469,1.644373187609932,-1.4243134897662941,1.0
1997-11,2.237640220918517,-0.4880150295771544,-0.3370876058339138,0.9763242968163869,-0.45579460489827817,1.647716023410966,-1.4044793860076399,1.0
1997-12,2.2070484389283918,-0.5230256212920615,-0.5169729807921434,0.6146660600417865,-0.4551620957775572,1.6510588592120001,-1.3846452822489859,1.0
1998-01,2.400796391532516,-0.6333906997402186,-0.6093110464163549,0.5426715584153451,-0.45783422528298584,1.6544016950130347,-1.3648111784903316,1.0
1998-02,2.5537553014831404,-0.6180133768485783,-0.8461658381417557,0.6126207445845627,-0.4626341832193245,1.656339365475015,-1.3462416712113985,1.0
1998-03,2.370204609542391,-0.2653725953719577,-1.0244275221195704,0.3965889810839609,-0.46595912405346324,1.6582770359369952,-1.3276721639324653,1.0
1998-04,2.7169114720971392,-0.2455414053668307,-1.3246072411946892,-0.0252140221468673,-0.46786380766352514,1.6602147063989752,-1.309102656653532,1.0
1998-05,2.431388173522641,-0.24459087127660076,-1.2515188883610693,-0.7005658697077491,-0.46444823597825274,1.6621523768609554,-1.2905331493745988,1.0
1998-06,0.48371138681802567,-0.18646929858013683,-0.8287615116582572,-1.470327938281411,-0.4688391436820244,1.6640900473229359,-1.2719636420956657,1.0
1998-07,-1.5047544425400892,-0.06360828376655144,-0.42812563382251817,-1.7312872726673008,-0.4665724750685238,1.6660277177849159,-1.2533941348167323,1.0
1998-08,-1.8004750017779627,0.3882765194590236,0.24051531850410296,-1.8617451679966066,-0.45587848330233477,1.6679653882468959,-1.2348246275377992,1.0
1998-09,-1.3721900539162148,0.39723261306861923,0.6889877604408964,-1.7643682558211848,-0.4409376958590282,1.6699030587088763,-1.216255120258866,1.0
1998-10,-1.2600201866190905,-0.08775274638866473,0.9816846103155259,-1.6866503229460545,-0.4370811063761231,1.6718407291708568,-1.197685612979933,1.0
1998-11,-1.3110064899359652,0.3407318803420524,1.5234719218298534,-1.3046402658148684,-0.44681322215120894,1.6737783996328368,-1.1791161057009996,1.0
1998-12,-1.2600201866190905,0.514917252376684,1.6723588035588317,-0.6603558750539088,-0.45655224740702477,1.6757160700948168,-1.1605465984220664,1.0
1999-01,-1.2498229259557156,0.3611728469333643,1.44301538680375,-0.23691119248101625,-0.4638279754824622,1.6776537405567973,-1.1419770911431333,1.0
1999-02,-1.1682448406487158,0.37179189480964436,1.5857616823443148,0.21573773904942528,-0.47469793467347604,1.6785836207210805,-1.125445555500205,1.0
1999-03,-1.117258537331841,0.08704240223215212,1.0901247878863571,0.46501052462558284,-0.4829600359898775,1.6795135008853637,-1.1089140198572767,1.0
1999-04,-1.127455797995216,-0.05748361599648475,1.2974072191266919,0.7032006637971894,-0.4848381809125902,1.6804433810496469,-1.0923824842143484,1.0
1999-05,-1.3008092292725904,0.6498303220701657,0.9444999402914092,0.8157971166207701,-0.477331209566488,1.68137326121393,-1.07585094857142,1.0
1999-06,-1.2294284046289656,1.134174519381682,0.538048227174832,1.2734237629338991,-0.46777858325672894,1.6823031413782132,-1.059319412928492,1.0
1999-07,-1.147850319321966,1.0466334682274647,0.2822790624482064,1.1004240045296965,-0.46604223972263403,1.6832330215424964,-1.0427878772855634,1.0
1999-08,-0.9948914093713418,1.130634676625849,0.2498368844276961,1.1807615327842198,-0.4596566681256577,1.6841629017067796,-1.0262563416426351,1.0
1999-09,-1.127455797995216,0.34253879184376257,0.18653594147144406,1.1580604395837635,-0.45510964653747044,1.6850927818710628,-1.009724805999707,1.0
1999-10,-1.3008092292725904,0.8955119988350153,-0.2310792778274468,1.2064122412765357,-0.4539638392719998,1.686022662035346,-0.9931932703567787,1.0
1999-11,-1.3008092292725904,1.3886015581417834,-0.4696294094781716,1.0160078357891993,-0.45351979296820294,1.6869525421996292,-0.9766617347138503,1.0
1999-12,-1.4027818359063398,0.9119221628455882,-0.6228961465220092,0.9975999792606226,-0.4629132320206243,1.6878824223639124,-0.9601301990709221,1.0
2000-01,-1.2192311439655907,0.6735040012985337,-0.8469252040281334,1.0823386146475333,-0.466760780851795,1.6888123025281956,-0.9435986634279938,1.0
2000-02,-1.2294284046289656,1.0081196760110165,-0.8639168710567827,1.1530515936624448,-0.4735356164410662,1.6888188264657131,-0.9269442695052503,1.0
2000-03,-1.3415982719260902,1.7795759575193701,-0.9428491995490131,1.2374446335783482,-0.47865289452326754,1.6888253504032305,-0.9102898755825067,1.0
2000-04,-0.8623270207474675,1.3494749744701255,-1.1574611063946425,1.0678416677663114,-0.4732983161580732,1.688831874340748,-0.8936354816597631,1.0
2000-05,-0.8929188027375923,1.4169382347939203,-1.4270629020946788,0.7874863064071264,-0.4743999969670637,1.6888383982782655,-0.8769810877370197,1.0
2000-06,-1.147850319321966,1.349961450643664,-1.6156695645123211,0.33280217959552133,-0.47522940385521045,1.6888449222157826,-0.8603266938142761,1.0
2000-07,-0.5666064615095939,1.8891339787211063,-1.441068668224654,-0.16275623437634432,-0.47429570418812306,1.6888514461533002,-0.8436722998915325,1.0
2000-08,-0.026151646350721713,0.967407348537075,-1.5007078073851134,-0.17145905478435713,-0.4679862266126925,1.6888579700908177,-0.827017905968789,1.0
2000-09,-0.30147768426184524,1.3150741593414037,-1.5855671234928799,-0.06582002942939835,-0.46435585532355766,1.688864494028335,-0.8103635120460454,1.0
2000-10,-0.4748311155392194,0.9555705089228912,-1.4758006359951872,-0.3188124397905915,-0.4591388833051093,1.6888710179658526,-0.7937091181233018,1.0
2000-11,-0.8215379780939676,1.1279893223181336,-1.074150826299829,-0.708451783402836,-0.45365753391522284,1.6888775419033701,-0.7770547242005583,1.0
2000-12,-0.7501571534503431,0.9883908369440371,-0.8716550729572893,-0.8553033898904099,-0.45606968299149614,1.6888840658408872,-0.7604003302778146,1.0
2001-01,-0.7909461961038428,0.8452054304747342,-0.8404049245980056,-0.8178524916814884,-0.4599651270868179,1.6888905897784048,-0.7437459363550711,1.0
2001-02,-0.8215379780939676,0.46576122098377143,-1.0288116661976832,-0.623861412941144,-0.4667246855449945,1.6879499581976918,-0.7272277830612699,1.0
2001-03,-0.739959892786968,1.1541065915426112,-0.9372729760411773,-0.6902911762720673,-0.4664572796673923,1.6870093266169788,-0.7107096297674687,1.0
2001-04,-0.5054228975293443,1.2206977816751332,-0.7884891643871459,-1.0095893370366313,-0.47357898016266053,1.6860686950362658,-0.6941914764736675,1.0
2001-05,-0.46463385487584447,0.6342944700765493,-0.31072262589738775,-1.4560044582725438,-0.47209097413402346,1.6851280634555525,-0.6776733231798664,1.0
2001-06,-0.6889735894700932,1.2186823803847637,-0.1301859590232417,-1.4755974341584852,-0.4612729033486215,1.6841874318748398,-0.6611551698860652,1.0
2001-07,0.09621548160977765,0.30905039976863435,0.3905709421918756,-1.46574995726437,-0.44021695625872587,1.6832468002941268,-0.644637016592264,1.0
2001-08,0.4429223441645259,0.9657259792736963,0.5711303429502197,-1.5400472872134734,-0.4286405475298285,1.6823061687134135,-0.6281188632984628,1.0
2001-09,-0.005757125023971815,2.407074175740607,0.7858057611634923,-1.4930823854038402,-0.4417527005178611,1.6813655371327008,-0.6116007100046615,1.0
2001-10,-0.168913295637971,1.7891261349353602,1.1032725237364727,-1.1365844310836666,-0.4397169835410983,1.6804249055519878,-0.5950825567108604,1.0
2001-11,-0.23009685961822068,1.8208008900317243,1.4114819088756136,-0.7655031217672523,-0.45161053294882636,1.6794842739712745,-0.5785644034170593,1.0
2001-12,0.11661000293652755,2.2404728999966537,1.6731203467189764,-0.21691495917357417,-0.46004146787553274,1.6785436423905618,-0.562046250123258,1.0
2002-01,0.14720178492665237,2.0700493114606204,1.6641050224389082,-0.0006656854599295739,-0.46571839146348426,1.6776030108098487,-0.5455280968294569,1.0
2002-02,-0.20970233829147075,1.6536317918679673,1.552299521392352,0.36763472263844726,-0.47276262950108805,1.6759100442036827,-0.5306084427516999,1.0
2002-03,-0.14851877431122107,1.2021264977046975,1.6758179901159422,0.6315019369600559,-0.4748610253387586,1.6742170775975174,-0.5156887886739431,1.0
2002-04,-0.31167494492522024,1.465673283349364,1.1867303813224923,0.8404086911044663,-0.4834308004480556,1.6725241109913513,-0.5007691345961862,1.0
2002-05,-0.08733521033097141,1.2848498654629141,0.8024456688736309,1.1032346515956275,-0.48178730866961467,1.6708311443851855,-0.4858494805184293,1.0
2002-06,0.4021333015110261,0.6800142630863343,0.22353207720778864,1.1215073140944434,-0.4779307416200886,1.66913817777902,-0.47092982644067233,1.0
2002-07,0.5041059081447756,1.2174605853867086,0.3067712107790044,1.1221600872974977,-0.4755893249877817,1.6674452111728542,-0.45601017236291547,1.0
2002-08,1.0853497659571474,1.4044288474743851,0.20907776557374713,1.1077449679841294,-0.4756658003767705,1.6657522445666884,-0.4410905182851586,1.0
2002-09,0.9527853773332733,1.1886598508178792,0.23851051015925656,1.0357678179487326,-0.48047542709945534,1.6640592779605228,-0.4261708642074017,1.0
2002-10,0.9119963346797735,0.9410434784873021,-0.15484898177365716,1.0290430839417992,-0.4706504820020945,1.662366311354357,-0.4112512101296448,1.0
2002-11,0.9119963346797735,0.9242947987983687,-0.48557472230872123,0.6604097441295913,-0.457469211773383,1.6606733447481912,-0.3963315560518879,1.0
2002-12,0.9833771593233981,0.6570265825174251,-0.5509133944870239,0.5765677176306525,-0.44919999907584063,1.6589803781420256,-0.381411901974131,1.0
2003-01,0.8916018133530236,0.3884110290000943,-0.6736218833557764,0.501072931744586,-0.43307486382195254,1.6572874115358598,-0.3664922478963741,1.0
2003-02,0.6978538607488995,0.014157446620789795,-0.8737108333130408,0.5794193386389866,-0.42730010826821047,1.6551853534501038,-0.35466989851294456,1.0
2003-03,0.5958812541151501,0.20978235845877408,-1.139191851636664,0.5099911140029056,-0.42241921070046334,1.6530832953643473,-0.34284754912951504,1.0
2003-04,-0.05674342834084656,0.13321504403020748,-1.2507245089107628,0.23659516863949123,-0.43918293452077967,1.650981237278591,-0.3310251997460855,1.0
2003-05,-0.5666064615095939,-0.04208675719530812,-1.2203191385126133,-0.33088101440181833,-0.44678291465618875,1.648879179192835,-0.319202850362656,1.0
2003-06,-0.04654616767747161,0.26421612790422844,-0.8265063792011663,-0.9899131037423822,-0.4408379570560232,1.646777121107079,-0.3073805009792264,1.0
2003-07,0.06562369961965281,0.2315056493416232,-0.3091922359440324,-1.5007576838315817,-0.4331773619305737,1.6446750630213225,-0.2955581515957969,1.0
2003-08,0.1064127422731526,0.09175023616961146,0.144846833624018,-1.5874052868562811,-0.421956544692102,1.6425730049355662,-0.2837358022123674,1.0
2003-09,0.23897713089702693,-0.1533194221833685,0.3892476265598639,-1.4833662903053855,-0.41810327534928793,1.6404709468498102,-0.2719134528289378,1.0
2003-10,0.34094973753077645,0.6110915742419273,0.5841281366454818,-1.5055932340872409,-0.41568926430255815,1.6383688887640542,-0.2600911034455083,1.0
2003-11,0.3613442588575263,0.35303277787292875,0.9435281333790481,-1.4714776703740298,-0.4232856550973283,1.636266830678298,-0.24826875406207877,1.0
2003-12,0.19818808824352716,-0.19468783153953,1.46856138812115,-1.2294711407336032,-0.4359896776213326,1.6341647725925414,-0.23644640467864922,1.0
2004-01,0.2491743915604019,-0.2153350460938168,1.6103089950057938,-0.7694968050472188,-0.44208146168701046,1.6320627145067854,-0.2246240552952197,1.0
2004-02,0.004440135639403127,-0.3410249357039113,1.3246600719330215,-0.2567004990596551,-0.45287232078369327,1.6297965338672762,-0.21506336697807427,1.0
2004-03,-0.38305576956884485,-0.2039017351028438,1.4872574831069123,-0.009337243624067633,-0.4598057379290693,1.6275303532277667,-0.20550267866092878,1.0
2004-04,-0.17911055630134595,-0.3922487199864905,1.2915976535413944,0.6262316340770503,-0.46100495906992345,1.6252641725882575,-0.19594199034378335,1.0
2004-05,-0.4136475515589697,-0.3896594113208881,1.1404444589107554,0.7315464655153819,-0.46680239476982793,1.6229979919487483,-0.1863813020266379,1.0
2004-06,-0.3422667269153451,-0.4226187325344734,0.867689523549769,0.7485190153372338,-0.46995520428694976,1.6207318113092388,-0.17682061370949248,1.0
2004-07,0.5245004294715254,0.03364211442725455,0.7666265067246398,0.7273463282422775,-0.4665487854203067,1.6184656306697296,-0.16725992539234702,1.0
2004-08,0.8406155100361489,-0.167785923325476,0.5499904568660754,0.7401109679714238,-0.46197217420522707,1.6161994500302204,-0.15769923707520156,1.0
2004-09,0.6570648180953997,-0.34707593244372476,0.13145209720652679,0.7311865109649972,-0.45425231009247685,1.613933269390711,-0.1481385487580561,1.0
2004-10,0.4633168654912758,-0.324624048213412,-0.16821344833605698,0.8340642282381445,-0.460233116232274,1.6116670887512017,-0.13857786044091067,1.0
2004-11,0.626473036105275,-0.20050761101650377,-0.4413877970817732,0.6579254570383638,-0.45456985457212945,1.6094009081116922,-0.12901717212376523,1.0
2004-12,0.5448949507982753,-0.5847008325947242,-0.6932876720931574,0.5997572716231385,-0.4465439767365293,1.607134727472183,-0.11945648380661977,1.0
2005-01,0.14720178492665237,-0.4541567362640827,-0.9043191349764329,0.6182348697329553,-0.4385238194125724,1.6048685468326738,-0.10989579548947434,1.0
2005-02,0.6774593394221496,-0.5399786273790967,-1.0619857077130759,0.8917815261162473,-0.42880069942246296,1.602516545022568,-0.101898739324434,1.0
2005-03,0.9017990740163985,-0.6621084867587214,-1.2148245642266164,1.0224027901363568,-0.39358298640818806,1.600164543212463,-0.09390168315939366,1.0
2005-04,0.19818808824352716,-0.711794069404395,-1.3773402157081218,0.34229602750142907,-0.38731229614503726,1.5978125414023572,-0.08590462699435332,1.0
2005-05,0.2491743915604019,-0.39658665268600696,-1.4616134930531168,-0.11448455525354265,-0.3856278185831753,1.5954605395922516,-0.07790757082931297,1.0
2005-06,0.25937165222377684,-0.5030957909568162,-1.4675662803246887,-0.5507107989347401,-0.3847628772227029,1.5931085377821463,-0.06991051466427264,1.0
2005-07,0.05542643895627787,-0.44084029169812583,-1.2648511789349195,-1.0243011885100846,-0.3710214679539034,1.5907565359720408,-0.0619134584992323,1.0
2005-08,0.06562369961965281,-0.5832858956915427,-1.2102994325919536,-1.1885046270998079,-0.36769237694465084,1.588404534161935,-0.05391640233419196,1.0
2005-09,0.03503191762952797,-0.5984451209701623,-0.8773868304423492,-1.5413449111408497,-0.3655747557011829,1.5860525323518297,-0.04591934616915162,1.0
2005-10,-0.6175927648264687,-0.9307240402760525,-0.21428640640983998,-1.7858940941017305,-0.36659143643716713,1.5837005305417242,-0.03792229000411128,1.0
2005-11,-0.6583818074799684,-0.7591212514299698,0.49734133071514436,-1.7485361762138834,-0.3769349515233411,1.5813485287316187,-0.02992523383907094,1.0
2005-12,-0.6583818074799684,-0.6849078539701327,0.9286658250942843,-1.644900684410699,-0.3961402570131701,1.5789965269215134,-0.021928177674030602,1.0
2006-01,-0.5971982434997187,-0.8340789350170628,1.033403773905898,-1.4950156747726173,-0.38699336079588703,1.5766445251114078,-0.01393112150899026,1.0
2006-02,-0.4340420728857196,-0.9606067759984674,1.2474063143354273,-0.8689642382642576,-0.39072308952058404,1.574230206500732,-0.006860368942910536,1.0
2006-03,-0.5768037221729688,-0.960181629770442,1.383615528220873,-0.4239676466973791,-0.39870638880285464,1.5718158878900563,0.00021038362316919015,1.0
2006-04,-0.8011434567672177,-0.6489691464218406,1.083727303775545,0.03316147457646113,-0.3972223983490573,1.5694015692793801,0.007281136189248916,1.0
2006-05,-0.3728585089054699,-0.7940623465486574,1.182940921501943,0.42550988749979374,-0.39624053421727096,1.5669872506687044,0.014351888755328642,1.0
2006-06,-0.12812425298447117,-0.8715667441133476,1.158615494715501,0.8406492228753866,-0.37202987077303906,1.5645729320580288,0.021422641321408368,1.0
2006-07,0.26956891288715173,-0.8855288344764414,0.9302282256814666,0.9248730051057577,-0.3471122866899648,1.562158613447353,0.028493393887488096,1.0
2006-08,0.6570648180953997,-0.8207624904511062,0.5987019328525761,0.7709049728796971,-0.3224244428411627,1.5597442948366773,0.03556414645356782,1.0
2006-09,0.7182483820756494,-0.8782384173504328,0.6282323975182904,0.9884868142393067,-0.31099391837585993,1.5573299762260016,0.042634899019647544,1.0
2006-10,0.8406155100361489,-0.9790129655202797,0.21859667929646998,1.000617963990359,-0.3151767340560881,1.5549156576153256,0.049705651585727276,1.0
2006-11,1.0751525052937725,-0.7573838365244789,-0.2870299438117078,1.0057341121231946,-0.272177285669799,1.5525013390046498,0.05677640415180699,1.0
2006-12,0.7080511214122746,-0.8107415296413709,-0.6156823797312263,0.910416141502129,-0.2505970480794469,1.550087020393974,0.06384715671788672,1.0
2007-01,0.7080511214122746,-0.8330701134590357,-0.7620143979779114,0.827385123467347,-0.2440423288048597,1.5476727017832983,0.07091790928396645,1.0
2007-02,0.45311960482790087,-0.9374495173295662,-0.8912156267884933,1.0066890766737326,-0.24680208308863685,1.545221843686308,0.07690901702471473,1.0
2007-03,-0.13832151364784612,-1.0271001264529016,-1.0604874625279277,0.9443104639319324,-0.2848331212957253,1.5427709855893181,0.08290012476546302,1.0
2007-04,-0.27088590227172044,-0.9979810526368726,-1.2695658736729674,0.5872329334656122,-0.30002195461056275,1.540320127492328,0.0888912325062113,1.0
2007-05,-0.36266124824209495,-0.9324726643099659,-1.4226479436310377,-0.01638243427435108,-0.3134744219579263,1.5378692693953377,0.09488234024695956,1.0
2007-06,-0.7909461961038428,-0.9337661977299253,-1.1909580919475427,-0.8878845970999162,-0.32973476318700806,1.5354184112983478,0.10087344798770784,1.0
2007-07,-0.7093681107968431,-0.9754484626819178,-0.8946896351830005,-1.3907186512178993,-0.33534023646286537,1.5329675532013576,0.10686455572845613,1.0
2007-08,-0.8623270207474675,-1.0401475519367178,-0.6062547141086236,-1.6626546290246942,-0.3348149364603542,1.5305166951043674,0.1128556634692044,1.0
2007-09,-1.0254831913614668,-1.1052837971999965,-0.26550838889360695,-1.7971954662403824,-0.338088145922534,1.5280658370073774,0.11884677120995267,1.0
2007-10,-1.096864016005091,-1.1184993596101505,0.01808120538992341,-1.8182643374452208,-0.3451160973269885,1.5256149789103872,0.12483787895070096,1.0
2007-11,-1.0866667553417164,-1.0987511171553503,0.7187166781633015,-1.6604491283918068,-0.34556139990000895,1.523164120813397,0.13082898669144924,1.0
2007-12,-1.158047579985341,-0.9312620784403337,1.2288676882409701,-1.5715337589117038,-0.3637706633625277,1.520713262716407,0.1368200944321975,1.0
2008-01,-1.0254831913614668,-1.017818968119053,1.2693500210781565,-1.1732244593474666,-0.3781250871457029,1.5182624046194169,0.1428112021729458,1.0
2008-02,-1.2396256652923405,-1.0701383756832072,1.456925945144403,-0.8175968862380084,-0.37935266407760476,1.5158019063354629,0.14819803746846982,1.0
2008-03,-1.4945571818767143,-1.0128421150994529,1.550443786728082,-0.2935343259718932,-0.3813497956424988,1.5133414080515093,0.1535848727639939,1.0
2008-04,-1.0764694946783415,-1.0441962891229333,1.4117511033423769,0.14547698580658436,-0.3773609838238062,1.5108809097675553,0.15897170805951794,1.0
2008-05,-0.9541023667178419,-1.0602567283267235,1.1842183845139833,0.5288057646145703,-0.38129840077122473,1.5084204114836015,0.164358543355042,1.0
2008-06,-0.760354414113718,-1.099932559291084,1.1921486561254064,0.8543117735294987,-0.3892326606870156,1.5059599131996477,0.16974537865056605,1.0
2008-07,-0.739959892786968,-1.1038378196334913,0.8326525112122526,1.0329035903053143,-0.38689954440493635,1.503499414915694,0.17513221394609008,1.0
2008-08,-0.9744968880445918,-1.1006095906478044,0.5204662628964577,1.1084288571943761,-0.3678757698179225,1.50103891663174,0.18051904924161413,1.0
2008-09,-0.9846941487079668,-1.1034768856982857,0.40483897234925853,1.1924127661781712,-0.3128210946614994,1.4985784183477864,0.1859058845371382,1.0
2008-10,-1.0458777126882166,-1.1037705648629559,-0.03540778476652851,1.2301903925203148,-0.3118042120251042,1.4961179200638324,0.19129271983266222,1.0
2008-11,-0.943905106054467,-1.1193916062325835,-0.30066514653851334,1.0732701933825668,-0.30988799765823966,1.4936574217798784,0.1966795551281863,1.0
2008-12,-0.9744968880445918,-1.1205730483683174,-0.40657107066294157,1.1573113588973003,-0.3293557961156713,1.4911969234959248,0.20206639042371033,1.0
2009-01,-0.9744968880445918,-1.1084783988004157,-0.41380034914412783,1.3516060449229497,-0.34432606101897534,1.4887364252119708,0.20745322571923436,1.0
2009-02,-0.8113407174305927,-1.0944870045730168,-0.4393925676988257,1.6880126330443015,-0.3549032421807453,1.4861764013088175,0.21306393565227585,1.0
2009-03,-0.9133133240643421,-1.08850373195148,-0.5210367031896836,1.3714114132517858,-0.32452766185531684,1.483616377405664,0.21867464558531732,1.0
2009-04,-0.770551674777093,-1.0529528602466078,-0.8639215813686224,1.2830574044896594,-0.3044018923920066,1.4810563535025105,0.22428535551835885,1.0
2009-05,-0.6787763288067183,-1.014321720051226,-1.124990104804953,1.0847014861635924,-0.32208152620986846,1.4784963295993572,0.22989606545140034,1.0
2009-06,0.004440135639403127,-1.042250384428783,-1.2960183268603294,0.3875026778517306,-0.3388885464516421,1.4759363056962038,0.2355067753844418,1.0
2009-07,0.626473036105275,-1.0492942007294963,-1.298546847626107,-0.08265187823741227,-0.24709797935756078,1.4733762817930505,0.24111748531748334,1.0
2009-08,0.626473036105275,-1.0786845354533507,-1.1330864505241864,-0.24175526888230592,-0.19829891923360485,1.470816257889897,0.24672819525052483,1.0
2009-09,0.48371138681802567,-1.0334938133051086,-1.3591546148269864,0.03215981637483285,-0.19162471978249843,1.4682562339867435,0.25233890518356633,1.0
2009-10,0.626473036105275,-1.0201056303172478,-1.3367861692787428,-0.03700470840858104,-0.2348517772320553,1.4656962100835902,0.2579496151166078,1.0
2009-11,1.1159415479472723,-1.0163281540388573,-1.1232468354118963,-0.5007797111564117,-0.26185519446056377,1.4631361861804366,0.26356032504964927,1.0
2009-12,1.0241662019768978,-0.9675796545293067,-1.1951526109270667,-0.43029204962577633,-0.3094360772384161,1.4605761622772833,0.2691710349826908,1.0
2010-01,1.003771680650148,-0.8814935482443333,-1.2803982349381156,-0.46899673473414283,-0.34527741575533055,1.45801613837413,0.27478174491573226,1.0
2010-02,1.3606758038682711,-0.7946340120982058,-1.3023525117397463,-0.32385255877676006,-0.37576475917490454,1.455391046208974,0.27940496318535213,1.0
2010-03,1.4116621071851458,-0.7968197921405978,-1.227382130592736,-0.6445386831728483,-0.36550137611849526,1.4527659540438185,0.28402818145497194,1.0
2010-04,0.5550922114616503,-0.9237586878742968,-1.2034489845067091,-1.0071380188589345,-0.3623220503474031,1.4501408618786626,0.28865139972459175,1.0
2010-05,-0.0669406890042215,-0.9457218541053877,-0.4905872401957086,-1.690885544426347,-0.3710662001116164,1.447515769713507,0.29327461799421156,1.0
2010-06,-1.2600201866190905,-0.9587849723689957,0.6154229932155507,-1.734425822492498,-0.3777703481236791,1.4448906775483512,0.29789783626383143,1.0
2010-07,-2.4225079022438343,-0.7992409638798629,1.3070841567110194,-1.1530395118244567,-0.37513130785226584,1.4422655853831956,0.30252105453345124,1.0
2010-08,-2.3715215989269596,-0.8184758282529113,1.4191676409557124,-0.06310856296380134,-0.37930366957788303,1.4396404932180398,0.30714427280307105,1.0
2010-09,-2.24915447096646,-0.8095757802854284,1.38855015886118,0.5553130749802774,-0.3860725378883419,1.4370154010528842,0.31176749107269086,1.0
2010-10,-2.147181864332711,-0.8258065982412413,1.3289779775526906,0.6498049463616388,-0.3989101511842523,1.4343903088877283,0.3163907093423107,1.0
2010-11,-1.9942229543820864,-0.8353590174829152,1.2711003445209659,0.6715373319173568,-0.39037963448819396,1.4317652167225727,0.32101392761193054,1.0
2010-12,-1.8412640444314625,-0.8162564208252521,0.6660752896466414,0.6177747286190745,-0.34489645211326336,1.429140124557417,0.32563714588155035,1.0
2011-01,-1.749488698461088,-0.8342470719434008,0.3075127901858288,0.7757804011189857,-0.3320488110969429,1.4265150323922613,0.33026036415117016,1.0
2011-02,-1.565938006520339,-0.5936647479587687,0.4036845255349715,0.9382581234823373,-0.33066088037199565,1.4239700546378984,0.33365594810246796,1.0
2011-03,-1.729094177134338,-0.12608796559369204,0.11357418885682558,1.1417186336949154,-0.3381187001847231,1.4214250768835357,0.33705153205376565,1.0
2011-04,-1.6679106131540884,-0.15463985751154133,-0.20676878630203385,1.1740560615754223,-0.34748156254157636,1.4188800991291728,0.3404471160050634,1.0
2011-05,-1.1988366226388407,-0.47561100806479095,-0.6394030541062478,1.1907263917230573,-0.35685907389491234,1.4163351213748099,0.3438426999563612,1.0
2011-06,-0.9846941487079668,-0.45674156127831644,-0.9700775433566223,1.0401105336165195,-0.3106324044733801,1.4137901436204472,0.34723828390765893,1.0
2011-07,-0.7093681107968431,-0.49081058620573137,-1.0622110037132009,0.731894550387107,-0.2359854704728695,1.4112451658660843,0.35063386785895667,1.0
2011-08,-0.770551674777093,-0.34258107194629317,-1.1666654310438238,0.9027686894295094,-0.17508777499042716,1.4087001881117214,0.35402945181025436,1.0
2011-09,-1.0458777126882166,0.3155741125105425,-1.3168199804754983,0.8038886517328677,-0.15405468751372586,1.4061552103573587,0.35742503576155216,1.0
2011-10,-1.2702174472824654,0.32559507332027743,-1.3125017278395745,0.6852240193471858,-0.16961187691163615,1.4036102326029958,0.3608206197128499,1.0
2011-11,-1.1070612766684662,0.6070428370557123,-1.1877798050144222,0.11527906226169046,-0.1954637887964096,1.4010652548486329,0.3642162036641476,1.0
2011-12,-1.147850319321966,0.3363558366058994,-1.00812490739384,-0.4616828815649212,-0.27722255260543127,1.3985202770942702,0.3676117876154454,1.0
2012-01,-1.0356804520248417,0.1704652196039341,-1.240351208966372,-0.16384572488864207,-0.3095058001803278,1.3959752993399073,0.3710073715667431,1.0
2012-02,-0.6379872861532186,-0.3435411917739327,-1.1966165171899101,-0.06163503584140713,-0.32413682752649253,1.3935342762942187,0.3738252555255135,1.0
2012-03,-0.536014679519469,-0.14397773455603838,-1.2628898602076781,-0.008159959015672633,-0.34527806632332136,1.3910932532485296,0.3766431394842838,1.0
2012-04,-0.33206946625197015,-0.14122701444115088,-1.1042667109516884,-0.2570714285916676,-0.343137764933691,1.3886522302028408,0.37946102344305416,1.0
2012-05,-0.27088590227172044,0.07291890041977349,-0.8559942829734046,-1.0792818428888915,-0.3580008655855432,1.3862112071571522,0.3822789074018245,1.0
2012-06,-0.23009685961822068,0.0825520253860898,-0.33646781533487463,-1.458056279875114,-0.3743633908559402,1.3837701841114631,0.3850967913605948,1.0
2012-07,0.4021333015110261,0.4130262750159534,0.046016553322610315,-1.535697153468657,-0.37981521791907125,1.3813291610657743,0.3879146753193652,1.0
2012-08,0.03503191762952797,-0.04497871232831868,0.33877490554031586,-1.535782703382026,-0.3840757652575118,1.3788881380200855,0.39073255927813555,1.0
2012-09,-0.24029412028159558,0.07518538618680756,0.501024102064433,-1.509837894807055,-0.38660739451030435,1.3764471149743964,0.39355044323690586,1.0
2012-10,-0.13832151364784612,0.035121719379027666,0.6132416470672072,-1.5074614017551347,-0.39511917933490315,1.3740060919287078,0.39636832719567616,1.0
2012-11,0.024834656966153026,-0.05129841893293709,0.8773497422230955,-1.5090337679995731,-0.3955549252884724,1.371565068883019,0.3991862111544465,1.0
2012-12,0.024834656966153026,-0.32865933444552003,1.417681856757287,-1.1926353186448853,-0.4093177135674527,1.36912404583733,0.4020040951132169,1.0
2013-01,-0.005757125023971815,0.047765616239633185,1.2985177048877043,-0.8854081843165206,-0.4129409061753097,1.3666830227916413,0.40482197907198725,1.0
2013-02,-0.026151646350721713,-0.39582283064921503,1.299771414014274,-0.6376513124942476,-0.433681641856968,1.3642735362191245,0.4077940006972697,1.0
2013-03,-0.0669406890042215,-0.22078268250716254,1.5291140518420792,-0.40273320486699604,-0.43190159810059386,1.3618640496466081,0.4107660223225521,1.0
2013-04,-0.30147768426184524,0.10652835108186541,1.4314644102454837,0.0048499839863952975,-0.41558719242813785,1.3594545630740915,0.4137380439478345,1.0
2013-05,-0.6379872861532186,0.281475943849229,1.4342973112199018,0.2409055331905571,-0.4183615284082608,1.3570450765015751,0.41671006557311696,1.0
2013-06,-1.1070612766684662,-0.1474817081009187,1.4357391648371256,0.6505495889628679,-0.41899073982226975,1.3546355899290583,0.41968208719839944,1.0
2013-07,-0.7501571534503431,-0.03065344620433512,1.1308790887483298,0.8196820028806638,-0.4205041180025485,1.352226103356542,0.4226541088236818,1.0
2013-08,-0.40345029089559475,-0.050560858282734884,1.105562707650995,0.80411123444805,-0.4238964487071836,1.3498166167840253,0.42562613044896425,1.0
2013-09,-0.2810831629350954,-0.35583250356739915,1.108635396673519,0.826247293342628,-0.43058538688828873,1.3474071302115087,0.4285981520742467,1.0
2013-10,-0.07713794966759646,0.22478017228810987,0.9091022766614695,0.8782436302177468,-0.4398145687397199,1.344997643638992,0.43157017369952916,1.0
2013-11,-0.1077297316577213,0.5079406908465057,0.5664081262619592,1.1171971436250567,-0.44029316244716665,1.3425881570664757,0.4345421953248116,1.0
2013-12,-0.29128042359847034,0.4660902889681756,0.14764530875117848,1.2427508408076546,-0.4395630232610661,1.3401786704939591,0.43751421695009396,1.0
2014-01,-0.4544365942124695,0.7149329399481767,0.13377577089011544,1.3954161509087182,-0.4482173273424105,1.3377691839214425,0.44048623857537644,1.0
2014-02,-0.3728585089054699,0.946553565759002,0.02344350481719825,1.3702620160657708,-0.4602962213273826,1.3353567744317636,0.4432350289952229,1.0
2014-03,0.004440135639403127,0.5758500744815169,-0.19397357422214379,1.287742953266229,-0.41351057940146996,1.3329443649420845,0.44598381941506926,1.0
2014-04,-0.1077297316577213,0.5100255887330948,-0.7830608496178403,1.2163819871911599,-0.3664536954901472,1.3305319554524053,0.4487326098349158,1.0
2014-05,-0.11792699232109626,0.2570624621449745,-1.0866353956639068,0.5598812110835477,-0.3525061907685347,1.3281195459627264,0.45148140025476224,1.0
2014-06,0.05542643895627787,0.10923871833443127,-1.2728343033613998,-0.004574466655448507,-0.35922833035055013,1.3257071364730473,0.4542301906746086,1.0
2014-07,0.48371138681802567,0.44039896662375355,-1.3780533755818312,-0.29557743576813006,-0.3556809625636911,1.3232947269833681,0.45697898109445517,1.0
2014-08,0.28996343421390164,0.15826520422886037,-1.380227096801291,-0.3107644778372627,-0.35008450750618914,1.3208823174936892,0.45972777151430155,1.0
2014-09,-0.036348907014096654,0.595158919102154,-1.4346211838851204,-0.43094931437830114,-0.34808762270846405,1.31846990800401,0.462476561934148,1.0
2014-10,0.17779356691677725,0.694218470623355,-1.2866726282000398,-0.6980412245938824,-0.36080506039310645,1.3160574985143312,0.4652253523539944,1.0
2014-11,0.43272508350115096,0.6365788904490597,-0.8528746171341152,-1.3167187740934785,-0.3633963624340216,1.313645089024652,0.46797414277384086,1.0
2014-12,0.412330562174401,0.6922008275073009,-0.37734502903025247,-1.6857302257981066,-0.3696486573263978,1.311232679534973,0.47072293319368735,1.0
2015-01,0.28996343421390164,0.34351174419083785,-0.27072605596794547,-1.6424930614408344,-0.37316838719033685,1.308820270045294,0.4734717236135338,1.0
2015-02,0.11661000293652755,0.10812677279491686,0.06847799127920141,-1.7162969622758266,-0.39239426408870287,1.306426090967351,0.47595353900368953,1.0
2015-03,0.20838534890690205,0.08959808351248731,0.3224924800787372,-1.5560424876603434,-0.4093597088529285,1.3040319118894084,0.4784353543938453,1.0
2015-04,0.37154151952090125,0.19131419846982609,0.6659205072796678,-1.4969314290510627,-0.3905085142505115,1.3016377328114657,0.48091716978400106,1.0
2015-05,1.0241662019768978,0.03774465542989764,1.0574608717353726,-1.1332208990264867,-0.34510212133187557,1.2992435537335227,0.48339898517415686,1.0
2015-06,1.9929059649975178,0.2091748236982739,1.288351186143517,-0.4194530348001657,-0.2959851129274451,1.29684937465558,0.48588080056431265,1.0
2015-07,1.8807360977003935,-0.21284661958401666,1.447098595541096,0.31896208348780153,-0.25763547587189134,1.2944551955776373,0.4883626159544684,1.0
2015-08,2.0438922683143925,-0.24136264229091423,1.3529608587894937,0.6610820188405415,-0.23609247769066838,1.2920610164996946,0.4908444313446242,1.0
2015-09,2.3396128275522665,-0.36896736025291127,1.4708612612518717,0.8093694442653495,-0.20806479724407587,1.2896668374217517,0.4933262467347799,1.0
2015-10,2.247837481581892,-0.36316103173004455,1.1057221313219638,0.7707508858267841,-0.23148533464677865,1.287272658343809,0.4958080621249357,1.0
2015-11,2.0336950076510174,-0.28355604349897356,0.748410446737938,1.1195141691390502,-0.23239550169930187,1.2848784792658663,0.49828987751509146,1.0
2015-12,2.0234977469876427,-0.24136264229091423,0.34936692168882644,0.9776216197477539,-0.24605096869317739,1.2824843001879234,0.5007716929052473,1.0
2016-01,2.0336950076510174,-0.4298105093303639,0.3501515125177473,0.8929182629425529,-0.27407878374004385,1.2800901211099807,0.503253508295403,1.0
2016-02,1.9011306190271433,-0.41162389172565594,0.5140748872044655,0.7872097685575753,-0.2991455722268037,1.2776828857467677,0.5057782489470478,1.0
2016-03,1.401464846521771,-0.6292209039670404,0.587071237667156,0.3285691922512298,-0.3387881122138884,1.275275650383555,0.5083029895986927,1.0
2016-04,1.4116621071851458,-0.5558437074875232,0.8854882316938918,-0.29616836056118095,-0.34269867640665175,1.272868415020342,0.5108277302503376,1.0
2016-05,1.3198867612147713,-0.5312979580678832,1.0095754140974118,-0.3711598881553623,-0.34568065574273826,1.270461179657129,0.5133524709019824,1.0
2016-06,0.42252782283777596,-0.7560634011963058,0.9681728930020698,-0.2031909965571493,-0.3556802222621843,1.2680539442939163,0.5158772115536272,1.0
2016-07,-0.48502837620259437,-0.6669508302372512,0.9861569879070242,0.21899436231721375,-0.3667900840081543,1.2656467089307033,0.5184019522052721,1.0
2016-08,-0.21989959895484573,-0.7025286038503381,1.1179802104512548,0.6685105564761318,-0.37300756229633264,1.2632394735674903,0.5209266928569171,1.0
2016-09,-0.24029412028159558,-0.6689146695368774,1.0840094161998812,0.8134227303105394,-0.3645366286548809,1.2608322382042776,0.5234514335085618,1.0
2016-10,-0.4952256368659693,-0.7340710912313163,1.111882591792831,0.8522808483074045,-0.3678516539355045,1.2584250028410646,0.5259761741602067,1.0
2016-11,-0.4340420728857196,-0.915280103135501,1.1665999591096237,0.9792452146814592,-0.38204321138718705,1.2560177674778517,0.5285009148118516,1.0
2016-12,-0.3218722055885952,-1.0003327277799177,1.1087594017013145,1.0931593161155189,-0.39780501563489684,1.253610532114639,0.5310256554634963,1.0
2017-01,-0.38305576956884485,-0.956818891243685,0.9709897952979342,1.1641061815118328,-0.41092517733923006,1.251203296751426,0.5335503961151412,1.0
2017-02,-0.3728585089054699,-0.9536074759506322,0.9799501027547671,1.2238559327966068,-0.4173336309827798,1.2487427767115173,0.536103763890966,1.0
2017-03,-0.536014679519469,-0.977600615339042,0.618111635479696,1.3486831628602498,-0.4276337823473594,1.2462822566716087,0.5386571316667907,1.0
2017-04,-0.13832151364784612,-0.8158999705414158,-0.04038453632663638,1.458807254805966,-0.4168954173575213,1.2438217366317004,0.5412104994426156,1.0
2017-05,0.2491743915604019,-0.9498243951080311,-0.8194212292612072,1.0968311392496533,-0.4166449262476801,1.2413612165917918,0.5437638672184403,1.0
2017-06,-0.18930781696472085,-0.9109018175736635,-1.2439962499882298,0.5529361702432141,-0.4413195119694971,1.2389006965518832,0.546317234994265,1.0
2017-07,-0.5870009828363438,-0.8464538127955277,-1.4315293150939057,0.20209059885724023,-0.43181395088886637,1.2364401765119746,0.5488706027700898,1.0
2017-08,-0.6889735894700932,-0.8531120350785063,-1.4436776789435797,0.11203476008634838,-0.4408125400376236,1.233979656472066,0.5514239705459145,1.0
2017-09,-0.6991708501334682,-0.549658510423975,-1.4876201422493103,0.10223508253182803,-0.3848659137324199,1.2315191364321576,0.5539773383217392,1.0
2017-10,-0.546211940182844,-0.934961090819766,-1.5165486425826558,-0.10352584027324165,-0.38525843056466874,1.229058616392249,0.5565307060975639,1.0
2017-11,-0.5768037221729688,-1.0453082346624474,-1.3272938056074908,-0.3972280462519566,-0.39409002564019857,1.2265980963523404,0.5590840738733888,1.0
2017-12,-0.6991708501334682,-1.0721608227114423,-1.0187247215979904,-0.8112195916650473,-0.40585453825195617,1.2241375763124318,0.5616374416492135,1.0
2018-01,-0.7501571534503431,-1.106191736602221,-1.146742115875123,-0.7623994139825058,-0.415614224649825,1.2216770562725234,0.5641908094250383,1.0
2018-02,-0.6685790681433433,-1.0516721372591316,-1.3111199432166845,-0.3290958056149531,-0.42888341129081187,1.2191572920357983,0.5666660563823718,1.0
2018-03,-0.760354414113718,-1.1090164369646964,-1.3701211522811942,-0.4343870120889441,-0.43880787085738776,1.2166375277990729,0.5691413033397053,1.0
2018-04,-1.2906119686092155,-1.048088098511233,-1.1411869437782947,-0.9927520510160108,-0.41724822710895165,1.2141177635623477,0.5716165502970387,1.0
2018-05,-0.9031160634009672,-1.007865262079853,-0.7751690876763794,-1.5031017434789495,-0.4087532224518399,1.2115979993256225,0.5740917972543722,1.0
2018-06,-0.4748311155392194,-0.9597579247160705,-0.08227424432981957,-1.8821417377527834,-0.40545959861477604,1.2090782350888971,0.5765670442117057,1.0
2018-07,0.004440135639403127,-1.0184242610538694,0.43140666101129815,-1.8184326971168527,-0.38367259257024106,1.206558470852172,0.5790422911690392,1.0
2018-08,0.5245004294715254,-1.041627156888491,0.8794850347343871,-1.6818909325852618,-0.34595198746166433,1.2040387066154468,0.5815175381263726,1.0
2018-09,0.6876566000855246,-1.0797090497911692,1.2632878577684727,-1.2429980727946708,-0.28416967654537234,1.2015189423787216,0.5839927850837061,1.0
2018-10,0.5856839934517751,-1.0765323827962263,1.4279933182928348,-0.8312719478849522,-0.27459039938136903,1.1989991781419964,0.5864680320410396,1.0
2018-11,0.39193604084765116,-1.1118859738408622,1.7524208547064783,-0.3760415041570827,-0.27092595178954304,1.1964794139052712,0.5889432789983731,1.0
2018-12,0.23897713089702693,-1.1043758577977723,1.723740721021626,0.13696150605047339,-0.28715542468912975,1.1939596496685458,0.5914185259557065,1.0
2019-01,0.14720178492665237,-1.0744474849096368,1.3349291862645665,0.3821897839795212,-0.30874086682340834,1.1914398854318207,0.59389377291304,1.0
2019-02,0.5652894721250252,-1.0828711449191626,1.0234394948317356,0.47251442093107937,-0.3245656639993318,1.1888701215758897,0.5962523217711843,1.0
2019-03,0.8304182493727739,-1.0412908830358154,1.2020799733339627,0.7843951103066881,-0.3407044611810269,1.186300357719959,0.5986108706293286,1.0
2019-04,0.3613442588575263,-0.9979810526368726,1.0229123170069492,0.9025835240622644,-0.3521489840748216,1.183730593864028,0.6009694194874728,1.0
2019-05,0.28996343421390164,-0.9991221419102853,0.5631758993502165,1.3476724855156146,-0.35870083187689755,1.1811608300080971,0.6033279683456171,1.0
2019-06,0.412330562174401,-1.0530223568428272,-0.025329169510798367,1.3584200142496632,-0.3371740530286869,1.1785910661521661,0.6056865172037614,1.0
2019-07,0.3613442588575263,-1.0723625870230478,-0.16372127480703846,1.3253871152684122,-0.20193716463876646,1.1760213022962354,0.6080450660619057,1.0
2019-08,0.3817387801842762,-1.086284324523821,-0.2441092492526653,1.272992310242569,-0.02810180815349662,1.1734515384403044,0.6104036149200499,1.0
2019-09,0.21858260957027703,-1.0833228727945903,-0.09405175293787271,1.1140802761516726,0.05986314995406963,1.1708817745843736,0.6127621637781941,1.0
2019-10,0.37154151952090125,-1.1207187670378103,-0.4706794112406686,0.9051171920351838,0.02583018855119811,1.1683120107284426,0.6151207126363385,1.0
2019-11,0.5346976901349004,-1.0862417298358154,-0.657255940419975,0.7492255016633047,-0.0027231059652114984,1.1657422468725118,0.6174792614944827,1.0
2019-12,0.42252782283777596,-1.085342757736329,-0.8641865828352254,0.6816507570125738,-0.013986636357286843,1.1631724830165808,0.619837810352627,1.0
2020-01,0.3103579555406516,-1.0603239830972586,-0.8917870964098101,0.44949608309121863,0.04742523217168593,1.1606027191606498,0.6221963592107713,1.0
2020-02,0.32055521620402655,-1.0736868102635844,-0.8768943485601473,0.3281529123718084,0.081528499784323,1.1579928510891309,0.6244568678782056,1.0
2020-03,0.1879908275801522,-1.0696051414311074,-0.8002658461027132,0.17649633637986267,0.057375512557483306,1.1553829830176117,0.62671737654564,1.0
2020-04,-0.09753247099434634,-1.0576091321933236,-0.48439408528206684,-0.05096468355057948,0.001149613117189895,1.1527731149460927,0.6289778852130744,1.0
2020-05,-0.17911055630134595,-1.0441828381688258,0.34081717639273645,-0.7465224676456574,-0.05527980193733231,1.1501632468745737,0.6312383938805087,1.0
2020-06,-0.6379872861532186,-1.0236947932381395,0.6421082923182038,-0.5055350173228943,-0.10217058911058739,1.1475533788030545,0.633498902547943,1.0
2020-07,-0.9031160634009672,-1.021786999580626,0.6663520948324924,0.019361124873896633,-0.14250064486368502,1.1449435107315356,0.6357594112153775,1.0
2020-08,-0.9235105847277171,-0.9878905952309177,0.5865867733655984,0.5879144463648766,-0.16360991609544817,1.1423336426600164,0.6380199198828119,1.0
2020-09,-1.117258537331841,-1.0282815685886355,0.6048489831675169,0.9782810677432209,-0.19121409921340188,1.1397237745884974,0.6402804285502461,1.0
2020-10,-1.1376530586585911,-0.971614940761415,0.48303070338544485,1.3000651667800585,-0.216407232490653,1.1371139065169782,0.6425409372176806,1.0
2020-11,-1.096864016005091,-0.6852463696484927,0.13623881747123054,1.3818202533453714,-0.23334663210186718,1.1345040384454592,0.644801445885115,1.0
2020-12,-1.1070612766684662,-0.7629233877908895,-0.15771412793598358,1.2547029671778995,-0.2644664397754042,1.13189417037394,0.6470619545525493,1.0
2021-01,-1.1682448406487158,-0.9831827612934582,-0.18611893706963692,1.0205003437527902,-0.27709831655256545,1.129284302302421,0.6493224632199837,1.0
2021-02,-0.9235105847277171,-1.018388231712511,-0.20430036653936395,1.0897410853554292,-0.30956179389429556,1.1266236336483682,0.651598398618507,1.0
2021-03,-0.7501571534503431,-0.9679159283819824,-0.38255909277096195,1.1590930274614673,-0.32512847261152006,1.123962964994315,0.6538743340170303,1.0
2021-04,-0.9133133240643421,-0.947526523781414,-0.8061339113073694,1.129504889121888,-0.3225079174443974,1.1213022963402621,0.6561502694155538,1.0
2021-05,-1.0356804520248417,-0.9114577903434208,-1.0609570442113352,0.7988550720335515,-0.25089177781266314,1.1186416276862092,0.6584262048140771,1.0
2021-06,-1.0152859306980917,-0.8074908823988394,-1.1344919512515033,0.2585108480622796,-0.19076408563079278,1.115980959032156,0.6607021402126004,1.0
2021-07,-1.4129790965697147,-0.7744912083229327,-1.0321983901477065,-0.34041251091098224,-0.17200978079224857,1.1133202903781032,0.6629780756111238,1.0
2021-08,-1.2600201866190905,-0.8571473213106142,-0.9828333581008023,-0.34008769612555023,-0.17759932636902054,1.11065962172405,0.6652540110096472,1.0
2021-09,-1.3517955325894648,-0.6782967100265286,-1.1548542461482638,-0.5170618560714596,-0.19438146799349046,1.1079989530699972,0.6675299464081705,1.0
2021-10,-1.4333736178964644,-0.6728019952738082,-1.1094524684162024,-0.6568023806892992,-0.2015293258086651,1.105338284415944,0.6698058818066939,1.0
2021-11,-1.36199279325284,-0.7609976595279002,-0.6638382820956434,-1.1757172674155711,-0.22471377433084055,1.1026776157618912,0.6720818172052172,1.0
2021-12,-1.1682448406487158,-0.43801559133565005,-0.2228360247138737,-1.3998497776724035,-0.25203161779932154,1.100016947107838,0.6743577526037406,1.0
2022-01,-0.9744968880445918,-0.42153817255454207,-0.19925595305849994,-1.3474827325540129,-0.2686865172981405,1.0973562784537851,0.676633688002264,1.0
2022-02,-0.943905106054467,-0.29701356295264836,0.07548459171130133,-1.389624446246976,-0.13337681016000724,1.0946221535820317,0.6788670132587,1.0
2022-03,-1.2804147079458403,-0.04175048334263245,0.0484659042703631,-1.4304173940844458,0.05581509158145525,1.0918880287102781,0.6811003385151361,1.0
2022-04,-1.5863325278470888,0.22863387063977317,0.33571412364398096,-1.4635682216496833,0.07498199112644743,1.0891539038385245,0.6833336637715721,1.0
2022-05,-1.6067270491738386,0.3384407344924885,0.79569241499681,-1.285136520843084,0.050316087122300956,1.086419778966771,0.6855669890280083,1.0
2022-06,-1.882053087084962,-0.020233440422758132,1.1636244562800593,-0.6650280875192072,0.04846389761908377,1.0836856540950175,0.6878003142844443,1.0
2022-07,-2.1573791249960856,0.18294770501525515,1.3044730557836883,-0.13379876385144654,0.07026084165051286,1.0809515292232639,0.6900336395408804,1.0
2022-08,-1.729094177134338,0.003982760621259834,1.2957526712231577,0.3688338380146967,0.06380281023938755,1.0782174043515105,0.6922669647973165,1.0
2022-09,-1.7086996558075882,0.32870896919605436,1.3300763239686704,0.7810967843851656,0.048401218758176004,1.0754832794797569,0.6945002900537526,1.0
2022-10,-1.7086996558075882,0.24946267307450404,1.3727718258717585,0.838295127025618,0.023960186945060108,1.0727491546080032,0.6967336153101886,1.0
2022-11,-1.5047544425400892,-0.0007743934812588643,1.248446138000236,0.8565279274603358,0.009739802601370936,1.0700150297362498,0.6989669405666248,1.0
2022-12,-1.2498229259557156,0.48028104555108875,0.9344979846235166,0.9019818538150428,-0.0988361365237554,1.0672809048644962,0.7012002658230607,1.0
2023-01,-1.0764694946783415,1.1653381382219787,0.7023352053704811,0.966491573625832,-0.0988361365237554,1.0645467799927428,0.7034335910794969,1.0
2023-02,-0.8725242814108424,1.1052291870562014,0.48041720952256245,0.9916335266386507,-0.0988361365237554,1.061740793708568,0.7055337590247781,1.0
2023-03,-0.7195653714602182,0.7353111354203227,0.38569529686827636,1.3558615527270481,-0.0988361365237554,1.0589348074243936,0.7076339269700592,1.0
2023-04,-0.3218722055885952,0.5409515740508349,0.12394957656650203,1.5590412853381725,-0.0988361365237554,1.0561288211402189,0.7097340949153405,1.0
2023-05,0.004440135639403127,0.8149407837339235,-0.4771943090251683,1.228605709150002,-0.0988361365237554,1.0533228348560442,0.7118342628606218,1.0
2023-06,0.4939086474814006,0.959877056062824,-1.0358580790215497,0.9213479687245824,-0.0988361365237554,1.0505168485718697,0.7139344308059029,1.0
2023-07,0.5652894721250252,1.2946018071905088,-1.302934116981375,0.5037995121113105,-0.0988361365237554,1.047710862287695,0.7160345987511841,1.0
2023-08,0.5754867327884002,0.767324406195047,-1.3756955015168661,0.33611579417778803,-0.0988361365237554,1.0449048760035202,0.7181347666964654,1.0
2023-09,0.7590374247291493,0.7354030502733873,-1.4144879624599942,0.06944682862152875,-0.0988361365237554,1.0420988897193457,0.7202349346417465,1.0
2023-10,0.5448949507982753,0.4408697500174996,-1.2872215904160291,-0.20579777466300844,-0.0988361365237554,1.039292903435171,0.7223351025870277,1.0
2023-11,0.9833771593233981,0.6679913519403362,-0.905246129692802,-0.800072042377905,-0.0988361365237554,1.0364869171509963,0.724435270532309,1.0
2023-12,1.2077168939176468,0.5382546577523761,-0.4271874756356672,-1.3730182670750992,-0.0988361365237554,1.0336809308668218,0.7265354384775902,1.0
2024-01,0.7794319460558992,0.7895857352421768,-0.20869729344300827,-1.5759761012057052,-0.0988361365237554,1.030874944582647,0.7286356064228714,1.0
2024-02,0.7692346853925242,1.0081915690415886,-0.11363192100858463,-1.5469411601063472,-0.0988361365237554,1.0280100794116265,0.7305808826057937,1.0
