time,enso,solar,qboA,qboB,aod,linear_pre,linear_post,pre_const,post_const,gap_cons,gap_linear
1979-01,0.5453528764300254,1.581821263707028,-1.071557188077879,-0.9485229213023914,-0.41078776293418534,-1.800173857094944,0.0,1.0,0.0,0.0,-0.0
1979-02,0.3421439844736547,1.6362715479665744,-0.8350981753660973,-0.8871044242320504,-0.4113552699951194,-1.7916863453732794,0.0,1.0,0.0,0.0,-0.0
1979-03,0.027170201941280087,1.3216581889676196,-1.1712386555250331,-0.6217230396532413,-0.4124821111578192,-1.7840202057537116,0.0,1.0,0.0,0.0,-0.0
1979-04,0.3319835398758362,1.1338066255357144,-1.2326092099249186,-0.554724979216608,-0.4153663618465876,-1.7755326940320473,0.0,1.0,0.0,0.0,-0.0
1979-05,0.42342754125620297,1.0069393804745008,-1.2295801725933464,-0.04354432569222104,-0.4193556144792947,-1.7673189730110817,0.0,1.0,0.0,0.0,-0.0
1979-06,-0.07443424403690528,1.36325609715203,-0.8125332929324212,0.6821975128175504,-0.4184323827201361,-1.7588314612894174,0.0,1.0,0.0,0.0,-0.0
1979-07,-0.06427379943908673,1.0598846128627888,-0.7319248537260048,1.2026483482121137,-0.4152258807369497,-1.7506177402684517,0.0,1.0,0.0,0.0,-0.0
1979-08,0.575834210223481,1.1753038773847853,-0.6205558213669659,1.363997538612181,-0.4068600084696459,-1.7421302285467875,0.0,1.0,0.0,0.0,-0.0
1979-09,0.4945506534409327,1.7021257157041418,-0.6126226255452416,1.3345850236130243,-0.3974946681519255,-1.733642716825123,0.0,1.0,0.0,0.0,-0.0
1979-10,0.35230442907147325,1.996391156856386,0.04780895924128665,1.5949373332478252,-0.385419991869931,-1.7254289958041575,0.0,1.0,0.0,0.0,-0.0
1979-11,0.6571177670060292,2.212128998792086,0.7057389606302201,1.882028424915233,-0.37625165113085074,-1.716941484082493,0.0,1.0,0.0,0.0,-0.0
1979-12,0.7587222129842147,1.5963157759958368,1.152885481994498,1.192237773766552,-0.3663810611570081,-1.7087277630615276,0.0,1.0,0.0,0.0,-0.0
1980-01,0.4945506534409327,1.6453689634176851,1.0705339046107762,0.281419124067917,-0.34125006027324806,-1.7002402513398631,0.0,1.0,0.0,0.0,-0.0
1980-02,0.37262531826711026,1.5520478138953897,1.1836786442672984,0.3659781121922996,-0.34152677969951284,-1.6917527396181988,0.0,1.0,0.0,0.0,-0.0
1980-03,0.596155099419118,0.956946733922822,1.2839921875518663,0.23100436124561477,-0.34476309288622276,-1.683812809297932,0.0,1.0,0.0,0.0,-0.0
1980-04,0.9314497711471297,1.8490593604170389,1.3578103025501964,0.09736538314573073,-0.3493189593602827,-1.6753252975762678,0.0,1.0,0.0,0.0,-0.0
1980-05,0.7892035467776701,2.260714693456471,1.1500594260720083,-0.22781897198914552,-0.356308201608996,-1.6671115765553022,0.0,1.0,0.0,0.0,-0.0
1980-06,0.6266364332125737,1.6406202211971388,0.9072065216931595,-0.8677992257270564,-0.3162889944148169,-1.658624064833638,0.0,1.0,0.0,0.0,-0.0
1980-07,0.596155099419118,1.4643217682546934,0.5316248880074295,-0.8676045567676708,-0.2701156829498843,-1.6504103438126723,0.0,1.0,0.0,0.0,-0.0
1980-08,0.1998977601041952,1.0376060106411011,0.22605990469279835,-1.1297563766335281,-0.2386555067574499,-1.641922832091008,0.0,1.0,0.0,0.0,-0.0
1980-09,0.2608604276911064,1.360967843128658,0.2651680319432785,-1.304151298461187,-0.22709635215676185,-1.6334353203693435,0.0,1.0,0.0,0.0,-0.0
1980-10,0.12877464791946544,1.7149560432486803,0.283667642655358,-1.2438342286452064,-0.2166348304384674,-1.625221599348378,0.0,1.0,0.0,0.0,-0.0
1980-11,-0.023632021047812583,1.9339327823748411,0.24747471478562622,-1.074535711100619,-0.22554951914696805,-1.6167340876267136,0.0,1.0,0.0,0.0,-0.0
1980-12,-0.023632021047812583,2.0449075104897605,0.30891858816560913,-0.7785037979156739,-0.22291036791128896,-1.6085203666057482,0.0,1.0,0.0,0.0,-0.0
1981-01,-0.21668046840636476,1.0097577578639914,-0.10933065192328462,-0.876667448171695,-0.2075322083300761,-1.6000328548840836,0.0,1.0,0.0,0.0,-0.0
1981-02,-0.12523646702599794,1.6452611173441083,-0.26946610546315775,-1.3513394290042546,-0.20788159116927393,-1.5915453431624196,0.0,1.0,0.0,0.0,-0.0
1981-03,0.23037909389765077,1.7215322571574916,-0.32775669430572885,-1.2618655195994695,-0.21477983667314948,-1.5838792035428517,0.0,1.0,0.0,0.0,-0.0
1981-04,0.22021864929983223,2.168582831317003,-0.7619436424950896,-1.170841162921584,-0.22334871542077722,-1.5753916918211872,0.0,1.0,0.0,0.0,-0.0
1981-05,-0.3182849143845501,1.6326191609414185,-1.066281106518025,-0.7019519711331349,-0.2287169651039652,-1.5671779708002218,0.0,1.0,0.0,0.0,-0.0
1981-06,-0.5722960293300134,0.8616430788164512,-1.0179516268807989,0.23682141871383056,-0.20887047456765284,-1.5586904590785573,0.0,1.0,0.0,0.0,-0.0
1981-07,-0.450370694156191,1.617654919087695,-0.39903133916595335,0.9304895288816453,-0.18136538535894353,-1.550476738057592,0.0,1.0,0.0,0.0,-0.0
1981-08,-0.18619913461290913,2.19555649238039,-0.4861838572033522,0.9071324197736423,-0.16230318627592957,-1.5419892263359274,0.0,1.0,0.0,0.0,-0.0
1981-09,0.09829331412600983,2.1112377986706776,-0.32164952483582016,1.1849831767640178,-0.17491638464344725,-1.533501714614263,0.0,1.0,0.0,0.0,-0.0
1981-10,0.017009757343461548,2.1299285617393937,-0.25560396656785694,1.292456915799014,-0.18481562463535786,-1.5252879935932975,0.0,1.0,0.0,0.0,-0.0
1981-11,-0.09475513323254234,1.7243148456277506,-0.07863419347323844,1.681891358802024,-0.19322269665584593,-1.5168004818716332,0.0,1.0,0.0,0.0,-0.0
1981-12,-0.1150760224281794,1.6830144328344527,0.017293160294297682,1.5068288228004874,-0.24636649275828598,-1.5085867608506676,0.0,1.0,0.0,0.0,-0.0
1982-01,-0.3792475819714613,1.1003484596690474,-0.43705076270024096,1.3565237911829116,-0.2929958598109047,-1.5000992491290033,0.0,1.0,0.0,0.0,-0.0
1982-02,-0.5519751401343764,1.8401341791397294,-0.7259642413008762,1.2267328152154797,-0.2996913444698412,-1.491611737407339,0.0,1.0,0.0,0.0,-0.0
1982-03,-0.24716180219982034,1.8278924514989825,-0.3492718751014993,1.3425272836153181,-0.28230741565799894,-1.4839455977877711,0.0,1.0,0.0,0.0,-0.0
1982-04,0.1998977601041952,0.8839015497710717,-0.37663824959971104,1.6910901691900158,0.41909692270257237,-1.4754580860661068,0.0,1.0,0.0,0.0,-0.0
1982-05,0.7384013237885776,0.5711645526804031,0.22763663639374673,1.6362913698291335,0.5521964657211279,-1.4672443650451412,0.0,1.0,0.0,0.0,-0.0
1982-06,1.510595113222786,1.1841482140499013,1.1619676015320048,2.0229601364218603,0.7043223897174901,-1.458756853323477,0.0,1.0,0.0,0.0,-0.0
1982-07,1.9678151201246203,0.9229919968018155,1.2311407718127758,1.0508037690431569,0.75723064381636,-1.4505431323025113,0.0,1.0,0.0,0.0,-0.0
1982-08,2.0287777877115314,1.0738422913631236,1.560802716091009,0.43193443375089347,0.8331631510947025,-1.442055620580847,0.0,1.0,0.0,0.0,-0.0
1982-09,1.835729340352979,0.9693990410079761,1.8063883368290936,0.22748575633524126,0.9028587526471116,-1.4335681088591827,0.0,1.0,0.0,0.0,-0.0
1982-10,1.9678151201246203,0.8404538018238759,1.3988038631193882,-0.5128015843936151,1.0159467828117228,-1.425354387838217,0.0,1.0,0.0,0.0,-0.0
1982-11,2.3539120148417245,0.8990872355625411,1.3158296660430118,-0.6054022369693436,1.3087000364913663,-1.4168668761165528,0.0,1.0,0.0,0.0,-0.0
1982-12,2.5571209067980956,1.512234183876033,1.3468125543537723,-0.8323381319575517,2.1516117044666463,-1.4086531550955872,0.0,1.0,0.0,0.0,-0.0
1983-01,2.6993671311675547,0.3597191442450475,1.01093220365571,-0.9776594723970001,2.3387587138379713,-1.400165643373923,0.0,1.0,0.0,0.0,-0.0
1983-02,2.841613355537014,-0.018106393346768227,0.7160635449098116,-1.1154866431981147,2.3036301741473864,-1.3916781316522584,0.0,1.0,0.0,0.0,-0.0
1983-03,2.821292466341377,-0.06518479933244314,0.4114673857805229,-1.2986653847387724,2.2984260982232283,-1.3840119920326905,0.0,1.0,0.0,0.0,-0.0
1983-04,2.851773800134833,-0.012053911925641134,0.29729302614172537,-1.2610265120496644,2.315575735538914,-1.3755244803110263,0.0,1.0,0.0,0.0,-0.0
1983-05,2.7095275757653736,0.40971179079672637,-0.5304937923904278,-1.1981742831207856,2.1631092269162293,-1.3673107592900606,0.0,1.0,0.0,0.0,-0.0
1983-06,1.6731622267878827,0.4697969125717238,-1.106349892141192,-0.6902205749983288,2.0345102600796556,-1.3588232475683963,0.0,1.0,0.0,0.0,-0.0
1983-07,0.9619311049405853,0.18014824200035892,-1.2042399441512461,-0.42701295500478503,1.8055143055324927,-1.3506095265474307,0.0,1.0,0.0,0.0,-0.0
1983-08,0.09829331412600983,0.14713296400918355,-1.2538870840606362,-0.0998672392031788,1.4890110577636277,-1.3421220148257664,0.0,1.0,0.0,0.0,-0.0
1983-09,-0.34876624817800567,-0.21335092495137867,-1.274395355259077,-0.1620735560021963,1.3287236971316154,-1.333634503104102,0.0,1.0,0.0,0.0,-0.0
1983-10,-0.3792475819714613,-0.18147641876071097,-1.0380717920207945,0.25709649138941765,1.1225109157989515,-1.3254207820831365,0.0,1.0,0.0,0.0,-0.0
1983-11,-0.35892669277582423,-0.6244475960468575,-0.9983458825186665,0.5683777867955687,1.1124018138664309,-1.316933270361472,0.0,1.0,0.0,0.0,-0.0
1983-12,-0.3792475819714613,-0.622351167545315,-0.4856152957731558,1.1026849280750957,1.253278083847001,-1.3087195493405068,0.0,1.0,0.0,0.0,-0.0
1984-01,-0.3182849143845501,-0.16684769802478347,-0.9572959182247106,0.8510937501620053,1.188833898856555,-1.3002320376188423,0.0,1.0,0.0,0.0,-0.0
1984-02,-0.297964025188913,0.3478810336336897,-1.1478347388000338,0.6823614458413068,1.0887191685336342,-1.291744525897178,0.0,1.0,0.0,0.0,-0.0
1984-03,0.006849312745643019,0.007891700123635137,-1.290905165498845,0.4755353286648101,0.9778720476544112,-1.2838045955769113,0.0,1.0,0.0,0.0,-0.0
1984-04,0.006849312745643019,0.1913926730614461,-1.1601811334078116,0.8848703314484134,0.9061897471094318,-1.275317083855247,0.0,1.0,0.0,0.0,-0.0
1984-05,-0.7247026982972915,0.2222225901720405,-1.0303334391999408,1.4007452958107902,0.8338419979764368,-1.2671033628342814,0.0,1.0,0.0,0.0,-0.0
1984-06,-0.6942213645038359,-0.3536278306871922,-0.5921743634543679,1.8380193537916698,0.8029385655489825,-1.258615851112617,0.0,1.0,0.0,0.0,-0.0
1984-07,-0.1658782454172721,-0.5880609093065127,-0.26476999334236584,1.9318637217553436,0.7108701358576912,-1.2504021300916515,0.0,1.0,0.0,0.0,-0.0
1984-08,0.04749109113691715,-0.7217996268601984,0.2660985151285142,1.9600308858346815,0.6288558750946748,-1.2419146183699872,0.0,1.0,0.0,0.0,-0.0
1984-09,0.006849312745643019,-0.8636311137751361,0.6867801066149821,1.8983804359030527,0.5861532799650562,-1.2334271066483227,0.0,1.0,0.0,0.0,-0.0
1984-10,0.057651535734735686,-0.985854746566046,0.9941604572686357,1.6577426498175514,0.49328693722185285,-1.2252133856273573,0.0,1.0,0.0,0.0,-0.0
1984-11,-0.5316542509387393,-0.9538437951208075,1.4257254134761366,1.0523114264645388,0.4320492318841037,-1.2167258739056928,0.0,1.0,0.0,0.0,-0.0
1984-12,-0.2573222467976389,-0.9769969890562181,1.7187970091309623,0.6590487163381813,0.3407289629140501,-1.2085121528847274,0.0,1.0,0.0,0.0,-0.0
1985-01,-0.24716180219982034,-1.0063215347516328,1.6063868868245585,0.2568302228919983,0.2862413179516506,-1.2000246411630628,0.0,1.0,0.0,0.0,-0.0
1985-02,-0.5113333617431022,-1.010748016927134,1.2723741734341139,-0.052106156357193435,0.22036673112382402,-1.1915371294413986,0.0,1.0,0.0,0.0,-0.0
1985-03,-0.450370694156191,-0.9967256307826529,1.5803590452158947,-0.4523988517529475,0.15199104014659737,-1.1838709898218307,0.0,1.0,0.0,0.0,-0.0
1985-04,-0.6230982523191062,-0.9312386190111314,1.5593016789722454,-0.6107848829981096,0.09353687498983304,-1.1753834781001662,0.0,1.0,0.0,0.0,-0.0
1985-05,-0.9888742578405735,-0.7991036924005129,1.3609092257328204,-0.7969894525662354,0.0335690152697385,-1.1671697570792008,0.0,1.0,0.0,0.0,-0.0
1985-06,-0.1760386900150906,-0.8728534708996358,1.1426791581703564,-0.7118240017292362,0.006568371819528425,-1.1586822453575363,0.0,1.0,0.0,0.0,-0.0
1985-07,0.04749109113691715,-0.8148060807133891,0.7027483403537127,-0.939322117621944,-0.0213709560885955,-1.1504685243365709,0.0,1.0,0.0,0.0,-0.0
1985-08,-0.297964025188913,-0.9815600762582508,0.6153305490849906,-0.8978957468385245,-0.035026407724470535,-1.1419810126149064,0.0,1.0,0.0,0.0,-0.0
1985-09,-0.28780358059109445,-1.044749886776592,0.4620316324465143,-1.0423788873033066,-0.06614072929505298,-1.133493500893242,0.0,1.0,0.0,0.0,-0.0
1985-10,0.1186142033216469,-0.9628379978852059,0.082697930941854,-1.1561119147358474,-0.08122126811180026,-1.1252797798722767,0.0,1.0,0.0,0.0,-0.0
1985-11,0.17957687090855812,-0.9952403906345402,-0.28531111144247484,-1.094188539792275,-0.10402159114225873,-1.1167922681506124,0.0,1.0,0.0,0.0,-0.0
1985-12,-0.297964025188913,-0.9990071743836688,-0.4779425814832446,-1.0446678339405717,-0.0071864951557374275,-1.1085785471296468,0.0,1.0,0.0,0.0,-0.0
1986-01,-0.35892669277582423,-1.0308816805743368,-0.3877913596689762,-1.318997172383962,0.11859186288723045,-1.1000910354079825,0.0,1.0,0.0,0.0,-0.0
1986-02,-0.26748269139545744,-0.8103029079966773,-0.3966315241806192,-1.5197694775171442,0.16153839628448274,-1.091603523686318,0.0,1.0,0.0,0.0,-0.0
1986-03,-0.3081244697867315,-0.9200926074779316,-0.6643437527492209,-1.4332802870007346,0.13217746475185335,-1.08393738406675,0.0,1.0,0.0,0.0,-0.0
1986-04,-0.2370013576020018,-0.9331108268484359,-1.0476130641705401,-1.268698085929788,0.112378180870409,-1.0754498723450858,0.0,1.0,0.0,0.0,-0.0
1986-05,0.31166265068019905,-0.9612274965197827,-1.272340629875788,-0.858880989078001,0.10621648423321509,-1.0672361513241202,0.0,1.0,0.0,0.0,-0.0
1986-06,0.6875991007994848,-1.0552203824592947,-1.4527297549517522,-0.28744336921031194,0.054452087130067404,-1.058748639602456,0.0,1.0,0.0,0.0,-0.0
1986-07,0.8501662143645814,-0.9971282561240082,-1.4892803412365532,-0.07584962685105547,0.04756317577081568,-1.0505349185814903,0.0,1.0,0.0,0.0,-0.0
1986-08,1.3277071104620524,-1.047926153358399,-1.5205893470278398,-0.06099705629357673,0.03901037497565006,-1.042047406859826,0.0,1.0,0.0,0.0,-0.0
1986-09,1.469953334831512,-1.0610450290642421,-1.5380461922329762,-0.04481167765044035,0.007060535808785755,-1.0335598951381617,0.0,1.0,0.0,0.0,-0.0
1986-10,0.6469573224082107,-0.7923932700445827,-1.4602090819747857,0.05585349081563146,0.0006519086183610141,-1.025346174117196,0.0,1.0,0.0,0.0,-0.0
1986-11,0.8095244359733073,-0.9358151270578756,-1.1742692968969566,0.46279090418528934,-0.013867732962353344,-1.0168586623955318,0.0,1.0,0.0,0.0,-0.0
1986-12,1.1549795522991375,-1.0419538774616213,-1.09934730472356,0.6349363586384603,-0.02888949793065574,-1.0086449413745662,0.0,1.0,0.0,0.0,-0.0
1987-01,1.0432146617231335,-1.0457788182045011,-1.1833176488474035,0.6648051489552795,-0.0502584365821943,-1.0001574296529019,0.0,1.0,0.0,0.0,-0.0
1987-02,1.20578177528823,-1.0539871026934515,-0.8854381293411738,0.8018449536558003,-0.08780045558126073,-0.9916699179312374,0.0,1.0,0.0,0.0,-0.0
1987-03,1.5817182254075157,-0.9812916593640136,-1.137174326498536,0.7357028393300632,-0.11328195582869512,-0.9840037783116695,0.0,1.0,0.0,0.0,-0.0
1987-04,1.713804005179157,-0.726751918558875,-0.8505970033224535,1.2153536638391662,-0.12778417962757552,-0.9755162665900052,0.0,1.0,0.0,0.0,-0.0
1987-05,1.947494230928983,-0.6385903896466658,-0.08992490384696611,1.7044433354878283,-0.12893415517742915,-0.9673025455690398,0.0,1.0,0.0,0.0,-0.0
1987-06,1.8763711187442533,-0.8330517190991629,0.6167142665353588,1.5126598561928386,-0.13272694416324488,-0.9588150338473754,0.0,1.0,0.0,0.0,-0.0
1987-07,1.835729340352979,-0.6960316050134271,1.0828725136305872,0.9187900059844217,-0.15110900119613183,-0.9506013128264099,0.0,1.0,0.0,0.0,-0.0
1987-08,1.5817182254075157,-0.587859596635835,1.415685788298101,0.24379777594691737,-0.16218510264729108,-0.9421138011047455,0.0,1.0,0.0,0.0,-0.0
1987-09,1.266744442875141,-0.6961031828518905,1.4409024867872011,-0.33509923773041617,-0.1771283536144034,-0.9336262893830811,0.0,1.0,0.0,0.0,-0.0
1987-10,1.1346586631035003,-0.47928496291688644,1.3035051061649803,-0.5722934685102805,-0.18253170682713366,-0.9254125683621156,0.0,1.0,0.0,0.0,-0.0
1987-11,0.9720915495384038,-0.4467528353353376,1.1688211749429613,-0.5173046940431559,-0.19815639501276583,-0.9169250566404512,0.0,1.0,0.0,0.0,-0.0
1987-12,0.9416102157449482,-0.6032264638309144,0.9273687863968635,-0.4459546769511048,-0.2148289637501171,-0.9087113356194857,0.0,1.0,0.0,0.0,-0.0
1988-01,0.7180804345929405,-0.3307162119565955,0.8813749977340317,-0.5408389080955313,-0.23368429317811837,-0.9002238238978213,0.0,1.0,0.0,0.0,-0.0
1988-02,0.4640693196474771,-0.374963348608352,0.3809073281519862,-0.6870311584897538,-0.24422294440725195,-0.891736312176157,0.0,1.0,0.0,0.0,-0.0
1988-03,0.3421439844736547,-0.13772446500004693,0.08698612160577843,-0.7523372697540749,-0.262928436250502,-0.8837963818558903,0.0,1.0,0.0,0.0,-0.0
1988-04,-0.06427379943908673,0.0644292452797975,-0.324412835670464,-0.7632289046439557,-0.2756157718432617,-0.8753088701342259,0.0,1.0,0.0,0.0,-0.0
1988-05,-0.5316542509387393,-0.054179706668717825,-0.7270790181470758,-0.7637938288262806,-0.29324028934930807,-0.8670951491132604,0.0,1.0,0.0,0.0,-0.0
1988-06,-1.3038480403729482,0.4857453497043178,-1.009700825072192,-0.5811407514493466,-0.2962645968684132,-0.858607637391596,0.0,1.0,0.0,0.0,-0.0
1988-07,-1.7305867134813266,0.7736850993823717,-1.1440528318785699,-0.3172152975401313,-0.2966020998871807,-0.8503939163706304,0.0,1.0,0.0,0.0,-0.0
1988-08,-1.7813889364704192,0.7817376062094882,-1.2009917349846886,-0.43680088413406354,-0.2844341268199268,-0.841906404648966,0.0,1.0,0.0,0.0,-0.0
1988-09,-1.7610680472747822,0.7000091355291646,-1.3453795758866987,-0.6562764479109469,-0.27917261687669576,-0.8334188929273016,0.0,1.0,0.0,0.0,-0.0
1988-10,-1.4867360431336818,1.0039867946378915,-1.2859839531210575,-0.4970649437555862,-0.29424873425651593,-0.8252051719063361,0.0,1.0,0.0,0.0,-0.0
1988-11,-1.608661378307504,0.6722033820936416,-0.9582801916729425,-0.15298355299628424,-0.3061141291906284,-0.8167176601846717,0.0,1.0,0.0,0.0,-0.0
1988-12,-1.5172173769271373,1.5196156484675563,-0.9412223987667847,-0.15436505369494782,-0.3269372436865673,-0.8085039391637062,0.0,1.0,0.0,0.0,-0.0
1989-01,-1.1006391484165774,2.233873004032751,-0.81358477483156,-0.036214421091905924,-0.3433457543852177,-0.8000164274420418,0.0,1.0,0.0,0.0,-0.0
1989-02,-1.0904787038187587,2.0074441811083688,-1.2094307878960433,-0.6417599454343945,-0.35140869123154767,-0.7915289157203775,0.0,1.0,0.0,0.0,-0.0
1989-03,-1.2124040389925812,1.7175731079674925,-1.303466314994062,-0.7328189494510893,-0.3718123721426308,-0.7838627761008097,0.0,1.0,0.0,0.0,-0.0
1989-04,-1.0396764808296663,1.465950164079732,-1.3989487361754376,-0.4269419152762695,-0.376922503697333,-0.7753752643791454,0.0,1.0,0.0,0.0,-0.0
1989-05,-0.9279115902536622,1.5382035183934828,-1.1385634889052647,0.3668892849738966,-0.38170549358041,-0.7671615433581798,0.0,1.0,0.0,0.0,-0.0
1989-06,-0.9888742578405735,2.6366347906431242,-1.2295931996976541,0.7787505295966851,-0.38435393429973386,-0.7586740316365155,0.0,1.0,0.0,0.0,-0.0
1989-07,-1.0599973700253034,1.4011766938853905,-0.9273574037705985,1.2815369422655922,-0.3883659417012728,-0.75046031061555,0.0,1.0,0.0,0.0,-0.0
1989-08,-0.6840609199060174,2.123352347830583,-0.3841582539790512,1.4876143469921992,-0.3852478461261386,-0.7419727988938856,0.0,1.0,0.0,0.0,-0.0
1989-09,-0.5418146955365578,2.2457593988325555,-0.4120616155902177,1.5200281394209914,-0.38060368489647417,-0.7334852871722213,0.0,1.0,0.0,0.0,-0.0
1989-10,-0.5316542509387393,1.8076940802076331,-0.04754882868814795,1.5804662277551207,-0.3860667721686991,-0.7252715661512557,0.0,1.0,0.0,0.0,-0.0
1989-11,-0.28780358059109445,2.278765729593923,0.6419024038526034,1.5850758625063397,-0.39508042960679995,-0.7167840544295914,0.0,1.0,0.0,0.0,-0.0
1989-12,-0.07443424403690528,1.7866904582335716,1.193886725306346,1.3072975791798278,-0.4019528387342885,-0.7085703334086257,0.0,1.0,0.0,0.0,-0.0
1990-01,0.1998977601041952,1.7256256147946087,1.2639279590538317,0.8839927820687209,-0.4108207227367327,-0.7000828216869615,0.0,1.0,0.0,0.0,-0.0
1990-02,0.47422976424529567,1.1156194636876136,1.2980801117072145,0.6954423550101263,-0.40764280378014567,-0.6915953099652971,0.0,1.0,0.0,0.0,-0.0
1990-03,0.5453528764300254,1.3840651168777691,1.633769403898752,0.29405327070920123,-0.37946400370229416,-0.6839291703457292,0.0,1.0,0.0,0.0,-0.0
1990-04,0.18973731550637665,1.3762922109821507,1.5021945605575646,-0.07433182614439035,-0.36907590463357676,-0.6754416586240648,0.0,1.0,0.0,0.0,-0.0
1990-05,0.138935092517284,1.5296812820014511,1.1790764405683658,-0.6042963261357449,-0.35811808778546184,-0.6672279376030994,0.0,1.0,0.0,0.0,-0.0
1990-06,0.22021864929983223,1.1625831534053943,1.1831239954435506,-0.9308494999904291,-0.35525549767153825,-0.658740425881435,0.0,1.0,0.0,0.0,-0.0
1990-07,0.3421439844736547,1.3821190943945498,0.7663906658878071,-0.8289748377585414,-0.35305531919905425,-0.6505267048604695,0.0,1.0,0.0,0.0,-0.0
1990-08,0.17957687090855812,2.238972925023257,0.6593100336433051,-1.0589397356245698,-0.33814237070623515,-0.6420391931388051,0.0,1.0,0.0,0.0,-0.0
1990-09,0.3319835398758362,1.2234645786332952,0.43219438898398715,-1.165118841028356,-0.3375485583286339,-0.6335516814171407,0.0,1.0,0.0,0.0,-0.0
1990-10,0.006849312745643019,1.256365779444421,0.47514941863035365,-1.223148846368371,-0.35549072704825496,-0.6253379603961752,0.0,1.0,0.0,0.0,-0.0
1990-11,0.138935092517284,1.2503688986656711,0.22482557417418222,-1.3122625840923785,-0.359358926097216,-0.6168504486745108,0.0,1.0,0.0,0.0,-0.0
1990-12,0.3319835398758362,1.6243653414436248,-0.11007679385363252,-1.2367700852294583,-0.374964633366747,-0.6086367276535453,0.0,1.0,0.0,0.0,-0.0
1991-01,0.1998977601041952,2.114561694544315,-0.12095441029580611,-1.1776585536083202,-0.38125968768741847,-0.6001492159318809,0.0,1.0,0.0,0.0,-0.0
1991-02,0.10845375872382836,2.4285423565782813,-0.08189899047280484,-1.3947960438454339,-0.3830352742319651,-0.5916617042102165,0.0,1.0,0.0,0.0,-0.0
1991-03,0.2811813168867434,2.229377021054278,-0.18540748775368315,-1.1648657615130942,-0.38977184699163814,-0.5839955645906487,0.0,1.0,0.0,0.0,-0.0
1991-04,0.5656737656256624,1.656152612143665,-0.6730863449990887,-1.052414091368464,-0.3931049851809533,-0.5755080528689843,0.0,1.0,0.0,0.0,-0.0
1991-05,0.8196848805711258,1.5404179577709394,-1.1049443043639646,-0.5315357596071549,-0.39443306871530404,-0.5672943318480188,0.0,1.0,0.0,0.0,-0.0
1991-06,1.1549795522991375,1.9319218924755148,-1.2090028202544836,0.1021944561254792,-0.3693990268170865,-0.5588068201263544,0.0,1.0,0.0,0.0,-0.0
1991-07,0.9314497711471297,2.047725887879251,-1.268572556492358,0.3932537090665674,0.6703865661337206,-0.5505930991053889,0.0,1.0,0.0,0.0,-0.0
1991-08,0.4843902088431141,1.9774006615891047,-1.0553499769157255,0.49894666654034087,1.987531376204902,-0.5421055873837245,0.0,1.0,0.0,0.0,-0.0
1991-09,0.7282408791907591,1.2912107659313135,-1.0002029770118608,0.4371923328953159,3.2957320213214025,-0.5336180756620601,0.0,1.0,0.0,0.0,-0.0
1991-10,1.2565839982773226,1.6540925124803945,-0.3698098942458239,0.9523831939019046,4.646669829165315,-0.5254043546410946,0.0,1.0,0.0,0.0,-0.0
1991-11,1.226102664483867,0.996025996916306,-0.29356624678992504,1.0718796472381684,5.110266869775771,-0.5169168429194302,0.0,1.0,0.0,0.0,-0.0
1991-12,1.3175466658642339,2.007329145296552,0.24720093621784944,1.2697906488066464,5.07225251626215,-0.5087031218984647,0.0,1.0,0.0,0.0,-0.0
1992-01,1.7239644497769753,1.87614038823812,-0.1254613759354664,1.1749372355426395,5.132985731180421,-0.5002156101768003,0.0,1.0,0.0,0.0,-0.0
1992-02,1.602039114603153,2.2051685939205745,-0.09491790034935958,1.2399915147906682,5.148849310943053,-0.49172809845513593,0.0,1.0,0.0,0.0,-0.0
1992-03,1.7849271173638865,1.023245706799411,-0.013075113034540625,1.255807531044591,5.146618048429143,-0.48378816813486936,0.0,1.0,0.0,0.0,-0.0
1992-04,2.0999008998962614,0.8158779983490085,0.20620544526564558,1.3380625909078765,5.037682774741582,-0.47530065641320496,0.0,1.0,0.0,0.0,-0.0
1992-05,1.8052480065595236,0.1601511833796878,0.47220401345663066,1.2996682610910775,5.190624833469314,-0.46708693539223944,0.0,1.0,0.0,0.0,-0.0
1992-06,1.7544457835704308,-0.0004739597467577351,0.7168657508706081,1.3381492860172146,5.339329458503694,-0.45859942367057505,0.0,1.0,0.0,0.0,-0.0
1992-07,0.900968437353674,0.3336827055040389,0.954074072054746,1.0033020171235867,5.0260280456457025,-0.45038570264960953,0.0,1.0,0.0,0.0,-0.0
1992-08,0.1998977601041952,0.09720742168106386,1.4323166781009147,0.8202997885988125,4.798344230663366,-0.44189819092794513,0.0,1.0,0.0,0.0,-0.0
1992-09,0.6367968778103923,-0.05074620722993378,1.6009426260951423,0.3701673190495463,4.5982205272159415,-0.43341067920628074,0.0,1.0,0.0,0.0,-0.0
1992-10,1.033054217125315,0.26060620604796036,1.5481275350157013,0.15035611465799648,4.105909335371624,-0.4251969581853152,0.0,1.0,0.0,0.0,-0.0
1992-11,0.9212893265493112,0.448808099805621,1.6654905188725937,-0.19474015255845012,3.7247804003934077,-0.4167094464636508,0.0,1.0,0.0,0.0,-0.0
1992-12,0.8501662143645814,0.29422542205117,1.570335077887985,-0.6804245632314163,3.518185142436061,-0.4084957254426853,0.0,1.0,0.0,0.0,-0.0
1993-01,0.992412438734041,-0.06860711473396731,1.3379371466828394,-0.8037135159674759,3.0496518131319,-0.4000082137210209,0.0,1.0,0.0,0.0,-0.0
1993-02,1.0838564401144075,0.3886530474961705,1.4052755688045333,-0.9265182972593358,2.959205827487953,-0.3915207019993566,0.0,1.0,0.0,0.0,-0.0
1993-03,0.9314497711471297,0.3027476584432012,1.1597564152725939,-1.0170255473782148,2.7321747773755782,-0.38385456237978877,0.0,1.0,0.0,0.0,-0.0
1993-04,1.1346586631035003,-0.07875998375849,0.6118645773595259,-1.153826708287393,2.7102140807514754,-0.3753670506581244,0.0,1.0,0.0,0.0,-0.0
1993-05,1.490274224027149,-0.11631821768463033,-0.2692950444508073,-1.276203052366341,2.453993686588025,-0.36715332963715885,0.0,1.0,0.0,0.0,-0.0
1993-06,1.1956213306904115,-0.15995833107269533,-0.8126933896238158,-1.0174067404366167,2.2158620608079653,-0.3586658179154945,0.0,1.0,0.0,0.0,-0.0
1993-07,0.8095244359733073,-0.37929966981352864,-1.0446738111050178,-0.7468161928395897,2.011012332556257,-0.35045209689452894,0.0,1.0,0.0,0.0,-0.0
1993-08,0.6469573224082107,-0.509079238177216,-1.1199423206106291,-0.7658714230556657,1.7837043843737013,-0.3419645851728646,0.0,1.0,0.0,0.0,-0.0
1993-09,0.707919989995122,-0.6771730813858117,-1.233628200182668,-0.6897984938788019,1.56649535542044,-0.3334770734512002,0.0,1.0,0.0,0.0,-0.0
1993-10,1.012733327929678,-0.4321777979782578,-1.24299942206883,-0.4531214507743676,1.3953049992921107,-0.32526335243023474,0.0,1.0,0.0,0.0,-0.0
1993-11,0.7993639913754887,-0.5543701154648397,-1.203284964267128,-0.02470819017593844,1.2178569254216054,-0.31677584070857034,0.0,1.0,0.0,0.0,-0.0
1993-12,0.3421439844736547,-0.39399549477301565,-1.1589673985476858,0.16492978816497278,1.0441946734241823,-0.30856211968760483,0.0,1.0,0.0,0.0,-0.0
1994-01,0.12877464791946544,-0.18979734248206434,-1.2633589769380005,0.03298294018931114,0.8832179259193773,-0.30007460796594043,0.0,1.0,0.0,0.0,-0.0
1994-02,-0.023632021047812583,-0.48437529758974224,-1.385372093967676,0.1280357140500604,0.626401486329373,-0.29158709624427603,0.0,1.0,0.0,0.0,-0.0
1994-03,0.04749109113691715,-0.6439587275314099,-1.479487874506219,0.1274189124019348,0.44002666528602047,-0.28392095662470823,0.0,1.0,0.0,0.0,-0.0
1994-04,0.2608604276911064,-0.8483760869526551,-1.5160905072790731,0.3984686828430101,0.2892327996511455,-0.2754334449030439,0.0,1.0,0.0,0.0,-0.0
1994-05,0.24053953849546933,-0.8068877823333915,-1.2259383943627071,1.1301025337277266,0.19533407371595735,-0.2672197238820783,0.0,1.0,0.0,0.0,-0.0
1994-06,0.47422976424529567,-0.8468505842704069,-0.6220144514332233,1.8441295195979974,0.13545468739538358,-0.258732212160414,0.0,1.0,0.0,0.0,-0.0
1994-07,1.012733327929678,-0.7760198394961135,-0.07984822528394368,2.000186454412155,0.09278674918551669,-0.25051849113944846,0.0,1.0,0.0,0.0,-0.0
1994-08,0.9416102157449482,-0.8831181802967569,0.6125783776622512,1.9153728107574173,0.057741010950111714,-0.2420309794177841,0.0,1.0,0.0,0.0,-0.0
1994-09,1.1143377739078633,-0.8433835327198432,1.0716138743653185,1.6595758432305143,0.03138210110803581,-0.23354346769611972,0.0,1.0,0.0,0.0,-0.0
1994-10,1.6121995592009715,-0.6934816445181736,1.347845591776765,0.9115557516297347,0.012321331176351816,-0.22532974667515418,0.0,1.0,0.0,0.0,-0.0
1994-11,1.012733327929678,-0.8594013108834482,1.5951628962070363,0.21950083875012535,-0.029670216505629187,-0.2168422349534898,0.0,1.0,0.0,0.0,-0.0
1994-12,0.880647548158037,-0.8108469315233905,1.5334189019033704,-0.41025068793458025,-0.06872584074606769,-0.20862851393252427,0.0,1.0,0.0,0.0,-0.0
1995-01,0.8298453251689444,-0.8412451447957534,1.4967257802442433,-0.6749366381166385,-0.0965406985055473,-0.2001410022108599,0.0,1.0,0.0,0.0,-0.0
1995-02,0.6063155440169367,-0.7689211712753047,0.993327905221072,-0.5296137414013157,-0.14568246893526865,-0.19165349048919553,0.0,1.0,0.0,0.0,-0.0
1995-03,0.2811813168867434,-0.7544793837335779,0.9112168212405647,-0.5018385612120319,-0.17179025009208196,-0.18398735086962772,0.0,1.0,0.0,0.0,-0.0
1995-04,0.41326709665838446,-0.8788167995666059,0.928435989789854,-0.7743648669287899,-0.19804880671420674,-0.17549983914796335,0.0,1.0,0.0,0.0,-0.0
1995-05,0.4640693196474771,-0.9011021122106494,0.499172267857049,-1.4207574844446298,-0.22647895878221616,-0.1672861181269978,0.0,1.0,0.0,0.0,-0.0
1995-06,-0.013471576449994055,-0.881105053589978,0.09114468233006855,-1.5015078408746956,-0.24516203081397736,-0.15879860640533344,0.0,1.0,0.0,0.0,-0.0
1995-07,-0.20652002380854623,-0.9179452723240339,-0.27139259921200126,-1.373228030123038,-0.24797839681457232,-0.15058488538436793,0.0,1.0,0.0,0.0,-0.0
1995-08,-0.5316542509387393,-0.9320371592714869,-0.49105983264820685,-1.2406638135608845,-0.26618314976058527,-0.14209737366270353,0.0,1.0,0.0,0.0,-0.0
1995-09,-0.7247026982972915,-0.9923280673320666,-0.5454153866672569,-1.0328347156902424,-0.28225953908844503,-0.13360986194103916,0.0,1.0,0.0,0.0,-0.0
1995-10,-0.5113333617431022,-0.894525898301838,-0.6992672093258401,-0.7638180285620133,-0.29673469833401417,-0.12539614092007365,0.0,1.0,0.0,0.0,-0.0
1995-11,-0.5621355847321949,-0.9950323675415063,-0.7836789052903969,-0.4157504988165182,-0.30930173957967183,-0.11690862919840928,0.0,1.0,0.0,0.0,-0.0
1995-12,-0.7958258104820212,-1.043698587274163,-0.7822603117538969,-0.13265979027743172,-0.326775704925302,-0.10869490817744376,0.0,1.0,0.0,0.0,-0.0
1996-01,-0.7247026982972915,-1.0052478671746836,-1.0552899453986582,-0.17972908209474733,-0.347681375241036,-0.10020739645577939,0.0,1.0,0.0,0.0,-0.0
1996-02,-0.6535795861125617,-1.0537642208080582,-1.1977776594607092,-0.19743632645704495,-0.36823422382218446,-0.091719884734115,0.0,1.0,0.0,0.0,-0.0
1996-03,-0.5722960293300134,-1.0500063842887373,-1.2795615115404773,-0.019047367837961307,-0.38338689012011595,-0.08377995441384833,0.0,1.0,0.0,0.0,-0.0
1996-04,-0.7247026982972915,-1.0524467412188439,-1.429596871215642,0.24768701439723312,-0.3934957464172516,-0.07529244269218396,0.0,1.0,0.0,0.0,-0.0
1996-05,-0.8771093672645696,-1.0146424584729858,-1.4365852788904132,0.7003295657874647,-0.39857575414157687,-0.06707872167121844,0.0,1.0,0.0,0.0,-0.0
1996-06,-0.6434191415147431,-1.012436966325337,-0.9328360923725958,1.4915740874207724,-0.3870952698555056,-0.058591209949554066,0.0,1.0,0.0,0.0,-0.0
1996-07,-0.5316542509387393,-0.9759904257028287,-0.8671265637390455,1.6405628655921634,-0.41184171737905684,-0.050377488928588544,0.0,1.0,0.0,0.0,-0.0
1996-08,-0.4402102495583725,-0.9616972260846979,-0.5360615125751694,1.8372813463055973,-0.4103502193223202,-0.04188997720692417,0.0,1.0,0.0,0.0,-0.0
1996-09,-0.1150760224281794,-1.0474541869860317,0.0974520552805022,1.9384975697834301,-0.4128576430002575,-0.03340246548525979,0.0,1.0,0.0,0.0,-0.0
1996-10,-0.22684091300418324,-1.0762441357004238,0.6499602267660031,1.897518114783879,-0.4173074173185569,-0.025188744464294272,0.0,1.0,0.0,0.0,-0.0
1996-11,-0.1150760224281794,-0.90509705031988,1.223169144012028,1.697679308442226,-0.42095997083011966,-0.016701232742629895,0.0,1.0,0.0,0.0,-0.0
1996-12,-0.39956847116709837,-0.9386133731802986,1.4444203155821536,1.0751756069559855,-0.42972477729289005,-0.008487511721664374,0.0,1.0,0.0,0.0,-0.0
1997-01,-0.7755049212863842,-1.015783230273494,1.4443415627570728,0.7302249730409802,-0.4363242185163549,-0.0,0.0,1.0,0.0,0.0,0.0
1997-02,-0.8364675888732954,-1.0084449041114019,1.4729646676075172,0.37374017238308643,-0.4440063981856963,-0.0,0.0,0.0,0.0,1.0,0.08487511721664373
1997-03,-0.34876624817800567,-0.9922967520277389,1.57093190341783,0.14167732388743523,-0.4493024310657419,-0.0,0.0,0.0,0.0,1.0,0.16153651341232195
1997-04,0.4640693196474771,-0.9450374841823757,1.5587797280059417,-0.4573133734852671,-0.4517793066340011,-0.0,0.0,0.0,0.0,1.0,0.24641163062896568
1997-05,1.2362631090816856,-0.9191531483481014,1.4634382628490943,-0.610702494976154,-0.4524094507180689,-0.0,0.0,0.0,0.0,1.0,0.3285488408386209
1997-06,2.45551646081991,-0.9664638627648601,1.318757622553795,-0.875980758824721,-0.45691567651390197,-0.0,0.0,0.0,0.0,1.0,0.41342395805526466
1997-07,2.171024012080991,-0.9782719693038452,0.7952118815323277,-1.0152110404279313,-0.45779357737931314,-0.0,0.0,0.0,0.0,1.0,0.49556116826491986
1997-08,2.374232904037362,-0.821046773504404,0.6615391219618701,-1.0831716143365235,-0.45598536598956213,-0.0,0.0,0.0,0.0,1.0,0.5804362854815637
1997-09,2.262468013461358,-0.4838502869263709,0.49780194581081544,-1.1448000532814062,-0.4544774326925309,-0.0,0.0,0.0,0.0,1.0,0.6653114026982073
1997-10,2.0287777877115314,-0.7511912767791722,0.0713870116783016,-1.1906578250816091,-0.4562874528519339,-0.0,0.0,0.0,0.0,1.0,0.7474486129078626
1997-11,2.0490986769071684,-0.4805219174378296,-0.340997731061177,-0.9738158306244749,-0.4546201691816113,-0.0,0.0,0.0,0.0,1.0,0.8323237301245063
1997-12,2.0999008998962614,-0.5154541394153497,-0.5209280799334749,-0.6091928248864322,-0.4539905610292923,-0.0,0.0,0.0,0.0,1.0,0.9144609403341616
1998-01,2.3437515702439065,-0.6255721702761615,-0.6132069102865287,-0.5397276612638914,-0.45665043495925595,-0.0,0.0,0.0,0.0,1.0,0.9993360575508052
1998-02,2.5368000176024585,-0.6102292688752102,-0.8492751348665087,-0.6128871765150461,-0.46142837815169896,-0.0,0.0,0.0,0.0,1.0,1.084211174767449
1998-03,2.364072459439543,-0.2583778589596694,-1.0276365643628664,-0.3936291586617572,-0.46473806932700684,-0.0,0.0,0.0,0.0,1.0,1.1608725709631273
1998-04,2.3539120148417245,-0.23859106023948368,-1.3268960482191463,0.02906821892551979,-0.46663401721012415,-0.0,0.0,0.0,0.0,1.0,1.2457476881797709
1998-05,1.815408451157342,-0.23764265387984554,-1.255317831705387,0.7088034062794758,-0.4632341108571121,-0.0,0.0,0.0,0.0,1.0,1.3278848983894262
1998-06,-0.18619913461290913,-0.17965118387989817,-0.8339161429246458,1.4858286964782634,-0.46760487990345173,-0.0,0.0,0.0,0.0,1.0,1.41276001560607
1998-07,-1.4867360431336818,-0.05706518828176808,-0.4336349028078661,1.746813767386964,-0.4653486072412666,-0.0,0.0,0.0,0.0,1.0,1.4948972258157252
1998-08,-1.7509076026769637,0.3938080898131719,0.23425076001835016,1.8766336518447686,-0.45470366288196673,-0.0,0.0,0.0,0.0,1.0,1.579772343032369
1998-09,-1.344489818764222,0.4027441355838189,0.6817626602485487,1.7832708834022413,-0.43983140054107256,-0.0,0.0,0.0,0.0,1.0,1.6646474602490127
1998-10,-1.1412809268078514,-0.08115560453955663,0.9735496785420313,1.7044763755686823,-0.4359924990943759,-0.0,0.0,0.0,0.0,1.0,1.7467846704586678
1998-11,-1.2225644835904,0.3463698773716509,1.5142237107637142,1.3211469752683522,-0.4456799790540666,-0.0,0.0,0.0,0.0,1.0,1.8316597876753116
1998-12,-1.15144137140567,0.5201653427753351,1.662573509750979,0.6754836695793726,-0.4553743368045327,-0.0,0.0,0.0,0.0,1.0,1.913796997884967
1999-01,-1.1209600376122144,0.36676508771877414,1.433571241001163,0.2519097718781758,-0.4626166951520769,-0.0,0.0,0.0,0.0,1.0,1.9986721151016105
1999-02,-1.0599973700253034,0.37736036530290534,1.5774321213515468,-0.20466187472720768,-0.4734367998712558,-0.0,0.0,0.0,0.0,1.0,2.0835472323182542
1999-03,-0.9888742578405735,0.09324827249106518,1.082020468273069,-0.4509653434759377,-0.4816610075129767,-0.0,0.0,0.0,0.0,1.0,2.1602086285139324
1999-04,-1.15144137140567,-0.05095423032296743,1.2894967105404131,-0.691035681907305,-0.48353053842697913,-0.0,0.0,0.0,0.0,1.0,2.245083745730576
1999-05,-1.3749711525576778,0.6547764152352918,0.9372139134435643,-0.8055403376991751,-0.4760579973933522,-0.0,0.0,0.0,0.0,1.0,2.3272209559402315
1999-06,-1.2124040389925812,1.1380364284274025,0.5317931940461835,-1.2621943156230104,-0.4665491836803969,-0.0,0.0,0.0,0.0,1.0,2.4120960731568752
1999-07,-1.1616018160034887,1.0506913342351647,0.2766774016832545,-1.087012263036467,-0.4648208037907182,-0.0,0.0,0.0,0.0,1.0,2.4942332833665306
1999-08,-1.0701578146231219,1.1345045094607311,0.24441311342198835,-1.1695473797556006,-0.4584645192677535,-0.0,0.0,0.0,0.0,1.0,2.5791084005831744
1999-09,-1.110799593014396,0.3481727441779437,0.18147881275082375,-1.1478315298026744,-0.4539383523447695,-0.0,0.0,0.0,0.0,1.0,2.663983517799818
1999-10,-1.283527151177311,0.8999081438974165,-0.2354747370611273,-1.1989915429873357,-0.4527978002614978,-0.0,0.0,0.0,0.0,1.0,2.746120728009473
1999-11,-1.3140084849707667,1.391893942959688,-0.47376096050993943,-1.0085062944186989,-0.45235579055172653,-0.0,0.0,0.0,0.0,1.0,2.830995845226117
1999-12,-1.3546502633620408,0.9162815744458856,-0.6271583457321608,-0.9880114839373297,-0.46170614711097174,-0.0,0.0,0.0,0.0,1.0,2.913133055435772
2000-01,-1.1717622606013072,0.6783971019281659,-0.8501340367443557,-1.0749229356155472,-0.46553604937038756,-0.0,0.0,0.0,1.0,0.0,0.0
2000-02,-1.1920831497969442,1.0122637535231196,-0.8674463736229049,-1.1417496261762743,-0.4722798125476895,-0.0,0.008487511721664374,0.0,1.0,0.0,0.0
2000-03,-1.3343293741664035,1.7819931625844208,-0.9461096393718734,-1.2273365767026299,-0.4773736205145448,-0.0,0.016427442041931046,0.0,1.0,0.0,0.0
2000-04,-0.9787138132427549,1.3528549425003384,-1.1604533952925888,-1.0590504465994774,-0.47204360062943346,-0.0,0.02491495376359542,0.0,1.0,0.0,0.0
2000-05,-1.1209600376122144,1.420167189152673,-1.4293359607599452,-0.7779157535583396,-0.47314022863979815,-0.0,0.03312867478456094,0.0,1.0,0.0,0.0
2000-06,-1.0701578146231219,1.353340329717418,-1.6173767849836607,-0.3214999216736179,-0.4739658314987284,-0.0,0.04161618650622532,0.0,1.0,0.0,0.0
2000-07,-0.4910124725474652,1.8913059427625218,-1.4430902930500582,0.176100481083043,-0.4730364141939698,-0.0,0.04982990752719084,0.0,1.0,0.0,0.0
2000-08,-0.10491557783036087,0.9716425588823084,-1.5025807050229791,0.1842304704921955,-0.4667558746914933,-0.0,0.058317419248855216,0.0,1.0,0.0,0.0
2000-09,-0.27764313599327595,1.3185311321497561,-1.5875033120054118,0.07623822645277453,-0.46314215390122454,-0.0,0.06680493097051958,0.0,1.0,0.0,0.0
2000-10,-0.4402102495583725,0.9598322155358716,-1.4781467967875876,0.3304748497442932,-0.4579491092388947,-0.0,0.07501865199148511,0.0,1.0,0.0,0.0
2000-11,-0.714542253699473,1.1318650766673986,-1.0778856029910726,0.7181611203792202,-0.4524928997574452,-0.0,0.08350616371314948,0.0,1.0,0.0,0.0
2000-12,-0.6942213645038359,0.9925790766328101,-0.8759438083201921,0.8673041000283604,-0.45489398564423716,-0.0,0.091719884734115,0.0,1.0,0.0,0.0
2001-01,-0.7551840320907471,0.8497141846750598,-0.8446884791679601,0.8330303026183513,-0.4587715634988011,-0.0,0.10020739645577939,0.0,1.0,0.0,0.0
2001-02,-0.7653444766885655,0.47111934509172476,-1.032527840516323,0.6368784611659678,-0.46550011961273263,-0.0,0.10869490817744376,0.0,1.0,0.0,0.0
2001-03,-0.6942213645038359,1.1579238834829269,-0.9412587927169189,0.7014187155151661,-0.4652339401775263,-0.0,0.11636104779701158,0.0,1.0,0.0,0.0
2001-04,-0.6840609199060174,1.2243660120364421,-0.7924083393434047,1.0203500330450403,-0.47232297738395246,-0.0,0.12484855951867595,0.0,1.0,0.0,0.0
2001-05,-0.7247026982972915,0.6392753395930932,-0.315125477047666,1.4674363057671302,-0.470841796013379,-0.0,0.13306228053964148,0.0,1.0,0.0,0.0
2001-06,-0.5113333617431022,1.2223551221371152,-0.13498868788889218,1.4914207533745223,-0.4600733417164846,-0.0,0.14154979226130585,0.0,1.0,0.0,0.0
2001-07,0.04749109113691715,0.31475931446031624,0.38376571953311955,1.4840145504059141,-0.4391139665734292,-0.0,0.1497635132822714,0.0,1.0,0.0,0.0
2001-08,0.30150220608238054,0.9699649532933257,0.5638593678897477,1.560582172285634,-0.427590652408438,-0.0,0.15825102500393573,0.0,1.0,0.0,0.0
2001-09,-0.023632021047812583,2.4080867524299547,0.7777313280336355,1.5124359808915377,-0.44064266722572404,-0.0,0.1667385367256001,0.0,1.0,0.0,0.0
2001-10,-0.21668046840636476,1.7915219623298424,1.0946789459239061,1.1508497991319477,-0.43861628695325783,-0.0,0.17495225774656564,0.0,1.0,0.0,0.0
2001-11,-0.297964025188913,1.8231258148188205,1.4024744304167227,0.780254095494811,-0.450455287248745,-0.0,0.18343976946823,0.0,1.0,0.0,0.0
2001-12,-0.0033111318521755247,2.2418584066363074,1.664198014485984,0.2252593288738043,-0.45884755415467415,-0.0,0.19165349048919553,0.0,1.0,0.0,0.0
2002-01,-0.0033111318521755247,2.0718163041370397,1.6546080260808949,0.009620022461417145,-0.46449844084385256,-0.0,0.2001410022108599,0.0,1.0,0.0,0.0
2002-02,-0.34876624817800567,1.6563309176519796,1.5442577838807716,-0.3588133313004005,-0.4715103708699291,-0.0,0.20862851393252427,0.0,1.0,0.0,0.0
2002-03,-0.19635957921072766,1.205836299104267,1.667357728819733,-0.6265316593741018,-0.47359914253014423,-0.0,0.21629465355209213,0.0,1.0,0.0,0.0
2002-04,-0.297964025188913,1.468793146351194,1.1794468366778905,-0.8365922289657519,-0.4821296128357791,-0.0,0.2247821652737565,0.0,1.0,0.0,0.0
2002-05,0.006849312745643019,1.2883744940822066,0.7961013938645657,-1.0973696206302204,-0.4804936588422682,-0.0,0.23299588629472198,0.0,1.0,0.0,0.0
2002-06,0.4945506534409327,0.6848927907687057,0.21810677974270024,-1.1109121159971445,-0.476654779726061,-0.0,0.24148339801638635,0.0,1.0,0.0,0.0
2002-07,0.4640693196474771,1.2211360620757878,0.30021662668953025,-1.1069759228506206,-0.4743241018727594,-0.0,0.2496971190373519,0.0,1.0,0.0,0.0
2002-08,0.8908079927558556,1.4076858035706432,0.20357594411399235,-1.0955107500414878,-0.4744002265115697,-0.0,0.25818463075901626,0.0,1.0,0.0,0.0
2002-09,0.8196848805711258,1.1923997967402435,0.2334834371459394,-1.0250785380295333,-0.4791877941450005,-0.0,0.26667214248068066,0.0,1.0,0.0,0.0
2002-10,0.7993639913754887,0.9453377032470629,-0.15919064705888678,-1.022921676370823,-0.46940791061963166,-0.0,0.2748858635016462,0.0,1.0,0.0,0.0
2002-11,0.7993639913754887,0.928626514773345,-0.4898815744268326,-0.6520898393839877,-0.4562870955641014,-0.0,0.2833733752233105,0.0,1.0,0.0,0.0
2002-12,0.8704871035602185,0.6619565671561369,-0.5554321582098755,-0.5731335583493073,-0.4480558091571992,-0.0,0.29158709624427603,0.0,1.0,0.0,0.0
2003-01,0.7790431021798516,0.3939422982602909,-0.6772459628846039,-0.49597459948602673,-0.43200463095201963,-0.0,0.30007460796594043,0.0,1.0,0.0,0.0
2003-02,0.6367968778103923,0.02052646678808628,-0.8770374489520123,-0.5741110292600778,-0.4262563609979977,-0.0,0.30856211968760483,0.0,1.0,0.0,0.0
2003-03,0.6469573224082107,0.21571348048678834,-1.1421671065308143,-0.5059276773209274,-0.4213978493993278,-0.0,0.31622825930717263,0.0,1.0,0.0,0.0
2003-04,0.027170201941280087,0.13931755877197732,-1.2541982656930306,-0.23074324949504912,-0.4380846873194892,-0.0,0.324715771028837,0.0,1.0,0.0,0.0
2003-05,-0.450370694156191,-0.03559183674279194,-1.2239325047419265,0.34383105077420256,-0.4456498105627105,-0.0,0.33292949204980254,0.0,1.0,0.0,0.0
2003-06,-0.15571780081945355,0.27002540222823446,-0.8303209451133342,1.0022391195686964,-0.43973211918461896,-0.0,0.3414170037714669,0.0,1.0,0.0,0.0
2003-07,-0.0033111318521755247,0.2373881446964428,-0.31345298803478144,1.5125057971040503,-0.43210665895868555,-0.0,0.34963072479243246,0.0,1.0,0.0,0.0
2003-08,0.027170201941280087,0.09794556814021609,0.1394749156075432,1.6035699012684232,-0.420937305383246,-0.0,0.3581182365140968,0.0,1.0,0.0,0.0
2003-09,0.21005820470201375,-0.1465755120875189,0.38372774427561884,1.4978153989487244,-0.41710170884899983,-0.0,0.36660574823576114,0.0,1.0,0.0,0.0
2003-10,0.37262531826711026,0.6161243824651343,0.5777708344287101,1.5194050288789003,-0.4146987695315768,-0.0,0.3748194692567267,0.0,1.0,0.0,0.0
2003-11,0.4335879858540215,0.35864323986064706,0.935973016605481,1.484950761239534,-0.4222603198964732,-0.0,0.38330698097839105,0.0,1.0,0.0,0.0
2003-12,0.25069998309328784,-0.18785131999884433,1.4602864005249818,1.2440231987966175,-0.4349060761177267,-0.0,0.3915207019993566,0.0,1.0,0.0,0.0
2004-01,0.18973731550637665,-0.20845231663154976,1.6010958835776425,0.7772861124796558,-0.44096992054979695,-0.0,0.4000082137210209,0.0,1.0,0.0,0.0
2004-02,-0.08459468863472379,-0.33386085470890886,1.3166842577322142,0.26763870331382666,-0.4517112879628905,-0.0,0.4084957254426853,0.0,1.0,0.0,0.0
2004-03,-0.4402102495583725,-0.1970445986264687,1.4783700219903346,0.0187478390129335,-0.4586129053706852,-0.0,0.416435655762952,0.0,1.0,0.0,0.0
2004-04,-0.22684091300418324,-0.3849699767042897,1.2835672873120485,-0.6234523186460325,-0.45980662634952957,-0.0,0.4249231674846164,0.0,1.0,0.0,0.0
2004-05,-0.3182849143845501,-0.3823864640972569,1.133210736316258,-0.7230185798230941,-0.4655774724284671,-0.0,0.4331368885055819,0.0,1.0,0.0,0.0
2004-06,0.017009757343461548,-0.41527200725621805,0.8616118304656168,-0.7369901662876586,-0.4687158217576057,-0.0,0.4416244002272463,0.0,1.0,0.0,0.0
2004-07,0.44374843045184004,0.03996751898498057,0.7603966614823061,-0.7169912743756021,-0.46532502624432215,-0.0,0.4498381212482118,0.0,1.0,0.0,0.0
2004-08,0.7688826575820331,-0.1610096305751243,0.5443172945185445,-0.7283961262356219,-0.4607694054056471,-0.0,0.4583256329698762,0.0,1.0,0.0,0.0
2004-09,0.5859946548212995,-0.3398983065469597,0.12647570882307482,-0.7235745545461906,-0.4530849480263735,-0.0,0.46681314469154056,0.0,1.0,0.0,0.0
2004-10,0.37262531826711026,-0.3174966799154132,-0.17261809801434344,-0.8284422152163429,-0.4590383235267352,-0.0,0.47502686571250613,0.0,1.0,0.0,0.0
2004-11,0.5148715426365698,-0.19365807214417582,-0.4455393036974355,-0.6539008677666109,-0.453401036105681,-0.0,0.4835143774341704,0.0,1.0,0.0,0.0
2004-12,0.5656737656256624,-0.5769912933509033,-0.6966815575275346,-0.5942350875204516,-0.4454119685187187,-0.0,0.49172809845513593,0.0,1.0,0.0,0.0
2005-01,0.16941642631073955,-0.44673941449062576,-0.9080163799501934,-0.6147687254762711,-0.4374285952065868,-0.0,0.5002156101768003,0.0,1.0,0.0,0.0
2005-02,0.6367968778103923,-0.532369196911119,-1.0650635240747306,-0.8909933958320212,-0.4277500697731979,-0.0,0.5087031218984647,0.0,1.0,0.0,0.0
2005-03,0.8298453251689444,-0.6542256737359827,-1.2177686421535074,-1.0187534699165133,-0.39269388086869256,-0.0,0.5163692615180325,0.0,1.0,0.0,0.0
2005-04,0.1998977601041952,-0.7038000372941421,-1.3801419400707884,-0.33880601322075626,-0.3864519507826147,-0.0,0.5248567732396969,0.0,1.0,0.0,0.0
2005-05,0.21005820470201375,-0.38929819912386476,-1.4648478087185854,0.12449883750435743,-0.3847751989847311,-0.0,0.5330704942606624,0.0,1.0,0.0,0.0
2005-06,0.21005820470201375,-0.4955689211672767,-1.4707998468321575,0.5666966567601083,-0.3839142246303842,-0.0,0.5415580059823268,0.0,1.0,0.0,0.0
2005-07,-0.013471576449994055,-0.43345277822588424,-1.2685170699007637,1.0403910065251236,-0.3702358395817611,-0.0,0.5497717270032924,0.0,1.0,0.0,0.0
2005-08,0.03733064653909862,-0.5755795237244826,-1.2136832044330943,1.204434812699698,-0.36692201726589,-0.0,0.5582592387249566,0.0,1.0,0.0,0.0
2005-09,-0.013471576449994055,-0.5907048157147491,-0.8815701514229538,1.5561497337530514,-0.3648141083761471,-0.0,0.566746750446621,0.0,1.0,0.0,0.0
2005-10,-0.7450235874929286,-0.9222399426318291,-0.2195163532998065,1.7988959938003237,-0.36582612616167987,-0.0,0.5749604714675866,0.0,1.0,0.0,0.0
2005-11,-0.7450235874929286,-0.7510212794128218,0.49074711523867054,1.7624467057276452,-0.3761222012830411,-0.0,0.583447983189251,0.0,1.0,0.0,0.0
2005-12,-0.6637400307103802,-0.6769740055225859,0.9214636134478277,1.6622782441637127,-0.39523942269225876,-0.0,0.5916617042102165,0.0,1.0,0.0,0.0
2006-01,-0.6129378077212876,-0.8258111733771142,1.0250207572764027,1.5134431462069275,-0.38613447821295627,-0.0,0.6001492159318809,0.0,1.0,0.0,0.0
2006-02,-0.4402102495583725,-0.952055787106874,1.2385338561741146,0.8797404789885537,-0.3898471007413567,-0.0,0.6086367276535453,0.0,1.0,0.0,0.0
2006-03,-0.5214938063409208,-0.9516315925508029,1.3750595977719002,0.4369369109436712,-0.39779378505918966,-0.0,0.6163028672731131,0.0,1.0,0.0,0.0
2006-04,-0.714542253699473,-0.6411157452599475,1.0754673581984546,-0.022870757691855332,-0.3963166008462422,-0.0,0.6247903789947775,0.0,1.0,0.0,0.0
2006-05,-0.2370013576020018,-0.7858841603593306,1.1749055787724139,-0.4185818780469372,-0.39533923998046117,-0.0,0.6330041000157429,0.0,1.0,0.0,0.0
2006-06,0.006849312745643019,-0.8632150675890685,1.1506901141025554,-0.8298712196728093,-0.37123961741665706,-0.0,0.6414916117374073,0.0,1.0,0.0,0.0
2006-07,0.22021864929983223,-0.8771459043999791,0.9230146681740206,-0.9109556103453158,-0.3464363164667605,-0.0,0.6497053327583728,0.0,1.0,0.0,0.0
2006-08,0.6469573224082107,-0.8125245371123729,0.5928067207514401,-0.7583215410260499,-0.3218617020601482,-0.0,0.6581928444800372,0.0,1.0,0.0,0.0
2006-09,0.707919989995122,-0.869871806566151,0.6227312957451608,-0.9786614719116593,-0.3104836030685753,-0.0,0.6666803562017016,0.0,1.0,0.0,0.0
2006-10,0.6977595453973034,-0.9704207751474068,0.21381490630701797,-0.9960772977284977,-0.3146472344940279,-0.0,0.6748940772226671,0.0,1.0,0.0,0.0
2006-11,0.9111288819514926,-0.74928775363754,-0.291381674711848,-1.001620230656838,-0.27184500072012324,-0.0,0.6833815889443315,0.0,1.0,0.0,0.0
2006-12,0.6367968778103923,-0.8025260078020371,-0.6193181138986619,-0.9038619107501568,-0.2503637397062451,-0.0,0.6915953099652971,0.0,1.0,0.0,0.0
2007-01,0.6875991007994848,-0.8248046100237246,-0.7651844612864084,-0.8222790749821001,-0.24383908329221868,-0.0,0.7000828216869615,0.0,1.0,0.0,0.0
2007-02,0.5351924318322068,-0.9289503649877592,-0.8947996066858129,-1.001291227981372,-0.24658618011428932,-0.0,0.7085703334086257,0.0,1.0,0.0,0.0
2007-03,-0.06427379943908673,-1.0184002949923068,-1.0632771851795397,-0.9359050142825011,-0.2844427910498647,-0.0,0.7162364730281936,0.0,1.0,0.0,0.0
2007-04,-0.4097289157649169,-0.9893464029985817,-1.2721933975802604,-0.5822017059521287,-0.2995619616135001,-0.0,0.7247239847498579,0.0,1.0,0.0,0.0
2007-05,-0.5926169185256506,-0.9239846524443708,-1.4249759495729983,0.024803515981538713,-0.31295272995696743,-0.0,0.7329377057708235,0.0,1.0,0.0,0.0
2007-06,-0.9279115902536622,-0.9252752903441616,-1.19426760954011,0.9005613887604853,-0.32913849402254874,-0.0,0.7414252174924878,0.0,1.0,0.0,0.0
2007-07,-0.5926169185256506,-0.9668642512987641,-0.8987868531554278,1.4035040712467934,-0.3347182581025718,-0.0,0.7496389385134534,0.0,1.0,0.0,0.0
2007-08,-0.8466280334711139,-1.031418514362811,-0.6109416674224297,1.6803912762874122,-0.33419536735972016,-0.0,0.7581264502351177,0.0,1.0,0.0,0.0
2007-09,-1.1006391484165774,-1.0964089548799936,-0.2704188991867662,1.8131862873522309,-0.3374535644261702,-0.0,0.7666139619567821,0.0,1.0,0.0,0.0
2007-10,-1.1412809268078514,-1.1095949348093959,0.012367906951167797,1.8342002971576992,-0.3444492825168474,-0.0,0.7748276829777476,0.0,1.0,0.0,0.0
2007-11,-1.1412809268078514,-1.0898908979649335,0.7119374705982907,1.6739933841630823,-0.3448925427340324,-0.0,0.783315194699412,0.0,1.0,0.0,0.0
2007-12,-1.2225644835904,-0.9227767764203035,1.2200086411199225,1.5898919963384603,-0.3630182904080856,-0.0,0.7915289157203775,0.0,1.0,0.0,0.0
2008-01,-1.0701578146231219,-1.0091399121411233,1.2606917858005717,1.1864068258154064,-0.3773068784136255,-0.0,0.8000164274420418,0.0,1.0,0.0,0.0
2008-02,-1.1920831497969442,-1.0613422049114334,1.4471508825464385,0.8377478299428202,-0.37852882513123665,-0.0,0.8085039391637062,0.0,1.0,0.0,0.0
2008-03,-1.5273778215249558,-1.004174199597735,1.5417673277360342,0.30485214578743425,-0.3805167969617101,-0.0,0.816443869483973,0.0,1.0,0.0,0.0
2008-04,-1.2225644835904,-1.035458188621081,1.402983309703531,-0.13768183602650164,-0.3765462796097192,-0.0,0.8249313812056374,0.0,1.0,0.0,0.0
2008-05,-0.9075907010580251,-1.0514826772070418,1.1759549960006075,-0.5200138668942214,-0.38046563781019516,-0.0,0.8331451022266029,0.0,1.0,0.0,0.0
2008-06,-0.7551840320907471,-1.091069695492125,1.1840630233013125,-0.8444382744693311,-0.38836350767791394,-0.0,0.8416326139482673,0.0,1.0,0.0,0.0
2008-07,-0.887269811862388,-1.0949662140734686,0.8263164061655409,-1.0204054879852384,-0.3860410921057388,-0.0,0.8498463349692328,0.0,1.0,0.0,0.0
2008-08,-0.9380720348514807,-1.091745211342622,0.5144176824863127,-1.096348151207093,-0.36710456901780375,-0.0,0.8583338466908972,0.0,1.0,0.0,0.0
2008-09,-0.9583929240471178,-1.0946060880737,0.3994705100849517,-1.1822343512096851,-0.3123023991103639,-0.0,0.8668213584125615,0.0,1.0,0.0,0.0
2008-10,-1.1006391484165774,-1.0948991098499092,-0.04014543036342698,-1.223402341036646,-0.3112901803504254,-0.0,0.8750350794335271,0.0,1.0,0.0,0.0
2008-11,-1.0803182592209402,-1.1104851841752827,-0.30566515619514445,-1.0644115049784348,-0.3093827545956893,-0.0,0.8835225911551914,0.0,1.0,0.0,0.0
2008-12,-1.0295160362318476,-1.1116639817024745,-0.41173830786923715,-1.1474598532850078,-0.3287612650629061,-0.0,0.891736312176157,0.0,1.0,0.0,0.0
2009-01,-0.9380720348514807,-1.0995964054990603,-0.41897057114494046,-1.3415728451605602,-0.3436628696670436,-0.0,0.9002238238978213,0.0,1.0,0.0,0.0
2009-02,-0.8263071442754768,-1.085636330419313,-0.4440513637028111,-1.6766099978434696,-0.35419153916735696,-0.0,0.9087113356194857,0.0,1.0,0.0,0.0
2009-03,-0.8364675888732954,-1.0796664511019478,-0.5254577087415161,-1.3674262103894663,-0.3239552747756124,-0.0,0.9163774752390536,0.0,1.0,0.0,0.0
2009-04,-0.6230982523191062,-1.044195158528502,-0.8674940635756105,-1.2781411592228982,-0.3039218110504593,-0.0,0.924864986960718,0.0,1.0,0.0,0.0
2009-05,-0.5722960293300134,-1.0056504925160397,-1.1278663879599713,-1.0792206195186713,-0.32152035819718144,-0.0,0.9330787079816835,0.0,1.0,0.0,0.0
2009-06,0.3218230952780176,-1.033516639752765,-1.2986298057638666,-0.3759279130494194,-0.3382502939621372,-0.0,0.9415662197033479,0.0,1.0,0.0,0.0
2009-07,0.6571177670060292,-1.040544688766876,-1.3007365869130894,0.09427626647465112,-0.24688071927119967,-0.0,0.9497799407243133,0.0,1.0,0.0,0.0
2009-08,0.6164759886147552,-1.0698692344622904,-1.136265424449556,0.25526001588119823,-0.19830547336087298,-0.0,0.9582674524459776,0.0,1.0,0.0,0.0
2009-09,0.4843902088431141,-1.0247796698453444,-1.361526057396177,-0.018969808263847088,-0.19166188475960588,-0.0,0.966754964167642,0.0,1.0,0.0,0.0
2009-10,0.6875991007994848,-1.0114214557421395,-1.3389942164054438,0.045556798598495415,-0.2346906836802894,-0.0,0.9749686851886075,0.0,1.0,0.0,0.0
2009-11,1.266744442875141,-1.0076524351855587,-1.1258961392969633,0.5078817368977854,-0.2615702512162638,-0.0,0.9834561969102719,0.0,1.0,0.0,0.0
2009-12,1.1448191077013188,-0.9590130571423257,-1.1981908241073422,0.43750006634839994,-0.3089329068840927,-0.0,0.9916699179312374,0.0,1.0,0.0,0.0
2010-01,1.1143377739078633,-0.8731196509864211,-1.2827847389045959,0.4781495024976965,-0.3446098610670629,-0.0,1.0001574296529019,0.0,1.0,0.0,0.0
2010-02,1.4293115564402379,-0.7864545462595844,-1.3057732384808285,0.33016455598944816,-0.37495737595764955,-0.0,1.0086449413745662,0.0,1.0,0.0,0.0
2010-03,1.3683488888533266,-0.7886354335252618,-1.230878765604136,0.6524252198448326,-0.36474106534489203,-0.0,1.016311080994134,0.0,1.0,0.0,0.0
2010-04,0.4945506534409327,-0.9152901818785373,-1.2069039949506533,1.0156392655509368,-0.36157632137712814,-0.0,1.0247985927157983,0.0,1.0,0.0,0.0
2010-05,-0.4097289157649169,-0.9372041844855531,-0.49572206231941524,1.7001270139697064,-0.3702803665778854,-0.0,1.033012313736764,0.0,1.0,0.0,0.0
2010-06,-1.6594636012965969,-0.9502380615082214,0.6071192244716724,1.7521860714354909,-0.376953766382676,-0.0,1.0414998254584282,0.0,1.0,0.0,0.0
2010-07,-2.421496946132987,-0.7910511855733968,1.2971031674887843,1.1714585642456317,-0.37432682992477023,-0.0,1.0497135464793939,0.0,1.0,0.0,0.0
2010-08,-2.421496946132987,-0.8102429935113564,1.4099737615046983,0.07706354234614661,-0.37848005534210155,-0.0,1.0582010582010581,0.0,1.0,0.0,0.0
2010-09,-2.380855167741713,-0.8013628679270091,1.3796617388800652,-0.5427141233954185,-0.3852178786091883,-0.0,1.0666885699227227,0.0,1.0,0.0,0.0
2010-10,-2.177646275785342,-0.8175573538793203,1.3211087222827185,-0.6383114297429795,-0.3979966128955973,-0.0,1.074902290943688,0.0,1.0,0.0,0.0
2010-11,-2.045560496013701,-0.8270883904321932,1.263958614352171,-0.6619879784203753,-0.3895052209466412,-0.0,1.0833898026653526,0.0,1.0,0.0,0.0
2010-12,-1.9033142716442415,-0.8080285541338997,0.6605786957596321,-0.6056128907206868,-0.344230644693852,-0.0,1.091603523686318,0.0,1.0,0.0,0.0
2011-01,-1.8220307148616934,-0.8259789339360125,0.3016251916929417,-0.7622365445735451,-0.3314419286786228,-0.0,1.1000910354079825,0.0,1.0,0.0,0.0
2011-02,-1.5985009337096856,-0.5859351433673307,0.3982556552165178,-0.9263019141724212,-0.33006036362184593,-0.0,1.1085785471296468,0.0,1.0,0.0,0.0
2011-03,-1.7813889364704192,-0.119405011968358,0.1083948939857215,-1.1319416425451148,-0.33748397855291107,-0.0,1.1162446867492144,0.0,1.0,0.0,0.0
2011-04,-1.8220307148616934,-0.14789299167673284,-0.2120581609220082,-1.166805983784549,-0.3468038986549259,-0.0,1.124732198470879,0.0,1.0,0.0,0.0
2011-05,-1.3038480403729482,-0.46814566180604267,-0.6437836585963598,-1.1846509764883295,-0.3561384005666043,-0.0,1.1329459194918443,0.0,1.0,0.0,0.0
2011-06,-1.0803182592209402,-0.4493184534827549,-0.9732202628891083,-1.0321341074030517,-0.3101237472297876,-0.0,1.1414334312135088,0.0,1.0,0.0,0.0
2011-07,-0.8161466996776583,-0.4833112163304444,-1.06477134368241,-0.7220942079546508,-0.23581917729921445,-0.0,1.1496471522344742,0.0,1.0,0.0,0.0
2011-08,-0.8364675888732954,-0.3354135076057464,-1.169544054007764,-0.8933424630917113,-0.17520078575811063,-0.0,1.1581346639561387,0.0,1.0,0.0,0.0
2011-09,-1.131120482210033,0.3212684241455684,-1.3187630642651993,-0.7928374271770157,-0.15426416538388704,-0.0,1.166622175677803,0.0,1.0,0.0,0.0
2011-10,-1.3851315971554963,0.33126695345590396,-1.3145076801376159,-0.680482459219408,-0.16975000258561712,-0.0,1.1748358966987686,0.0,1.0,0.0,0.0
2011-11,-1.283527151177311,0.6120847082068647,-1.1902853861127474,-0.10831240981330673,-0.1954833460939791,-0.0,1.183323408420433,0.0,1.0,0.0,0.0
2011-12,-1.1920831497969442,0.3420036292253923,-1.0114634466092642,0.47448524195288183,-0.27686712781558487,-0.0,1.1915371294413986,0.0,1.0,0.0,0.0
2012-01,-1.0701578146231219,0.1764843513940215,-1.243975161059736,0.1780895803395494,-0.30900231004555423,-0.0,1.2000246411630628,0.0,1.0,0.0,0.0
2012-02,-0.6535795861125617,-0.33637147824552405,-1.200378993081699,0.07275298657292345,-0.32356623298700804,-0.0,1.2085121528847274,0.0,1.0,0.0,0.0
2012-03,-0.5011729171452838,-0.13725473543513225,-1.2667411524004109,0.021049840692123484,-0.3446105086512593,-0.0,1.2164520832049939,0.0,1.0,0.0,0.0
2012-04,-0.41988936036273544,-0.1345101726915564,-1.1083852481019418,0.26460788605456237,-0.34248002363660074,-0.0,1.2249395949266584,0.0,1.0,0.0,0.0
2012-05,-0.33860580358018716,0.07915638554361189,-0.8600797254359858,1.0915496867490326,-0.35727495549224997,-0.0,1.2331533159476238,0.0,1.0,0.0,0.0
2012-06,-0.07443424403690528,0.08876794716475611,-0.34123264972027223,1.475015607267812,-0.3735624349376438,-0.0,1.2416408276692883,0.0,1.0,0.0,0.0
2012-07,0.44374843045184004,0.4185024440829945,0.040685994414036926,1.5525494177973516,-0.37898925749487083,-0.0,1.2498545486902537,0.0,1.0,0.0,0.0
2012-08,0.09829331412600983,-0.0384773183558416,0.3326795806707834,1.5554531741563897,-0.3832302640665474,-0.0,1.2583420604119182,0.0,1.0,0.0,0.0
2012-09,-0.20652002380854623,0.08141779787756033,0.494842216091252,1.5268715013913041,-0.38575028214058005,-0.0,1.2668295721335825,0.0,1.0,0.0,0.0
2012-10,-0.18619913461290913,0.04144381190328531,0.6063972639349133,1.5220687153873977,-0.394223028130778,-0.0,1.2750432931545481,0.0,1.0,0.0,0.0
2012-11,-0.10491557783036087,-0.04478287856296405,0.8698999603188388,1.5233382447529886,-0.3946567755594229,-0.0,1.2835308048762124,0.0,1.0,0.0,0.0
2012-12,0.06781198033255423,-0.32152293332897114,1.4090952434695292,1.2072168850489757,-0.4083564415645688,-0.0,1.291744525897178,0.0,1.0,0.0,0.0
2013-01,0.06781198033255423,0.054059405932433864,1.2903084268815264,0.8979826324630461,-0.4119630165981878,-0.0,1.3002320376188423,0.0,1.0,0.0,0.0
2013-02,0.027170201941280087,-0.38853608687058405,1.291640756994167,0.650451883806947,-0.4326086260328469,-0.0,1.3087195493405068,0.0,1.0,0.0,0.0
2013-03,-0.10491557783036087,-0.21388775873985288,1.5203372447586594,0.4084411038579158,-0.43083674634956237,-0.0,1.3163856889600745,0.0,1.0,0.0,0.0
2013-04,-0.3792475819714613,0.11269060286364656,1.423142501070595,0.003025729602816278,-0.41459716580421196,-0.0,1.3248732006817387,0.0,1.0,0.0,0.0
2013-05,-0.8161466996776583,0.28724658280100324,1.4249858167768528,-0.23239429268617665,-0.4173587774444776,-0.0,1.3330869217027044,0.0,1.0,0.0,0.0
2013-06,-1.0599973700253034,-0.14075086548257157,1.426945507316102,-0.6377020486750122,-0.41798510301483555,-0.0,1.3415744334243687,0.0,1.0,0.0,0.0
2013-07,-0.73486314289511,-0.024184118737710886,1.1233970072667199,-0.8062698002163393,-0.41949154016906826,-0.0,1.3497881544453343,0.0,1.0,0.0,0.0
2013-08,-0.39956847116709837,-0.0440469689112635,1.0985189635510384,-0.7905124927538513,-0.4228683121349265,-0.0,1.3582756661669986,0.0,1.0,0.0,0.0
2013-09,-0.3081244697867315,-0.34863527645438036,1.1021507762530922,-0.814468342912678,-0.4295265718678153,-0.0,1.366763177888663,0.0,1.0,0.0,0.0
2013-10,-0.13539691162381648,0.23067772234051293,0.9031001490596103,-0.8706792677339621,-0.4387134245827165,-0.0,1.3749768989096285,0.0,1.0,0.0,0.0
2013-11,-0.09475513323254234,0.5132043979847835,0.5605735683154894,-1.109043540905814,-0.43918982324636513,-0.0,1.383464410631293,0.0,1.0,0.0,0.0
2013-12,-0.19635957921072766,0.4714476764712829,0.14216588131104446,-1.2321752035789535,-0.4384630328036084,-0.0,1.3916781316522584,0.0,1.0,0.0,0.0
2014-01,-0.43004980496055395,0.7197333036406948,0.1287566048172149,-1.3883181558255022,-0.44707764439379505,-0.0,1.400165643373923,0.0,1.0,0.0,0.0
2014-02,-0.38940802656927986,0.9508354564200997,0.018484299252803694,-1.361806876792855,-0.45910113919378515,-0.0,1.4086531550955872,0.0,1.0,0.0,0.0
2014-03,-0.12523646702599794,0.5809617693200616,-0.1987982385972568,-1.2845791561280613,-0.4125300770493312,-0.0,1.416319294715155,0.0,1.0,0.0,0.0
2014-04,-0.1760386900150906,0.5152846289151216,-0.7864081145545797,-1.2126902820906913,-0.3656890169559611,-0.0,1.4248068064368193,0.0,1.0,0.0,0.0
2014-05,-0.19635957921072766,0.2628877496489768,-1.0897285851768512,-0.5540621211364041,-0.35180548170001924,-0.0,1.433020527457785,0.0,1.0,0.0,0.0
2014-06,0.04749109113691715,0.11539490307308628,-1.2756223566674492,0.0184769840546044,-0.3584967905574135,-0.0,1.4415080391794493,0.0,1.0,0.0,0.0
2014-07,0.4640693196474771,0.44581386307162973,-1.3809689940341565,0.3114418391867589,-0.3549656925784084,-0.0,1.4497217602004149,0.0,1.0,0.0,0.0
2014-08,0.2811813168867434,0.1643116452403642,-1.3832738235572883,0.3257057358851607,-0.3493949053551767,-0.0,1.4582092719220792,0.0,1.0,0.0,0.0
2014-09,-0.023632021047812583,0.6002273919039364,-1.4370899499829972,0.4452201260183406,-0.3474071791600881,-0.0,1.4666967836437437,0.0,1.0,0.0,0.0
2014-10,0.10845375872382836,0.6990652027844301,-1.2898526188924502,0.7081336818574006,-0.360066289014081,-0.0,1.474910504664709,0.0,1.0,0.0,0.0
2014-11,0.37262531826711026,0.6415546463866578,-0.8564987872837039,1.3259659964937809,-0.36264570619026537,-0.0,1.4833980163863734,0.0,1.0,0.0,0.0
2014-12,0.3929462074627474,0.6970520760776511,-0.3820309444401532,1.6986343532989425,-0.368869325274928,-0.0,1.491611737407339,0.0,1.0,0.0,0.0
2015-01,0.24053953849546933,0.34914351861210186,-0.27540623126351,1.6550237371516712,-0.37237291209083123,-0.0,1.5000992491290033,0.0,1.0,0.0,0.0
2015-02,0.027170201941280087,0.11428544657690567,0.06328040894426089,1.7256474907194044,-0.3915106105589486,-0.0,1.5085867608506676,0.0,1.0,0.0,0.0
2015-03,0.12877464791946544,0.09579823298631865,0.3162022925194951,1.5666624146437167,-0.4083982442409703,-0.0,1.5162529004702354,0.0,1.0,0.0,0.0
2015-04,0.596155099419118,0.19728666069740464,0.6584741457637161,1.509583118004343,-0.3896335096089953,-0.0,1.5247404121919,0.0,1.0,0.0,0.0
2015-05,1.3073862212664153,0.044060876622097726,1.048489356231825,1.1451489232480225,-0.34443537062186974,-0.0,1.5329541332128653,0.0,1.0,0.0,0.0
2015-06,1.835729340352979,0.2151073056673032,1.2792438694244865,0.42988975333859203,-0.295543634683424,-0.0,1.5414416449345298,0.0,1.0,0.0,0.0
2015-07,1.7544457835704308,-0.20596946035985553,1.4375626484721673,-0.3067603774467575,-0.2573698861355332,-0.0,1.5496553659554952,0.0,1.0,0.0,0.0
2015-08,1.947494230928983,-0.23442165114899907,1.3448934902576972,-0.6512391076427457,-0.23592569373427605,-0.0,1.5581428776771598,0.0,1.0,0.0,0.0
2015-09,2.242147124265721,-0.361740731315512,1.4633029507170852,-0.8013162963613941,-0.20802656070730743,-0.0,1.566630389398824,0.0,1.0,0.0,0.0
2015-10,2.221826235070084,-0.3559474000148923,1.0991795745776753,-0.7641740134353404,-0.23133968109934963,-0.0,1.5748441104197897,0.0,1.0,0.0,0.0
2015-11,1.9678151201246203,-0.27652060420265206,0.7427142299101587,-1.1151620445830657,-0.2322456737205905,-0.0,1.583331622141454,0.0,1.0,0.0,0.0
2015-12,2.03893823230935,-0.23442165114899907,0.3440291180807864,-0.9713150228446509,-0.24583851066382134,-0.0,1.5915453431624196,0.0,1.0,0.0,0.0
2016-01,1.9982964539180756,-0.4224476855621592,0.34381984134685295,-0.887728189960012,-0.27373777767372715,-0.0,1.6000328548840836,0.0,1.0,0.0,0.0
2016-02,1.8458897849507978,-0.404301777936227,0.5076891618971549,-0.7794617244856014,-0.2986895987094926,-0.0,1.6085203666057482,0.0,1.0,0.0,0.0
2016-03,1.3886697780489636,-0.6214117084154851,0.5806059563817432,-0.3224969794277502,-0.33815032036050807,-0.0,1.616460296926015,0.0,1.0,0.0,0.0
2016-04,1.3175466658642339,-0.5481987637048363,0.8781613525962472,0.3015649210524018,-0.34204294896501575,-0.0,1.6249478086476792,0.0,1.0,0.0,0.0
2016-05,1.2362631090816856,-0.5237079589131435,1.0014811191150579,0.37979374981111735,-0.3450112516163778,-0.0,1.6331615296686448,0.0,1.0,0.0,0.0
2016-06,0.23037909389765077,-0.7479702740483257,0.9599237085479507,0.21636309887053815,-0.3549649556722539,-0.0,1.641649041390309,0.0,1.0,0.0,0.0
2016-07,-0.450370694156191,-0.6590571778322525,0.9778601328686594,-0.20696440414964837,-0.36602386264647446,-0.0,1.6498627624112747,0.0,1.0,0.0,0.0
2016-08,-0.14555735622163501,-0.6945553120951227,1.109426656223229,-0.6514487514683797,-0.3722128248113854,-0.0,1.658350274132939,0.0,1.0,0.0,0.0
2016-09,-0.21668046840636476,-0.6610166211601843,1.0758927941686418,-0.7988415664119529,-0.36378074264262295,-0.0,1.6668377858546033,0.0,1.0,0.0,0.0
2016-10,-0.4097289157649169,-0.7260271929444343,1.1036765768601906,-0.8384870358944218,-0.36708056374155823,-0.0,1.675051506875569,0.0,1.0,0.0,0.0
2016-11,-0.2370013576020018,-0.9068305760951618,1.1587990214053494,-0.9713539180176105,-0.381207032393105,-0.0,1.6835390185972332,0.0,1.0,0.0,0.0
2016-12,-0.09475513323254234,-0.9916928140157052,1.1018343368653616,-1.0816973383538298,-0.39689654598984486,-0.0,1.6917527396181988,0.0,1.0,0.0,0.0
2017-01,-0.1658782454172721,-0.9482763813728377,0.9642218068222216,-1.154105418089457,-0.4099565327918934,-0.0,1.7002402513398631,0.0,1.0,0.0,0.0
2017-02,-0.18619913461290913,-0.945072154697881,0.973655719993665,-1.216679922694544,-0.41633559441417944,-0.0,1.7087277630615276,0.0,1.0,0.0,0.0
2017-03,-0.4097289157649169,-0.9690115864526615,0.6121885919274076,-1.3411743733538946,-0.42658850469927784,-0.0,1.7163939026810955,0.0,1.0,0.0,0.0
2017-04,-0.297964025188913,-0.8076729017490355,-0.04537575854241476,-1.45338962582869,-0.41589939063168613,-0.0,1.7248814144027598,0.0,1.0,0.0,0.0
2017-05,-0.033792465645631126,-0.9412975421226705,-0.8225830054344458,-1.09045674741445,-0.415650048385586,-0.0,1.7330951354237254,0.0,1.0,0.0,0.0
2017-06,-0.5113333617431022,-0.9024620911414512,-1.2460111442719708,-0.5439288767311101,-0.44021146547288564,-0.0,1.7415826471453897,0.0,1.0,0.0,0.0
2017-07,-0.8059862550798398,-0.8381583505120255,-1.433030198840552,-0.18884728693398928,-0.4307495011269658,-0.0,1.7497963681663553,0.0,1.0,0.0,0.0
2017-08,-0.8364675888732954,-0.8448016686443963,-1.4461118427757982,-0.09839901479011488,-0.43970681873998063,-0.0,1.7582838798880196,0.0,1.0,0.0,0.0
2017-09,-0.7856653658842027,-0.5420274119448324,-1.4899285899257217,-0.08886330844498012,-0.38401678856879884,-0.0,1.766771391609684,0.0,1.0,0.0,0.0
2017-10,-0.5621355847321949,-0.926467508716065,-1.5188208617172005,0.1141181799226086,-0.3844075051441181,-0.0,1.7749851126306495,0.0,1.0,0.0,0.0
2017-11,-0.48085202794964665,-1.0365676451172614,-1.330426180228841,0.4083149104322362,-0.3931985945930661,-0.0,1.783472624352314,0.0,1.0,0.0,0.0
2017-12,-0.6230982523191062,-1.063360124777038,-1.0220476548908672,0.8230990962487256,-0.40490914991277255,-0.0,1.7916863453732794,0.0,1.0,0.0,0.0
2018-01,-0.7043818091016544,-1.0973148618980442,-1.1501012994657198,0.7778865890060136,-0.4146240740440965,-0.0,1.800173857094944,0.0,1.0,0.0,0.0
2018-02,-0.6942213645038359,-1.0429173023855798,-1.3144237957889096,0.3375363141831954,-0.4278324022880977,-0.0,1.8086613688166082,0.0,1.0,0.0,0.0
2018-03,-0.866948922666751,-1.1001332392875345,-1.3729008182823386,0.442913621591822,-0.4377113438650249,-0.0,1.816327508436176,0.0,1.0,0.0,0.0
2018-04,-1.3038480403729482,-1.0393412863577125,-1.1450035013735005,1.0010817436039432,-0.41625058224053596,-0.0,1.8248150201578404,0.0,1.0,0.0,0.0
2018-05,-0.8364675888732954,-0.9992084870543467,-0.7795444398459981,1.5104566977085656,-0.407794539456507,-0.0,1.833028741178806,0.0,1.0,0.0,0.0
2018-06,-0.5519751401343764,-0.951208835942379,-0.08778255380999513,1.8994742841116068,-0.404516021644584,-0.0,1.8415162529004703,0.0,1.0,0.0,0.0
2018-07,-0.27764313599327595,-1.009743850153157,0.42452899299770686,1.8384374816105185,-0.3828289405087011,-0.0,1.849729973921436,0.0,1.0,0.0,0.0
2018-08,0.1998977601041952,-1.0328948072811157,0.8714281955776643,1.704061646457854,-0.345281338887252,-0.0,1.8582174856431002,0.0,1.0,0.0,0.0
2018-09,0.5656737656256624,-1.0708914554678437,1.254496926466189,1.2578364341421657,-0.28378238915248283,-0.0,1.8667049973647647,0.0,1.0,0.0,0.0
2018-10,0.45390887504965854,-1.0677218993083926,1.4187571618934949,0.8406286586741704,-0.274247046817965,-0.0,1.87491871838573,0.0,1.0,0.0,0.0
2018-11,0.2608604276911064,-1.1029963528260647,1.7428161481775377,0.38492728572804763,-0.27059940601409904,-0.0,1.8834062301073946,0.0,1.0,0.0,0.0
2018-12,0.1998977601041952,-1.095503047861943,1.7146957535419982,-0.12667307519767093,-0.2867544433260861,-0.0,1.89161995112836,0.0,1.0,0.0,0.0
2019-01,0.10845375872382836,-1.065641668378054,1.3271535153895706,-0.37559768938181326,-0.30824088501353536,-0.0,1.9001074628500245,0.0,1.0,0.0,0.0
2019-02,0.5351924318322068,-1.0740464723788565,1.0161681905744182,-0.46856148402740544,-0.3239931026248775,-0.0,1.9085949745716886,0.0,1.0,0.0,0.0
2019-03,0.7892035467776701,-1.0325592861633193,1.1952627994406761,-0.7777226278316385,-0.34005788009818133,-0.0,1.9162611141912564,0.0,1.0,0.0,0.0
2019-04,0.36246487366929175,-0.9893464029985817,1.0153666122761038,-0.8975223106452759,-0.35144991331522135,-0.0,1.9247486259129207,0.0,1.0,0.0,0.0
2019-05,0.27102087228892496,-0.9904849379916376,0.5565655971962035,-1.3404692138517673,-0.35797171142658785,-0.0,1.9329623469338864,0.0,1.0,0.0,0.0
2019-06,0.35230442907147325,-1.044264499559513,-0.030869446484285676,-1.3470734351814908,-0.33654366396926144,-0.0,1.9414498586555506,0.0,1.0,0.0,0.0
2019-07,0.27102087228892496,-1.063561437447716,-0.16875400808380994,-1.3161339943322705,-0.2019270321529671,-0.0,1.9496635796765163,0.0,1.0,0.0,0.0
2019-08,0.3319835398758362,-1.0774520117244912,-0.24906871667356603,-1.2589215873424393,-0.028888961998907,-0.0,1.9581510913981806,0.0,1.0,0.0,0.0
2019-09,0.1998977601041952,-1.0744971890804298,-0.09927513961799317,-1.1032225176145916,0.05867254965137573,-0.0,1.9666386031198448,0.0,1.0,0.0,0.0
2019-10,0.291341761484562,-1.111809374186853,-0.47493557455859453,-0.8990462593995199,0.02479567855996738,-0.0,1.9748523241408105,0.0,1.0,0.0,0.0
2019-11,0.5148715426365698,-1.0774095123829037,-0.6613966184327938,-0.7442750374685818,-0.003626657836706275,-0.0,1.9833398358624748,0.0,1.0,0.0,0.0
2019-12,0.47422976424529567,-1.076512552594661,-0.867512500078196,-0.6766455453390159,-0.014838528664212381,-0.0,1.9915535568834404,0.0,1.0,0.0,0.0
2020-01,0.291341761484562,-1.0515497814306012,-0.8959218909474698,-0.443772426900184,0.046291677696935804,-0.0,2.0000410686051047,0.0,1.0,0.0,0.0
2020-02,0.1998977601041952,-1.064882696470211,-0.8813795050382223,-0.3220938910703041,0.08023853254253346,-0.0,2.008528580326769,0.0,1.0,0.0,0.0
2020-03,0.15925598171292102,-1.0608101642817849,-0.8050453094545151,-0.1686019601035251,0.05619632166731287,-0.0,2.016468510647036,0.0,1.0,0.0,0.0
2020-04,-0.07443424403690528,-1.0488410076062575,-0.4900039174414203,0.056443197093842504,0.00022829923196303039,-0.0,2.0249560223687,0.0,1.0,0.0,0.0
2020-05,-0.297964025188913,-1.035444767776369,0.3333043759266044,0.7554715223199545,-0.05594230540440961,-0.0,2.033169743389666,0.0,1.0,0.0,0.0
2020-06,-0.8161466996776583,-1.0150025844727542,0.6339840937417801,0.5169315630105356,-0.10261803055329412,-0.0,2.04165725511133,0.0,1.0,0.0,0.0
2020-07,-0.8263071442754768,-1.0130990613311222,0.6578345351902535,-0.009204821196021076,-0.14276311471695796,-0.0,2.0498709761322957,0.0,1.0,0.0,0.0
2020-08,-0.887269811862388,-0.9792785326572346,0.5788209211050488,-0.5748492914867197,-0.16377556943362792,-0.0,2.05835848785396,0.0,1.0,0.0,0.0
2020-09,-1.1616018160034887,-1.0195790925194985,0.5973546887417264,-0.9649210548071276,-0.19125314747923536,-0.0,2.0668459995756243,0.0,1.0,0.0,0.0
2020-10,-1.1412809268078514,-0.9630393105558839,0.4763736967820524,-1.2849665107515076,-0.21633073383203788,-0.0,2.07505972059659,0.0,1.0,0.0,0.0
2020-11,-1.0904787038187587,-0.6773117634478344,0.13056260220644703,-1.3747202327059576,-0.23319244181571447,-0.0,2.0835472323182542,0.0,1.0,0.0,0.0
2020-12,-1.110799593014396,-0.7548149048513744,-0.16259947692201246,-1.2432401984532573,-0.264169520197641,-0.0,2.09176095333922,0.0,1.0,0.0,0.0
2021-01,-1.131120482210033,-0.9745812370080834,-0.19143782319149746,-1.0061722409732068,-0.27674346156456364,-0.0,2.100248465060884,0.0,1.0,0.0,0.0
2021-02,-0.8771093672645696,-1.0097079014619643,-0.20957415708483842,-1.079718666856547,-0.30905804694742295,-0.0,2.1087359767825484,0.0,1.0,0.0,0.0
2021-03,-0.7551840320907471,-0.9593485782601222,-0.3872505089225632,-1.1515068324687283,-0.3245533299462245,-0.0,2.1164021164021163,0.0,1.0,0.0,0.0
2021-04,-0.9888742578405735,-0.9390048144843944,-0.8099532910198645,-1.12411262372797,-0.32194479381169205,-0.0,2.124889628123781,0.0,1.0,0.0,0.0
2021-05,-1.110799593014396,-0.9030168193895415,-1.0644519078356633,-0.794245189317047,-0.2506571176776999,-0.0,2.133103349144746,0.0,1.0,0.0,0.0
2021-06,-1.242885372786037,-0.7992826369966709,-1.1372521953062191,-0.2472364258821358,-0.19080519785924888,-0.0,2.141590860866411,0.0,1.0,0.0,0.0
2021-07,-1.4867360431336818,-0.7663568313035739,-1.034767657170627,0.35462139866947145,-0.17213690861155703,-0.0,2.149804581887376,0.0,1.0,0.0,0.0
2021-08,-1.3038480403729482,-0.8488279220579543,-0.9857063888620755,0.35199592062595575,-0.17770081804401325,-0.0,2.158292093609041,0.0,1.0,0.0,0.0
2021-09,-1.4054524863511333,-0.6703776603467065,-1.1572040958047711,0.5283123583897034,-0.1944059892960794,-0.0,2.166779605330705,0.0,1.0,0.0,0.0
2021-10,-1.456254709340226,-0.6648952452819119,-1.1115533215157924,0.6683652584006836,-0.20152106385329838,-0.0,2.1749933263516708,0.0,1.0,0.0,0.0
2021-11,-1.3851315971554963,-0.7528934872501264,-0.6674015153232347,1.1883262528399898,-0.22459917817351915,-0.0,2.183480838073335,0.0,1.0,0.0,0.0
2021-12,-1.1412809268078514,-0.43063440083639354,-0.22725995592407094,1.410189721410059,-0.2517917298507564,-0.0,2.1916945590943007,0.0,1.0,0.0,0.0
2022-01,-1.0091951470362106,-0.4141938660643651,-0.20391365387914198,1.359361852589478,-0.2683702425662042,-0.0,2.200182070815965,0.0,1.0,0.0,0.0
2022-02,-0.9075907010580251,-0.2899479995649075,0.07046457319212585,1.4035904647033874,-0.13368112598089307,-0.0,2.2086695825376292,0.0,1.0,0.0,0.0
2022-03,-1.2327249281882184,-0.03525631562499545,0.04360432206678159,1.4434059478928942,0.054643057476534224,-0.0,2.216335722157197,0.0,1.0,0.0,0.0
2022-04,-1.720426268883508,0.2345227943504609,0.3297932744974132,1.4746930448307207,0.0737220490876753,-0.0,2.2248232338788614,0.0,1.0,0.0,0.0
2022-05,-1.8423516040573302,0.3440838601557305,0.7877015884610751,1.3003156405688807,0.04916927389982404,-0.0,2.2330369548998266,0.0,1.0,0.0,0.0
2022-06,-2.0354000514158823,-0.01378743770092326,1.15444715039922,0.6780813740601114,0.04732557936220869,-0.0,2.241524466621491,0.0,1.0,0.0,0.0
2022-07,-2.0658813852093383,0.18893889528662755,1.2948659346323053,0.1489871869373794,0.06902255290495371,-0.0,2.2497381876424565,0.0,1.0,0.0,0.0
2022-08,-1.7509076026769637,0.010374556395329066,1.286500124842867,-0.3545132766083175,0.06259414090080474,-0.0,2.2582256993641208,0.0,1.0,0.0,0.0
2022-09,-1.720426268883508,0.3343738790066997,1.3219101352432792,-0.7682871150018725,0.04726318797445983,-0.0,2.2667132110857855,0.0,1.0,0.0,0.0
2022-10,-1.6696240458944154,0.2553049723867757,1.364614221799139,-0.8272632255065899,0.02293425361366463,-0.0,2.2749269321067507,0.0,1.0,0.0,0.0
2022-11,-1.435933820144589,0.005628050982234427,1.2410450922672969,-0.8466229902317257,0.00877909028307088,-0.0,2.2834144438284154,0.0,1.0,0.0,0.0
2022-12,-1.2022435943947627,0.4856066676422948,0.927526393013517,-0.8903351240729793,-0.09929887125042519,-0.0,2.2916281648493806,0.0,1.0,0.0,0.0
2023-01,-1.0599973700253034,1.1691302888173298,0.6952043406585283,-0.9525682789991129,-0.09929887125042519,-0.0,2.3001156765710453,0.0,1.0,0.0,0.0
2023-02,-0.7551840320907471,1.1091558890112052,0.47429132859083384,-0.9818084690013534,-0.09929887125042519,-0.0,2.3086031882927096,0.0,1.0,0.0,0.0
2023-03,-0.6129378077212876,0.7400658833791626,0.3796895604872213,-1.3519301097052587,-0.09929887125042519,-0.0,2.3162693279122775,0.0,1.0,0.0,0.0
2023-04,-0.34876624817800567,0.5461413877151403,0.11883963798036565,-1.5551969574799056,-0.09929887125042519,-0.0,2.3247568396339418,0.0,1.0,0.0,0.0
2023-05,-0.07443424403690528,0.8195172840733749,-0.48176841245271745,-1.2232712881002565,-0.09929887125042519,-0.0,2.3329705606549074,0.0,1.0,0.0,0.0
2023-06,0.30150220608238054,0.9641291226511185,-1.038411714986296,-0.9143951804014406,-0.09929887125042519,-0.0,2.3414580723765717,0.0,1.0,0.0,0.0
2023-07,0.3218230952780176,1.2981046064983053,-1.304737389633885,-0.49466914163201753,-0.09929887125042519,-0.0,2.3496717933975373,0.0,1.0,0.0,0.0
2023-08,0.5047110980387512,0.7720074937933895,-1.3780127262030746,-0.32645851702897505,-0.09929887125042519,-0.0,2.3581593051192016,0.0,1.0,0.0,0.0
2023-09,0.6672782116038478,0.7401575924846936,-1.4165772043755522,-0.05838636034834752,-0.09929887125042519,-0.0,2.366646816840866,0.0,1.0,0.0,0.0
