time,enso,trop,solar,qboA,qboB,qboC,linear_pre,linear_post
1979-01,,0.5776341995380583,1.518254695269892,-1.0786314349467963,-0.9433088109501172,0.48676429750425,-1.8,0.0
1979-02,,0.8974768851057914,1.5719869174733854,-0.8416446921939466,-0.8823813588556016,0.537820125961628,-1.7916666666666667,0.0
1979-03,0.5477025402555826,0.4635020175731479,1.2615225159775296,-1.1819344448226161,-0.6231583898395076,-0.4964433793152752,-1.7833333333333332,0.0
1979-04,0.3628966370180622,0.4811923248643909,1.076148241355132,-1.2442121364934884,-0.5567868862100883,-0.39721743664326814,-1.775,0.0
1979-05,0.013818819791634412,1.0361469434532031,0.9509540556006468,-1.243708205841351,-0.049892497044895706,-0.34403678422471795,-1.7666666666666666,0.0
1979-06,0.28076068002360854,0.8368076038705604,1.3025718525633783,-0.826412811245658,0.6756028688750184,-0.08465072363763958,-1.7583333333333333,0.0
1979-07,0.3423626477694488,0.6171939117693703,1.003201073774924,-0.7463539104877701,1.1951808560459836,-0.26096865550939535,-1.75,0.0
1979-08,-0.047783147954205775,0.08911095136694941,1.11709824900909,-0.6342321662765624,1.3556328060685254,-0.7519463088398953,-1.7416666666666667,0.0
1979-09,-0.047783147954205775,0.14645745799250764,1.6369726346651323,-0.626638462238075,1.3302213438758872,-0.2777312208434433,-1.7333333333333334,0.0
1979-10,0.5477025402555826,-1.9322124455569347,1.9273574560819142,0.0372694711273585,1.598233714659401,0.872029627432855,-1.7249999999999999,0.0
1979-11,0.45529958863682246,-0.4590232351283241,2.1402502594571104,0.698488481744068,1.8865938686898043,0.5630961502136861,-1.7166666666666666,0.0
1979-12,0.301294669272222,-0.06189739527699653,1.5325580614620895,1.1518317533368978,1.2040098328173867,-0.14401946191688525,-1.7083333333333333,0.0
1980-01,0.6093045080014229,0.5360995169171495,1.58096436093661,1.0742309223926678,0.2904127071339298,-1.2326319213492896,-1.7,0.0
1980-02,0.7119744542444899,0.16652074497323557,1.4888738822438694,1.185952926580343,0.3786566630188012,-0.5643339598163304,-1.6916666666666667,0.0
1980-03,0.403964615515289,-0.5737554462650356,0.9016206860951504,1.2881044215869673,0.24780397997408019,0.06532853828089923,-1.6833333333333333,0.0
1980-04,0.2704936853993019,-1.0100158520500673,1.7819685948193411,1.3641797571013865,0.1169870481270799,0.43759744486832497,-1.675,0.0
1980-05,0.4655665832611292,-0.2894652429320129,2.1881952312257407,1.157711531356232,-0.21278908255336165,0.3968532926694067,-1.6666666666666667,0.0
1980-06,0.5887705187528095,-0.3577328835287459,1.5762782426609874,0.9154876260015096,-0.8553974260653914,0.26661810142006853,-1.6583333333333332,0.0
1980-07,0.5271685510069694,0.5422867523972297,1.4023047221099942,0.5377187499213704,-0.8649568758846053,-1.055872778698853,-1.65,0.0
1980-08,0.6298384972500364,1.3716084788195793,0.981216270183213,0.23000261499847713,-1.1298107804252915,-1.5075721240457165,-1.6416666666666666,0.0
1980-09,0.5477025402555826,1.2331163185683296,1.3003137748450733,0.2694604190495521,-1.302075288642979,-1.346810181722676,-1.6333333333333333,0.0
1980-10,0.095954776786088,1.1898991420888025,1.6496337625167443,0.2861964797595762,-1.2366730279621787,-0.4573240892313966,-1.625,0.0
1980-11,0.1883577284048483,1.489853423550001,1.8657227501892084,0.2489584156887218,-1.0631578496058545,0.6310677173167003,-1.6166666666666667,0.0
1980-12,0.08568778216178131,1.5515720020303918,1.9752340012530205,0.3109093442679106,-0.7672597255941971,1.5854357035002737,-1.6083333333333334,0.0
1981-01,-0.00671516945697899,1.4670734215753392,0.953735265693574,-0.10950878538730993,-0.8731354824863946,0.11441615279478036,-1.6,0.0
1981-02,-0.05805014257851247,0.9319288113218716,1.5808579370810136,-0.2703297891443569,-1.3469056403598212,-0.9198687237829772,-1.5916666666666666,0.0
1981-03,-0.30445801356187324,0.7314949461645364,1.6561232527335747,-0.33039799737809755,-1.24912239193087,0.3350005047807535,-1.5833333333333333,0.0
1981-04,-0.17098708344588617,0.5854677462131306,2.0972783562117856,-0.7680555147132825,-1.1605076243936538,0.7512840913140703,-1.575,0.0
1981-05,0.403964615515289,0.1829114915959042,1.5683826962305105,-1.0764346918661045,-0.6992328396077055,0.8102761492780745,-1.5666666666666667,0.0
1981-06,0.506634561758356,0.46576644927175426,0.8075738460718532,-1.029772889550086,0.224457319117475,-0.5131324096512412,-1.5583333333333333,0.0
1981-07,-0.18125407807019284,1.3294707518049005,1.5536157950228255,-0.41045611344984984,0.9246710346228965,1.3752019304706153,-1.55,0.0
1981-08,-0.653535830788301,0.9753841903369378,2.1238963026487783,-0.49750909760457845,0.8976950699250726,0.4721335710446949,-1.5416666666666667,0.0
1981-09,-0.5611328791695407,0.5486760077492229,2.0406895600591057,-0.33322720979515025,1.1830109625344478,1.7879753596504,-1.5333333333333332,0.0
1981-10,-0.28392402431325986,0.39768575243709003,2.059133839056327,-0.2677828683349735,1.2923246044832015,2.307005381517053,-1.525,0.0
1981-11,-0.00671516945697899,0.5976281364135027,1.658869145872941,-0.09085176785912996,1.6801425814670126,2.072852893086228,-1.5166666666666666,0.0
1981-12,-0.09911812107573928,0.06264936336832176,1.6181133814635675,0.005705206167925041,1.5088043633320691,1.544237922813685,-1.5083333333333333,0.0
1982-01,-0.21205506194311297,0.18012844171865564,1.0431313043948094,-0.4512048965093613,1.3530372641421657,0.6892473169937614,-1.5,0.0
1982-02,-0.12991910494865935,0.6501623487767763,1.773161114195128,-0.7420117942074472,1.2275828420158161,1.3040779551237114,-1.4916666666666667,0.0
1982-03,-0.37632697593202014,0.9484582581551073,1.761080824097617,-0.3636966638592226,1.3457712691606643,1.4549595394209227,-1.4833333333333334,0.0
1982-04,-0.4379289436778603,0.23514719698426167,0.8295387838771868,-0.3924530335911602,1.696567614843849,1.6231326209601715,-1.475,0.0
1982-05,-0.21205506194311297,0.3378124898016355,0.5209259998037421,0.2168324954565178,1.644055782691453,0.9632165482326553,-1.4666666666666666,0.0
1982-06,-0.30445801356187324,0.07237646943983188,1.125825951157848,1.1589048039421854,2.0272617259421857,0.3762716591279403,-1.4583333333333333,0.0
1982-07,-0.05805014257851247,0.8650119901671834,0.8681137264041685,1.2341043350875724,1.052443612624735,-1.723898270211716,-1.45,0.0
1982-08,0.7017074596201832,1.711399872933224,1.0169746856637072,1.5706174486459312,0.43983968321795436,-1.1416099742902959,-1.4416666666666667,0.0
1982-09,1.759207905923773,2.0617415287158747,0.9139087786247744,1.8178873599251637,0.24250447906610328,0.41283978334095506,-1.4333333333333333,0.0
1982-10,2.0261497661557475,1.968984255288142,0.7866640022541542,1.4082686975196508,-0.48803883002514264,1.9060656492148618,-1.425,0.0
1982-11,1.800275884421,2.343426580267811,0.8445242087350306,1.3233497279815225,-0.5781597516300426,2.6757459037077,-1.4166666666666667,0.0
1982-12,1.8926788360397604,2.445889853213272,1.4495852936897575,1.355474111124307,-0.8099773460243758,2.1969243771509204,-1.4083333333333332,0.0
1983-01,2.2622906425148015,1.7062649499202724,0.31226902354626684,1.0162533678311936,-0.9521856998215438,2.3905705279058553,-1.4,0.0
1983-02,2.4984315188738555,1.6261354260980836,-0.06057394717667277,0.7197891115206709,-1.0947741528643267,1.4481823816751245,-1.3916666666666666,0.0
1983-03,2.6113684597412288,1.2977053883630656,-0.1070315076064892,0.41507021075177813,-1.2825990069116289,1.0041635179196928,-1.3833333333333333,0.0
1983-04,2.816708352227363,1.0630306625274697,-0.054601282735614334,0.30061810467411243,-1.2486865218497203,0.5002357286292562,-1.375,0.0
1983-05,2.744839389857216,1.0066912400395074,0.36160239305176334,-0.5345122743647227,-1.1898355923002073,0.5942288599383914,-1.3666666666666667,0.0
1983-06,2.8988443092218166,0.6452626130773951,0.42089514346145634,-1.1164727863375916,-0.6919827741598087,-0.04560086456242462,-1.3583333333333334,0.0
1983-07,3.0015142554648833,0.7443850200813701,0.13506620905404035,-1.2153263296465433,-0.43231825272258045,-0.08803041927100375,-1.35,0.0
1983-08,2.098018728525894,1.00348605908662,0.10248631939403512,-1.2661026533074908,-0.11161304146404848,-0.559298291099911,-1.3416666666666666,0.0
1983-09,0.7119744542444899,1.7011511334611027,-0.2532436953489538,-1.287028051208437,-0.16933876192333794,0.08884627764580291,-1.3333333333333333,0.0
1983-10,-0.10938511570004598,1.5930222584361728,-0.22178953358370443,-1.0508168575332313,0.25115119045304213,0.7248883281889622,-1.325,0.0
1983-11,-0.4379289436778603,1.0778112806187725,-0.6589190371548321,-1.0125642921943676,0.5644523516043003,1.1053126395943882,-1.3166666666666667,0.0
1983-12,-0.47899692217508716,1.5874229912400184,-0.6568502552630485,-0.49752557679842996,1.1031747731071984,2.323067552491025,-1.3083333333333333,0.0
1984-01,-0.4173949544292469,2.363227542937249,-0.20735372881565314,-0.9716632564650386,0.8417569337928554,0.30492777127724596,-1.3,0.0
1984-02,-0.44819593830216703,1.6427643752562913,0.3005870277864837,-1.1624331077316257,0.6682321420495803,-0.5420609021048195,-1.2916666666666667,0.0
1984-03,-0.48926391679939385,0.530922380796634,-0.03491870305415949,-1.3061816107008797,0.46804143672493503,0.133911192988348,-1.2833333333333332,0.0
1984-04,-0.5097979060480072,0.5339496636533594,0.14616235440098171,-1.1768781126872332,0.8780539760096875,0.5732828628515843,-1.275,0.0
1984-05,-0.09911812107573928,0.7835165707931054,0.1765857025841697,-1.048900680867825,1.3920811006991265,0.024526042248035795,-1.2666666666666666,0.0
1984-06,0.1370227552833148,0.8136476839278236,-0.3916707021408193,-0.6090494635869655,1.8274384184667172,-0.6524685513555603,-1.2583333333333333,0.0
1984-07,-0.3968609651806335,0.91929503127239,-0.623012199132433,-0.2797523253647078,1.9243935879392835,-0.9256506128876326,-1.25,0.0
1984-08,-0.6124678522910743,0.13818670413195208,-0.7549872399706267,0.25578119497088914,1.9498233460796999,-1.7768741125933778,-1.2416666666666667,0.0
1984-09,-0.28392402431325986,0.4583067901208194,-0.8949483269327977,0.6795015206089177,1.8953949313572096,-1.2664081305954993,-1.2333333333333334,0.0
1984-10,-0.14018609957296607,-0.2736292971516127,-1.0155601379627455,0.9910004162419498,1.654632884059522,-1.5313898089883347,-1.225,0.0
1984-11,-0.07858413182712588,0.5851843153480587,-0.9839713303120448,1.4282020058363547,1.0651878056650868,-0.46607055786948787,-1.2166666666666666,0.0
1984-12,-0.12991910494865935,0.19739360271229076,-1.0068191919564022,1.7255759704569744,0.6706485669106755,-0.86908968440051,-1.2083333333333333,0.0
1985-01,-0.5303318952966206,-0.09449194476026508,-1.035757020780432,1.6135001561561686,0.2763802653124284,0.10464566292456166,-1.2,0.0
1985-02,-0.22232205656741966,-0.464794369976703,-1.0401251288090347,1.2798817998230767,-0.04163115197113092,-0.3838132612257938,-1.1916666666666667,0.0
1985-03,-0.19152107269449956,-0.7529350117639472,-1.026287662606894,1.590768925221697,-0.4262692293245478,2.0561066600474733,-1.1833333333333333,0.0
1985-04,-0.5303318952966206,0.5645209991955297,-0.9616642595190897,1.571334163107253,-0.5953262216937336,1.108851918561932,-1.175,0.0
1985-05,-0.550865884545234,0.5332320408247732,-0.8312718596623476,1.3699580291682265,-0.7752446862470684,1.9977849293066932,-1.1666666666666667,0.0
1985-06,-0.7151377985341413,0.16529958007585133,-0.904049064403543,1.1528932125678575,-0.7087682597937088,-0.4348229011621078,-1.1583333333333332,0.0
1985-07,-1.197686545876556,2.127129632332356,-0.8467671730372284,0.7080189830780204,-0.9340144465008693,-0.39281967899209125,-1.15,0.0
1985-08,-0.622734846915381,2.270859233143498,-1.0113221035354278,0.6203723218077525,-0.8996460909104363,-1.1928342847175002,-1.1416666666666666,0.0
1985-09,-0.037516153329899084,2.176763201161596,-1.0736785996665361,0.464532523685753,-1.0369375642550733,-0.37392191993958296,-1.1333333333333333,0.0
1985-10,-0.4379289436778603,1.5996436858797674,-0.9928469222038391,0.08338016868373065,-1.1503041554528604,-0.12209255637601552,-1.125,0.0
1985-11,-0.5097979060480072,0.9641132906173765,-1.0248220090341131,-0.2868778147050865,-1.0890708350964164,0.0798051060588966,-1.1166666666666667,0.0
1985-12,-0.016982164081285684,0.7032845294239757,-1.028539118396406,-0.47990196633193616,-1.0390291926162232,0.3950440806182076,-1.1083333333333334,0.0
1986-01,0.003551825167327718,0.6116670099004683,-1.0599932801616558,-0.3876945202372454,-1.3166074612078087,-0.5251238967674076,-1.1,0.0
1986-02,-0.3660599813077134,1.3723080103163525,-0.8423233858224234,-0.3968258686313687,-1.5146464317964068,-0.4982005607065106,-1.0916666666666666,0.0
1986-03,-0.34552599205910006,2.3400404859967927,-0.9506652357944416,-0.666868919761106,-1.4310517918322974,-0.580750372336286,-1.0833333333333333,0.0
1986-04,-0.28392402431325986,0.4496440574043133,-0.9635117776522487,-1.0540740327797824,-1.260110163732122,0.8103515428975788,-1.075,0.0
1986-05,-0.34552599205910006,0.31614510473347934,-0.9912576592935949,-1.2821191803602932,-0.8619208550869205,0.036860665712436375,-1.0666666666666667,0.0
1986-06,-0.47899692217508716,0.8129813198727077,-1.0840110158927208,-1.4669205170179198,-0.29863177976376043,-0.7850257240590158,-1.0583333333333333,0.0
1986-07,-0.20178806731880625,0.5933163689980472,-1.0266849783344545,-1.5046508085720516,-0.0884732184344423,-0.8414288110651015,-1.05,0.0
1986-08,0.0754207875374746,-0.5068717925520048,-1.0768129792950734,-1.5332161043981,-0.08121029321842343,-1.7147312496724263,-1.0416666666666667,0.0
1986-09,0.48610057250974253,-0.37778109439962954,-1.0897588500847706,-1.553255249504487,-0.05754049536738984,-0.8834654210638552,-1.0333333333333332,0.0
1986-10,1.0610522714709176,0.1249167122470432,-0.8246499308696634,-1.4761165128257725,0.04592624752638959,-0.25814777605579015,-1.025,0.0
1986-11,1.3895960994487322,-0.01855357947477771,-0.9661804149557003,-1.1897969418359293,0.4561229490369859,0.44549672203617563,-1.0166666666666666,0.0
1986-12,0.6401054918743431,0.46504279599923026,-1.0709194626695846,-1.1147273880731536,0.6326001708750072,1.0493010225551314,-1.0083333333333333,0.0
1987-01,0.7222414488687966,0.5999830247711745,-1.0746939620814142,-1.1997430207358644,0.6580797652845866,0.39341079277466656,-1.0,0.0
1987-02,1.1534552230896782,-0.15072583447931767,-1.0827939999796083,-0.9012622137147642,0.8004978141166864,0.9002237261698862,-0.9916666666666667,0.0
1987-03,1.122654239216758,-0.395139727274299,-1.0110572263837203,-1.1550716572226614,0.7419574938652529,1.6864285971773199,-0.9833333333333333,0.0
1987-04,1.2561251693327449,-0.20904022735687675,-0.7598742234196277,-0.8668253725107552,1.2194449089516963,1.3738028726508462,-0.975,0.0
1987-05,1.6770719489293198,-0.03366285676068508,-0.6728753229413441,-0.10384655779080298,1.7143151471233653,1.6567759603584735,-0.9666666666666667,0.0
1987-06,1.8516108575425336,-1.3885015896899642,-0.8647721974245363,0.6115153895971351,1.511373744675481,-1.1242358131794827,-0.9583333333333334,0.0
1987-07,2.077484739277281,-0.8193784430695258,-0.7295590334067199,1.0846225126822464,0.9240480876383393,-1.7530795682442846,-0.95,0.0
1987-08,2.190421680144654,-0.5250656419120457,-0.6228135412686527,1.424468917420092,0.25548609688098306,-0.8325640929752107,-0.9416666666666667,0.0
1987-09,1.9953487822828273,-0.46918754838531745,-0.729629667313842,1.4521005771589228,-0.3199339314988756,0.4248204287963309,-0.9333333333333333,0.0
1987-10,1.564135008061946,-0.09191996042083603,-0.5156707334030239,1.3136138447132089,-0.5532009735656177,1.6137842733040628,-0.9249999999999999,0.0
1987-11,1.358795115575812,-0.21265547849752792,-0.48356762261609154,1.177022593979944,-0.5054240009037614,0.9530899490937337,-0.9166666666666666,0.0
1987-12,1.2766591585813583,-0.46846992555673117,-0.6379777582038989,0.9317450840927609,-0.43177643021478473,1.2755551931288036,-0.9083333333333333,0.0
1988-01,0.9891833091007708,0.26956294053671565,-0.36906122993299867,0.8863111463341895,-0.5273405190645504,1.231935450270987,-0.9,0.0
1988-02,0.8762463682333971,0.2269729302267093,-0.4127248583377244,0.38050185795840313,-0.6715473539146999,1.444306220454121,-0.8916666666666666,0.0
1988-03,0.7119744542444899,-0.7186549532000914,-0.1786145578554041,0.08771789093897756,-0.7441437731940341,0.5280601050889272,-0.8833333333333333,0.0
1988-04,0.403964615515289,-1.1130761389453605,0.020873254333801192,-0.32753962683870974,-0.7492167695664006,1.430122519361743,-0.875,0.0
1988-05,0.23969270152638178,-0.5940991488888666,-0.09617154438648727,-0.7310882239078238,-0.760233747214721,0.6217142724458703,-0.8666666666666667,0.0
1988-06,0.054886798288861206,0.346466176852235,0.4366332608920691,-1.0176537658515392,-0.5856596584371956,-0.11493757585804648,-0.8583333333333333,0.0
1988-07,-0.3352589974347933,0.5103676126349835,0.7207758107669474,-1.1542847730089865,-0.32576380545544054,-0.24986834754508272,-0.85,0.0
1988-08,-1.1360845781307156,-0.00404433136067149,0.7287221253181687,-1.2103553463241281,-0.4445773299928287,-0.3055909066180196,-0.8416666666666667,0.0
1988-09,-1.7623712502134243,-0.30114621283933785,0.6480714472424721,-1.3550393750073042,-0.6644014464510719,-0.5391987017788271,-0.8333333333333334,0.0
1988-10,-1.7931722340863445,-0.3756674237994657,0.9480404069318656,-1.2952223455581,-0.5079061483624812,-0.6682470521300121,-0.825,0.0
1988-11,-1.7829052394620377,-0.3436427512683098,0.6206323816351861,-0.9667675604649184,-0.15707033860679068,0.8270259312323894,-0.8166666666666667,0.0
1988-12,-1.567298352351597,0.8267066102749129,1.4568694153617103,-0.950968730611471,-0.15453937134106155,1.2347588206473215,-0.8083333333333333,0.0
1989-01,-1.6802352932189708,1.6160977521637818,2.1617075160550043,-0.8220158586869095,-0.037224629108320195,1.2612120586573212,-0.8,0.0
1989-02,-1.5262303738543703,1.2857349571467311,1.9382647187932933,-1.2176571128819755,-0.6490403247319956,-0.48015132063857086,-0.7916666666666666,0.0
1989-03,-1.0847496050091823,1.0543679298109636,1.6522163147458906,-1.314108919136069,-0.7340997027038075,0.02550181730128666,-0.7833333333333333,0.0
1989-04,-1.064215615760569,0.8573925242518994,1.4039116434970187,-1.4115188475475884,-0.43299002241409734,-0.22921386734967147,-0.775,0.0
1989-05,-1.2079535405008626,0.6718960687282471,1.4752121581174455,-1.1521298888340774,0.36174839137114845,0.6039284528243561,-0.7666666666666666,0.0
1989-06,-1.0539486211362623,0.6442796507155499,2.5591578895015004,-1.2463441866843885,0.7688311698788808,-0.1997613583437188,-0.7583333333333333,0.0
1989-07,-0.9923466533904222,0.7384299566928914,1.339992372170836,-0.942682454055262,1.2695409574972765,-0.1723435276015708,-0.75,0.0
1989-08,-0.9512786748931953,1.3070103633589367,2.0526443488394976,-0.3974568751268403,1.4784620482829551,0.09357894798241069,-0.7416666666666667,0.0
1989-09,-1.0436816265119555,1.6383319989620817,2.1734371592564456,-0.42577115407704874,1.513759307556438,0.055046620566111946,-0.7333333333333333,0.0
1989-10,-0.6124678522910743,1.307646575194364,1.741148818431638,-0.05847138727808834,1.5765432379168622,-0.1000304473629073,-0.725,0.0
1989-11,-0.47899692217508716,0.28061674427451977,2.206008219678061,0.6350599934689648,1.5904677998009393,0.6386852567724984,-0.7166666666666667,0.0
1989-12,-0.4379289436778603,0.9566506162444728,1.7204221813105365,1.190865299385892,1.3179782712320054,0.39584909419003833,-0.7083333333333334,0.0
1990-01,-0.30445801356187324,0.6488688185521396,1.660162629297112,1.266810278079097,0.8870205844495412,-1.06022580015784,-0.7,0.0
1990-02,-0.00671516945697899,0.08100000427074289,1.058200922347303,1.2996642429626266,0.715656837816409,0.5723933962611247,-0.6916666666666667,0.0
1990-03,0.19862472302915501,0.038792927150780525,1.3231064537494917,1.640208170882401,0.3143334363476163,0.2245701811196618,-0.6833333333333333,0.0
1990-04,0.5271685510069694,0.35102820769110504,1.3154360528979665,1.5105028254037254,-0.05443728769094554,0.6002485895370632,-0.675,0.0
1990-05,0.6914404649958764,0.26826639509011013,1.4668023085507362,1.188444065641044,-0.588968648388921,0.5391496567593641,-0.6666666666666666,0.0
1990-06,0.23969270152638178,0.09392927607317171,1.1045452793277588,1.1937709432604422,-0.9210282729425154,0.1632257409571585,-0.6583333333333333,0.0
1990-07,0.1472897499076215,0.9021293726037269,1.3211860943996139,0.7724264058290873,-0.8236614054734942,-0.5451872326747156,-0.65,0.0
1990-08,0.1164887660347014,0.6004111862907512,2.1667401819374437,0.6668054833054744,-1.0583647297603986,-1.2800278779419312,-0.6416666666666666,0.0
1990-09,0.19862472302915501,0.5699906118470235,1.1646238319541835,0.43714170382017253,-1.1606912925626651,-0.8995210032360794,-0.6333333333333333,0.0
1990-10,0.08568778216178131,0.8402359112491429,1.1970911488247145,0.47842753609892313,-1.2131165878429881,-0.3676712794656868,-0.625,0.0
1990-11,0.2910276746479153,1.0624306333556686,1.191173351793652,0.22747680106747623,-1.308391733019048,-0.9806382226301319,-0.6166666666666667,0.0
1990-12,-0.00671516945697899,1.140395227804223,1.5602377238155094,-0.11057979185191605,-1.2306736555148055,-0.6078491456253103,-0.6083333333333333,0.0
1991-01,0.1883577284048483,0.5145889233913735,2.043969622121082,-0.12031745594786177,-1.1735404229968354,-0.9151654307691633,-0.6,0.0
1991-02,0.38343062626667557,0.2135612229092645,2.353809670330769,-0.08114661710909385,-1.391333252349625,-0.9517675817758204,-0.5916666666666667,0.0
1991-03,0.2602266907749952,0.24251941469809993,2.157270823763906,-0.18780611341720088,-1.1541021324734042,-0.2631621592952446,-0.5833333333333334,0.0
1991-04,0.1472897499076215,0.3644097627888614,1.5916058005064535,-0.6779690372796908,-1.04737574116784,-0.14433897270484272,-0.575,0.0
1991-05,0.2704936853993019,-0.022633174798631767,1.477397394619031,-1.1162028935808752,-0.5285398775314417,0.4845551677977849,-0.5666666666666667,0.0
1991-06,0.2704936853993019,-0.9470278651207907,1.8637383788610014,-1.223598981149471,0.0958929963872699,-0.47298264330833417,-0.5583333333333333,0.0
1991-07,0.42449860476390233,0.3116916218854879,1.9780152113459475,-1.2836152298400925,0.3789764071774416,-1.66273436520023,-0.55,0.0
1991-08,1.0610522714709176,1.123974328961866,1.908617397598619,-1.0670767043250724,0.48295368780825376,-1.7931937155336282,-0.5416666666666666,0.0
1991-09,0.9994503037250775,0.9211192405635443,1.231476617735525,-1.0123996580077934,0.4252157082563187,-1.2309966596986344,-0.5333333333333333,0.0
1991-10,0.44503259401251577,1.9728558002961456,1.5895728683670995,-0.3809089869987296,0.9530679865259271,1.2529482492318593,-0.525,0.0
1991-11,0.6195715026257296,1.2980370627796392,0.9401845920741443,-0.30506531969519046,1.0767467466212444,1.8700075885922407,-0.5166666666666666,0.0
1991-12,1.0610522714709176,1.2224002196910366,1.9381512000139893,0.23745951561653525,1.2795022312434432,2.4406914654699983,-0.5083333333333333,0.0
1992-01,1.1329212338410646,0.9993913876529216,1.808692492117016,-0.13776083758192662,1.189354937120534,3.0303693499742117,-0.5,0.0
1992-02,1.3279941317028918,1.3490908011562073,2.133381644788368,-0.10568118751062279,1.2410110401096197,1.7220683258344325,-0.49166666666666664,0.0
1992-03,1.7900088897966933,1.0542895340397735,0.9670453425668691,-0.024617825573802918,1.268687140551321,2.9339520244247628,-0.48333333333333334,0.0
1992-04,1.6873389435536263,0.19650411223148,0.7624122917057481,0.19543151385887136,1.3490057054721445,2.2895589123922706,-0.475,0.0
1992-05,1.8208098736696134,0.3841353449090781,0.11533286125184222,0.4641286160164452,1.306470071622274,0.6152004804167974,-0.4666666666666667,0.0
1992-06,2.0877517339015874,0.004543020806613323,-0.04317404094903906,0.7118641613752337,1.335030855539588,-1.5317722367184803,-0.4583333333333333,0.0
1992-07,1.7900088897966933,1.0967257680293685,0.28657593983065266,0.9531722768595698,1.0067946589073216,-1.6767535321928306,-0.45,0.0
1992-08,1.6154699811834794,1.734737690972123,0.05321916917646542,1.4377600123032006,0.8231180418993362,-2.0615678124684624,-0.44166666666666665,0.0
1992-09,0.7017074596201832,1.973751321220894,-0.09278332415423074,1.6096554853464218,0.37993303628933245,-1.1655880613610168,-0.43333333333333335,0.0
1992-10,0.04461980366455451,1.4967220991950414,0.21446313527832264,1.5561674729641384,0.16540789809970266,-0.35391982294991164,-0.425,0.0
1992-11,0.4758335778854359,2.0402761635196316,0.40018312025217384,1.6762463419332234,-0.174380197594193,0.9512833260351462,-0.4166666666666667,0.0
1992-12,0.7530424327417167,1.7755125376568817,0.24763899852967006,1.5813480739928283,-0.6573865124280658,1.6178108643177507,-0.4083333333333333,0.0
1993-01,0.7017074596201832,2.05548795835248,-0.11040869129075793,1.3465832688279695,-0.7829416357506127,1.6674211919898485,-0.4,0.0
1993-02,0.8146444004875568,2.6135361946813322,0.3408213615155797,1.414820668449296,-0.9042226443037323,1.640488902824812,-0.39166666666666666,0.0
1993-03,0.8762463682333971,2.4069965050370756,0.2560488480963788,1.1668558346376476,-0.9965973217530336,1.1939947196238747,-0.3833333333333333,0.0
1993-04,0.9789163144764641,2.070006252132493,-0.12042766955408947,0.6151341396547008,-1.1395823941929641,0.4595342628458949,-0.375,0.0
1993-05,0.8557123789847837,1.261516694292928,-0.1574906050067421,-0.27191008242291015,-1.2649134999765017,0.49980463006146014,-0.36666666666666664,0.0
1993-06,1.0713192660952244,0.4626517249779322,-0.2005552152551642,-0.8195404406295425,-1.014254747395505,-0.16315232484949804,-0.35833333333333334,0.0
1993-07,1.5744020026862526,0.47511665259715813,-0.417003994392031,-1.0526009714360944,-0.7520815915532182,-0.6837252320914805,-0.35,0.0
1993-08,1.6154699811834794,0.2888573459153868,-0.5450720972425414,-1.1277879387783298,-0.7723830589120103,-0.8328492321214604,-0.3416666666666667,0.0
1993-09,0.9891833091007708,0.876599488193474,-0.71094920618968,-1.2432200301625747,-0.6958470377471246,-0.6350666138822824,-0.3333333333333333,0.0
1993-10,0.6811734703715697,0.546342225945333,-0.469184793278382,-1.2547203414463122,-0.4563361735209611,0.031437009362959685,-0.325,0.0
1993-11,0.6914404649958764,0.3878742201504521,-0.5897657019739637,-1.217057656566413,-0.02871300058079655,0.4678001665414822,-0.31666666666666665,0.0
1993-12,1.050785276846611,-0.1067578677295469,-0.4315060184480094,-1.17252008812219,0.15646483002593223,-0.03745116071210629,-0.30833333333333335,0.0
1994-01,0.7838434166146367,0.3113900996886029,-0.23000072528663282,-1.2777579532265455,0.025553397272092188,-0.16084991835797735,-0.3,0.0
1994-02,0.3423626477694488,0.4508441157479156,-0.5206939393871889,-1.4002922601970431,0.11555258643147512,-0.9688259442500676,-0.2916666666666667,0.0
1994-03,0.054886798288861206,0.661023178308574,-0.6781728659754914,-1.4963956652147532,0.1173417784094193,-0.6028484154741793,-0.2833333333333333,0.0
1994-04,-0.15045309419727276,0.2893880249819044,-0.8798944754774292,-1.535515407745974,0.3913574739402149,-0.449012451023783,-0.275,0.0
1994-05,-0.17098708344588617,-0.14339281465107445,-0.838953297061861,-1.2452016526162284,1.120318968486013,-0.8080561125764475,-0.26666666666666666,0.0
1994-06,0.0754207875374746,-0.379701790793787,-0.8783890903318922,-0.6378901419743167,1.83604178866684,-0.45446260399565896,-0.2583333333333333,0.0
1994-07,0.03435280904024781,-0.08084505012924996,-0.8084924246155144,-0.09186993779769888,1.9915165682259375,-1.0235233436994935,-0.25,0.0
1994-08,0.32182865852083536,0.439398333154161,-0.9141784081467522,0.6061625439249116,1.9080929880347035,-1.6491217493578019,-0.24166666666666667,0.0
1994-09,1.050785276846611,0.042260432414958034,-0.8749677604556723,1.0687885719958898,1.6584193533523373,-1.64513951400118,-0.23333333333333334,0.0
1994-10,0.9583823252278506,0.5801488946600792,-0.7270427004654999,1.3515053304489295,0.9223096729090092,-0.8653570375366305,-0.225,0.0
1994-11,1.194523201586905,-0.01680475073284471,-0.8907743044838091,1.603538148745208,0.24055598957127614,0.4370688217715856,-0.21666666666666667,0.0
1994-12,1.6257369758077862,-0.19276707439099328,-0.8428602350495448,1.5437228125591518,-0.39026398487668984,0.9235028738763277,-0.20833333333333334,0.0
1995-01,1.1021202499681446,0.12071650804443515,-0.8728575724804035,1.5068334542283235,-0.6548323644061996,1.4980364609758539,-0.2,0.0
1995-02,0.9994503037250775,0.4879011937450822,-0.8014873699426822,0.9989211498659447,-0.5163905050001477,0.7073079812645143,-0.19166666666666665,0.0
1995-03,0.9070473521063172,0.7137081517702901,-0.7872360331909983,0.9154294447976704,-0.48331741687102336,1.2915462903340813,-0.18333333333333332,0.0
1995-04,0.6195715026257296,-0.10247926775574874,-0.9099337517906418,0.9332797372282593,-0.7556916847435876,0.9126617023488048,-0.175,0.0
1995-05,0.23969270152638178,-0.325144364489415,-0.9319251773111454,0.5037045915389945,-1.4086790446012698,-0.25849312965202664,-0.16666666666666666,0.0
1995-06,0.19862472302915501,-0.5431268215054572,-0.9121918295089471,0.09531003760824759,-1.4990161504074488,-1.1987642083783778,-0.15833333333333333,0.0
1995-07,0.2088917176534617,0.039462306427865225,-0.9485462185807826,-0.2718559399840269,-1.3734514922257064,-1.3505749126400446,-0.15,0.0
1995-08,0.0754207875374746,0.13911840772032674,-0.962452269045419,-0.49410619952165713,-1.2446693247785885,-1.7041965814125815,-0.14166666666666666,0.0
1995-09,-0.23258905119172632,-0.42222848144244746,-1.021948091938088,-0.5492896049585727,-1.03860623761994,-1.656115018735202,-0.13333333333333333,0.0
1995-10,-0.653535830788301,0.4009482226073857,-0.9254356870943151,-0.7065278768791574,-0.7640618779490457,-0.36986139440100724,-0.125,0.0
1995-11,-0.8999437017716617,0.23187266592609057,-1.0246167292415398,-0.7921551122595997,-0.42085154395391394,-0.45237984877116616,-0.11666666666666667,0.0
1995-12,-0.6946038092855278,0.619392008584662,-1.0726411641556823,-0.7924192701465514,-0.13580592991189938,0.39257760542293757,-0.10833333333333334,0.0
1996-01,-0.725404793158448,1.2503633882301517,-1.0346975121736024,-1.0669115857529907,-0.18792155576887876,-0.48062299283839094,-0.1,0.0
1996-02,-0.8588757232744351,0.9547721329578792,-1.0825740573447085,-1.2114331913538523,-0.2033500477776042,-0.18417981456826646,-0.09166666666666666,0.0
1996-03,-0.8075407501529015,0.23060325747720473,-1.0788657772208052,-1.2934445946349107,-0.02372411334888788,0.235555305654654,-0.08333333333333333,0.0
1996-04,-0.756205777031368,-0.45279378654068,-1.081273951991745,-1.4470414966175194,0.2407672520795974,-0.06561732734943591,-0.075,0.0
1996-05,-0.6124678522910743,-0.5624001203303465,-1.04396821248336,-1.4551734882250096,0.687428911046397,-1.1966095444027027,-0.06666666666666667,0.0
1996-06,-0.7151377985341413,-1.0448145287925652,-1.041791805220165,-0.9512680885640538,1.4888269535701435,0.36658477777738363,-0.058333333333333334,0.0
1996-07,-0.8075407501529015,-1.4299005873222748,-1.0058259026374998,-0.8831038554370606,1.6260538989294238,-1.2339023042706734,-0.05,0.0
1996-08,-0.8691427178987418,-1.306044314507823,-0.9917211943090829,-0.5505915233931179,1.8265278706632748,-0.8409162327414177,-0.041666666666666664,0.0
1996-09,-0.7870067609042881,-1.2638432678317986,-1.0763472369699878,0.08697641080521173,1.9275497688103198,-1.04488597559333,-0.03333333333333333,0.0
1996-10,-0.5919338630424609,-0.4025752646494832,-1.1047575188002001,0.6424603663319526,1.8924804849203398,-0.8998988287703432,-0.025,0.0
1996-11,-0.25312304044033973,0.12667760187685162,-0.9358674322523903,1.220472124640961,1.7005984630923678,-0.43022910348590837,-0.016666666666666666,0.0
1996-12,-0.31472500818617993,-0.4506529789427965,-0.9689417592622497,1.4465360822040816,1.0772701865958494,-1.5725334687450196,-0.008333333333333333,0.0
1997-01,-0.28392402431325986,-0.06049230183951242,-1.0450939403781165,1.4476493981560072,0.7420531653798872,-0.501173534574893,0.0,0.0
1997-02,-0.4173949544292469,0.6044274619532595,-1.0378523882484028,1.4791958778481031,0.3800216149898612,-1.066228210118387,0.0,0.008333333333333333
1997-03,-0.6022008576667676,0.32794969874152713,-1.0219171896037222,1.5770621129528322,0.16980142704467646,1.4723558301216102,0.0,0.016666666666666666
1997-04,-0.6740698200369144,0.3869998057794856,-0.975281152426446,1.5674089149305623,-0.4268101990332537,2.485255860499957,0.0,0.025
1997-05,-0.24285604581603304,-0.37888768086219754,-0.9497381657634658,1.4742032374950886,-0.5894975028353922,1.6616328927888213,0.0,0.03333333333333333
1997-06,0.21915871227776837,-0.3782966973563029,-0.996424971061486,1.3289431652367245,-0.8580780150010487,1.493062383413085,0.0,0.041666666666666664
1997-07,0.7941104112389434,-0.21781452328623027,-1.0080773584270126,0.7997922325912966,-1.0057111156558536,0.49467569632382113,0.0,0.05
1997-08,2.467630535000935,-0.2736654798152389,-0.8529255668144244,0.6651332322264012,-1.0759743734375529,0.10355163495544475,0.0,0.058333333333333334
1997-09,2.3854945780064813,-0.3685273781772289,-0.5201758522916466,0.4988021501135369,-1.133240546910921,0.28716441202938886,0.0,0.06666666666666667
1997-10,2.3854945780064813,0.03933265188320468,-0.7839912880825831,0.06957724872672628,-1.1765557629577355,0.6394347506516272,0.0,0.075
1997-11,2.3238926102606414,-0.1914041940610731,-0.5168913756104755,-0.34618147048605585,-0.9619922692644641,1.0268393193332714,0.0,0.08333333333333333
1997-12,2.1801546855203475,-0.474826013467067,-0.5513629295955914,-0.5271212845528637,-0.6029205299464384,0.7392438427481736,0.0,0.09166666666666666
1998-01,2.2622906425148015,-1.1257038885509043,-0.6600287810835369,-0.6200297597956486,-0.5293868043474319,1.6338368204664873,0.0,0.1
1998-02,2.231489658641881,-0.878395382665827,-0.6448882138939788,-0.8589728718377588,-0.5994000477110234,2.1586708942161335,0.0,0.10833333333333334
1998-03,2.426562556503708,-0.5250354896923572,-0.2976768375478641,-1.03838736267015,-0.3867377007799062,1.4743556129750932,0.0,0.11666666666666667
1998-04,2.580567475868309,-1.3408731434700096,-0.2781509768478363,-1.344289654703621,0.030760929020047026,1.0345184268947287,0.0,0.125
1998-05,2.3957615726307884,-2.0217705684757177,-0.27721507757847025,-1.273210520084004,0.7037565955798621,-0.4680456204878316,0.0,0.13333333333333333
1998-06,2.744839389857216,-1.8232724758223842,-0.21998836895209453,-0.8483028307864686,1.474203470230466,-0.9430553793572559,0.0,0.14166666666666666
1998-07,2.4573635403766287,-0.6496485832209903,-0.09901897376734176,-0.44707985730807975,1.7384268335019382,-0.6369256692816111,0.0,0.15
1998-08,0.4963675671340492,-0.31393678443119954,0.3459084218131017,0.2233829623183225,1.8741864037504095,-0.25340173248220443,0.0,0.15833333333333333
1998-09,-1.505696384605757,0.09741487266916231,0.3547266236553595,0.6742871539948261,1.7771456439915518,-1.5987631470210029,0.0,0.16666666666666666
1998-10,-1.8034392287106513,-0.14638994528811136,-0.12279169813307729,0.968583504932395,1.7020024155843791,-1.3609992018941548,0.0,0.175
1998-11,-1.3722254544897698,-0.21476914909769176,0.299095799868021,1.5157564614949193,1.3256584111877088,-1.3930123939895205,0.0,0.18333333333333332
1998-12,-1.2592885136223961,-0.11240537847720296,0.47059934097934336,1.669308158471224,0.6835747148072204,-1.4001829055935553,0.0,0.19166666666666665
1999-01,-1.3106234867439297,0.010374460094369231,0.31922204877858523,1.4419824826354997,0.2588918800137621,-1.299024613808536,0.0,0.2
1999-02,-1.2592885136223961,-0.42227370977198025,0.3296776013473199,1.5862849167766317,-0.18998558346291408,-0.4385896032349539,0.0,0.20833333333333334
1999-03,-1.2490215189980896,-0.12361295853541843,0.04931223118878186,1.0911103244217195,-0.44522816497362866,-0.24664158243015175,0.0,0.21666666666666667
1999-04,-1.1668855620036358,-0.11401249178660001,-0.09298860394680376,1.2998198620668437,-0.6808352643965291,0.21631392387171208,0.0,0.225
1999-05,-1.1155505888821022,1.301519644153661,0.6034352325605861,0.9445644000656905,-0.7957177708367136,0.12458989832446628,0.0,0.23333333333333334
1999-06,-1.125817583506409,1.7845280513437431,1.0803222638041208,0.5372599962824737,-1.2579495489175574,-0.8670869793988671,0.0,0.24166666666666667
1999-07,-1.3003564921196231,2.0696866386037946,0.9941290313289469,0.27949540829695657,-1.0880877899365837,-1.5178275977627547,0.0,0.25
1999-08,-1.2284875297494762,1.9404481945749457,1.0768369219495713,0.24673141317795086,-1.167281065349404,-1.1098714258770617,0.0,0.2583333333333333
1999-09,-1.1463515727550224,2.0065117079124493,0.300874891403655,0.18245428852470932,-1.1444923632706672,-0.9816591694950297,0.0,0.26666666666666666
1999-10,-0.9923466533904222,1.4427496259526262,0.8453342913573355,-0.23717937118456908,-1.1940063460682468,-0.26197848326529816,0.0,0.275
1999-11,-1.125817583506409,0.9418338154895438,1.330832037340957,-0.47729434764939266,-1.0052244567735478,-0.06723108780957877,0.0,0.2833333333333333
1999-12,-1.3003564921196231,0.8143291240927837,0.8614917976114846,-0.6298871179253621,-0.9888237819813464,-0.11587507321127538,0.0,0.2916666666666667
2000-01,-1.3003564921196231,1.528511584412627,0.6267444219108343,-0.8556493117745154,-1.0740753355281838,-0.05230625137505859,0.0,0.3
2000-02,-1.4030264383626898,1.9800471046918529,0.9562082135840831,-0.871057620375775,-1.14707216456596,-0.8751263386499663,0.0,0.30833333333333335
2000-03,-1.2182205351251694,1.6266208768350683,1.7157868311556577,-0.9501858195241114,-1.2312203787426528,-0.7255081857696,0.0,0.31666666666666665
2000-04,-1.2284875297494762,1.2258797858430897,1.292307862934718,-1.167036329057487,-1.0626386872228235,-0.3448874427708867,0.0,0.325
2000-05,-1.3414244706168499,1.3108698474790648,1.3587324306541324,-1.4402546816295634,-0.7854668312097471,-0.3141467267302007,0.0,0.3333333333333333
2000-06,-0.8588757232744351,1.0785289034473589,1.2927868491173895,-1.6328348601056246,-0.33365783953871314,-0.38427667333975435,0.0,0.3416666666666667
2000-07,-0.8896767071473551,0.6684526852398205,1.823658051188482,-1.4586399189953434,0.16265833052888543,0.04103616912830928,0.0,0.35
2000-08,-1.1463515727550224,0.2081277929213968,0.9161227101511282,-1.5191886829854302,0.17112746253786054,-0.034427381462408105,0.0,0.35833333333333334
2000-09,-0.5611328791695407,-0.005862510207888043,1.2584366971601388,-1.6047332958386389,0.066003418108622,-0.01231122475232477,0.0,0.36666666666666664
2000-10,-0.016982164081285684,-0.8984616848685237,0.9044681154760043,-1.4952695430918888,0.3191818919781502,-0.2888473777224955,0.0,0.375
2000-11,-0.2941910189375665,-1.8713652662255416,1.0742322966244489,-1.0916170569949695,0.7143201531830754,1.1950258657270845,0.0,0.3833333333333333
2000-12,-0.4687299275507804,-1.8746096450640242,0.9367831279843024,-0.8878412956714877,0.861884376369658,1.1886623601661486,0.0,0.39166666666666666
2001-01,-0.8178077447772082,-0.27803453644810255,0.7958022639880588,-0.855607881928589,0.8225762029202425,0.62138822622708,0.0,0.4
2001-02,-0.7459387824070614,-1.5689505636377616,0.42220013642852905,-1.0455681167854665,0.6279978960353253,0.45368473840805656,0.0,0.4083333333333333
2001-03,-0.7870067609042881,-1.0693162225114403,1.0999474534360385,-0.9533309934147501,0.6970337719226207,1.0486078751502201,0.0,0.4166666666666667
2001-04,-0.8178077447772082,-0.2797079846408143,1.165513377722001,-0.8057526206526817,1.0172816225165386,1.6770013819544622,0.0,0.425
2001-05,-0.7356717877827547,-0.36314520696283165,0.5881385770494857,-0.3288030895144565,1.4661524677475717,1.5377056517263281,0.0,0.43333333333333335
2001-06,-0.49953091142370054,-0.13572208996232005,1.1635290063937935,-0.14801700086272118,1.4835750735360296,-0.18143641151548826,0.0,0.44166666666666665
2001-07,-0.4584629329264737,-0.4273422979016171,0.2679021006352836,0.3752862727672805,1.4757680516471188,-1.4615522569171935,0.0,0.45
2001-08,-0.6843368146612211,-0.6723109915388669,0.9144672279529569,0.5569906830596174,1.5505482093064367,-2.0540298227129847,0.0,0.4583333333333333
2001-09,0.1062217714103947,-0.19241730864260667,2.333623824061071,0.7732470826647988,1.5058529587047795,-1.7322771256644622,0.0,0.4666666666666667
2001-10,0.45529958863682246,-0.8496964999663126,1.7251899700412698,1.0937325821426054,1.155271816770433,-1.0224556733961554,0.0,0.475
2001-11,0.003551825167327718,-0.555293242149767,1.756377047345214,1.4057876394746953,0.7864851648480485,-1.307481433611696,0.0,0.48333333333333334
2001-12,-0.16072008882157948,-0.806530582260256,2.169587611318298,1.6705778334054784,0.2444248635662906,-0.32050981708604975,0.0,0.49166666666666664
2002-01,-0.22232205656741966,-0.4539576622206561,2.0017879357116835,1.664149543291076,0.027857153369438996,0.21520264025718921,0.0,0.5
2002-02,0.1267557606590081,-0.5653429769719441,1.5917817546143733,1.5531621190044131,-0.3405634745836645,0.46381688786159037,0.0,0.5083333333333333
2002-03,0.15755674453192817,-0.09886100139312874,1.1472280250158025,1.6788902847720422,-0.6010976037477775,2.1094376070985374,0.0,0.5166666666666666
2002-04,-0.20178806731880625,0.41003610162149967,1.406717133995519,1.187117488123716,-0.8141953455967306,2.01514007330538,0.0,0.525
2002-05,-0.14018609957296607,-0.3476499812649115,1.2286777491658167,0.8009751861682357,-1.0821798183867224,0.5877501892216939,0.0,0.5333333333333333
2002-06,-0.30445801356187324,-0.21142225271226825,0.633154448982152,0.2197391843107134,-1.108049123007357,-1.0427869659579894,0.0,0.5416666666666666
2002-07,-0.07858413182712588,-1.3974206162738225,1.1623260226631225,0.30528532362504873,-1.1108622408524194,-1.9088966990169043,0.0,0.55
2002-08,0.4142316101395957,-0.7270915442689337,1.34641564309974,0.20541707571317824,-1.095453413690235,-1.4069221820391595,0.0,0.5583333333333333
2002-09,0.5169015563826627,-0.8031475032112063,1.133968716263252,0.23384801810561165,-1.0223463779062119,-1.0051732945428151,0.0,0.5666666666666667
2002-10,1.1021202499681446,-1.2104858998710288,0.8901647492838068,-0.16238454449268008,-1.0158766682302867,0.06081513099289657,0.0,0.575
2002-11,0.9686493198521573,-0.5811819379743132,0.8736739392804258,-0.49543579726492226,-0.650627267634436,-0.22462548407702496,0.0,0.5833333333333334
2002-12,0.9275813413549305,-0.9580273948631556,0.6105206963687579,-0.5617531132407508,-0.5640872640504553,0.930237168456572,0.0,0.5916666666666667
2003-01,0.9275813413549305,-0.7473658967874812,0.3460408603889559,-0.6847718688427246,-0.48972324396649713,0.8518665213633977,0.0,0.6
2003-02,0.9994503037250775,-0.22955881285490104,-0.022450557127362897,-0.8852132425720157,-0.5696526219756426,0.750450997333882,0.0,0.6083333333333333
2003-03,0.9070473521063172,-0.09571009443568049,0.17016243165526615,-1.1533377438541945,-0.5017443878313248,0.6513832805189215,0.0,0.6166666666666667
2003-04,0.7119744542444899,-0.5153264749526603,0.09477397966015602,-1.266625449213574,-0.2307812693181775,0.4337915928270357,0.0,0.625
2003-05,0.6093045080014229,-0.7292021996471287,-0.0778288016307527,-1.2378454752029706,0.33215822626421554,-0.7266584552598839,0.0,0.6333333333333333
2003-06,-0.047783147954205775,-0.17049664492906713,0.22375811599365383,-0.8447265453974425,0.9957664615910822,0.5285037472061405,0.0,0.6416666666666666
2003-07,-0.5611328791695407,-0.2336625299545059,0.19155126165563613,-0.32771996773731854,1.510873283920306,1.3305924851505633,0.0,0.65
2003-08,-0.037516153329899084,-0.5271974038440227,0.05394758134366059,0.12882001902262205,1.5979731898929914,0.18477909887669855,0.0,0.6583333333333333
2003-09,0.0754207875374746,-0.23413591980361534,-0.18734888193295463,0.37329753633791574,1.4963544184698765,-0.03027204372437846,0.0,0.6666666666666666
2003-10,0.1164887660347014,-1.1715141559236424,0.5652929227147254,0.5687926279720676,1.5201885156704051,-0.04484663179977509,0.0,0.675
2003-11,0.2499596961506885,-1.2340950878871244,0.3112073076298402,0.9306168480803182,1.4890962971144188,0.22367912234390008,0.0,0.6833333333333333
2003-12,0.3526296423937555,-1.1883210031780125,-0.22808036593675413,1.4597707249858922,1.250713870516938,-0.35398819932298614,0.0,0.6916666666666667
2004-01,0.3731636316423689,-1.6604776265022034,-0.24840968733029445,1.6038826365172296,0.796221510857447,0.18482254720691815,0.0,0.7
2004-02,0.2088917176534617,-1.3790940971471521,-0.3721644027706737,1.3206262410994156,0.27995734014532164,-0.6013780179592382,0.0,0.7083333333333334
2004-03,0.2602266907749952,-1.0175147090865972,-0.23715240838273152,1.486358682881531,0.03520228470569412,0.19854991084197957,0.0,0.7166666666666667
2004-04,0.013818819791634412,-0.7089881515679584,-0.4225995242218492,1.2920328116987447,-0.5976479617912323,2.0914387563752217,0.0,0.725
2004-05,-0.37632697593202014,-0.679586722149702,-0.42005008163666613,1.1411140710476273,-0.708215755826738,1.073314384538578,0.0,0.7333333333333333
2004-06,-0.17098708344588617,0.1262253185815241,-0.4525019473400132,0.8668575160156489,-0.7296357193886873,0.37539755017925164,0.0,0.7416666666666667
2004-07,-0.4071279598049402,0.9350465508376624,-0.003265883425129777,0.7651403720891881,-0.7086348751617061,0.5939863524726907,0.0,0.75
2004-08,-0.3352589974347933,0.09011803550454531,-0.20159265076601796,0.5478930253359195,-0.7235031817719174,0.09051232329869859,0.0,0.7583333333333333
2004-09,0.537435545631276,0.4454709901994249,-0.378122235830988,0.1258219429228647,-0.7153890880618501,0.4844102334952576,0.0,0.7666666666666666
2004-10,0.8557123789847837,-0.23502842550639494,-0.3560160302114109,-0.17523157737444225,-0.819543350599963,0.8834959095212402,0.0,0.775
2004-11,0.670906475747263,-0.04364022625560975,-0.23381054165202347,-0.4503543916280178,-0.6439355617636364,1.208276553474098,0.0,0.7833333333333333
2004-12,0.4758335778854359,0.1936878949125741,-0.6120885635201937,-0.7037989877072546,-0.5886680305856359,0.9078856005420165,0.0,0.7916666666666666
2005-01,0.6401054918743431,0.16255572808419783,-0.4835543787585062,-0.9159901268618309,-0.6074432328292877,0.9178456903713776,0.0,0.8
2005-02,0.5579695348798894,-0.43535374267285154,-0.5680549201022929,-1.0740092611115981,-0.8808244247667549,1.2454331581558848,0.0,0.8083333333333333
2005-03,0.15755674453192817,-0.7772467464987847,-0.6883044170282979,-1.2263925875561705,-1.014935370721019,0.9054128714546898,0.0,0.8166666666666667
2005-04,0.6914404649958764,-1.0701243019990923,-0.7372250196390505,-1.3941939956580303,-0.33607741099431,0.8664948836895576,0.0,0.825
2005-05,0.9173143467306238,-1.0783588731960216,-0.42687066829313064,-1.4804217166457134,0.11496151014695591,-0.4485679354589081,0.0,0.8333333333333334
2005-06,0.2088917176534617,-1.230018507785239,-0.5317399472732707,-1.4882563006292457,0.5475616051147643,-2.2601516500853385,0.0,0.8416666666666667
2005-07,0.2602266907749952,-0.6235066087510607,-0.4704429597489917,-1.2861363919080335,1.0234169594945468,-1.7304019192776579,0.0,0.85
2005-08,0.2704936853993019,-0.8425624847880135,-0.6106954115780405,-1.2325573873764255,1.1883541400896616,-1.9123801167483663,0.0,0.8583333333333333
2005-09,0.0651537929131679,-1.476431492745568,-0.6256212390767505,-0.8981860135986451,1.5457045474697895,-0.6513365620213002,0.0,0.8666666666666667
2005-10,0.0754207875374746,-0.9785309042513356,-0.9527842530081003,-0.23319733311049406,1.7963189774962531,0.467515059801462,0.0,0.875
2005-11,0.04461980366455451,-1.6997659687563191,-0.7838235325531683,0.48177102152622187,1.763339718784002,0.47904393965449793,0.0,0.8833333333333333
2005-12,-0.6124678522910743,-1.581545145801648,-0.7107527556354972,0.9153355002966064,1.6601810663627334,-0.6268487552946268,0.0,0.8916666666666666
2006-01,-0.653535830788301,-1.2372912231741053,-0.85762713625723,1.0222600203218049,1.510128329165123,-0.8838545179186825,0.0,0.9
2006-02,-0.653535830788301,-1.9099480465389462,-0.982206901618737,1.2391962602542415,0.8907046624862002,-0.26114742755375486,0.0,0.9083333333333333
2006-03,-0.5919338630424609,-0.7295700567273284,-0.9817883011200568,1.3789199807988604,0.4456366645425639,-1.1486768466845598,0.0,0.9166666666666666
2006-04,-0.4276619490535536,-0.5516568844553339,-0.6753673754769909,1.0801181857304687,-0.011343824159663942,-1.0382276983190932,0.0,0.9249999999999999
2006-05,-0.5713998737938475,-0.6565896241932829,-0.8182266599407599,1.1821368182704908,-0.400141237248725,0.6119035465130174,0.0,0.9333333333333333
2006-06,-0.7972737555285948,-0.4437692271879119,-0.8945377673476513,1.160746252484486,-0.8183851301306481,0.206984724617769,0.0,0.9416666666666667
2006-07,-0.3660599813077134,-0.2112443546161061,-0.9082848915212632,0.9319131468016082,-0.90689210494063,-0.3854421056195843,0.0,0.95
2006-08,-0.11965211032435266,0.5130421145213535,-0.8445157172477158,0.5965860203191049,-0.7547595451759436,-0.3929837863540631,0.0,0.9583333333333334
2006-09,0.28076068002360854,0.8766326556351313,-0.9011067207099938,0.6264296119706843,-0.9708914700244385,0.25805066682610267,0.0,0.9666666666666667
2006-10,0.670906475747263,0.22667442325179316,-1.000329701739572,0.21305414466920214,-0.9832143442562998,0.7632665786944,0.0,0.975
2006-11,0.7325084434931033,1.0486239319603043,-0.7821128676150584,-0.2944779769447786,-0.9916889249710453,0.6796913437002894,0.0,0.9833333333333333
2006-12,0.8557123789847837,0.5416053122322696,-0.8346490433466164,-0.6241163275348443,-0.8999015504645517,0.6797135136755191,0.0,0.9916666666666667
2007-01,1.0918532553438378,-0.5785104513099121,-0.8566338469383273,-0.7720864119647263,-0.8166575884605256,0.6145918000996512,0.0,1.0
2007-02,0.7222414488687966,-0.05564080969163277,-0.9594061818007845,-0.9008841783389353,-0.9975280477730399,0.2184261264391465,0.0,1.0083333333333333
2007-03,0.7222414488687966,0.5184484075115016,-1.0476764926072633,-1.0712156688417032,-0.9383361361553013,-0.447431441610256,0.0,1.0166666666666666
2007-04,0.4655665832611292,0.2536305076533122,-1.019005748244539,-1.2845034344610053,-0.5816001020559859,0.7459216485654903,0.0,1.025
2007-05,-0.12991910494865935,0.28599590026694816,-0.9545059544941981,-1.4422612293992996,0.018044748297350498,-0.3320258250250708,0.0,1.0333333333333332
2007-06,-0.2633900350646464,-0.9717858527070181,-0.9557795721319913,-1.212022950069306,0.8895166547123102,-0.7747729648839593,0.0,1.0416666666666667
2007-07,-0.3557929866834067,-1.5850910468370156,-0.9968200794794497,-0.9154214000969757,1.3958843993677619,-0.10197142505767735,0.0,1.05
2007-08,-0.7870067609042881,-0.4258588086929429,-1.0605230344650705,-0.6253668834885394,1.6674514896829369,-0.841221873785648,0.0,1.0583333333333333
2007-09,-0.7048708039098346,-0.3852226622187514,-1.1246564148222158,-0.2843504037570593,1.805240656748974,-0.1479673689010328,0.0,1.0666666666666667
2007-10,-0.8588757232744351,-0.554931415513505,-1.1376685048998398,0.0005658706266082843,1.8280101429205977,0.021307263503615673,0.0,1.075
2007-11,-1.0231476372633423,-0.7828761659146277,-1.118224314654922,0.7033475111037527,1.6765844167447943,0.0160007851953527,0.0,1.0833333333333333
2007-12,-1.0950165996334889,-0.3109547299040069,-0.9533140073115152,1.2184327709857978,1.588474676684362,-0.944939191782019,0.0,1.0916666666666666
2008-01,-1.0847496050091823,-0.6494043502415133,-1.0385382308733595,1.2603335146177161,1.194052066615457,-0.5281526183693723,0.0,1.1
2008-02,-1.156618567379329,-0.4382543862068852,-1.0900521069313038,1.4533675746357555,0.8353460380275423,-2.0277363141215914,0.0,1.1083333333333334
2008-03,-1.0231476372633423,0.3361752242725499,-1.033638003566773,1.5475958245807215,0.3181982542123029,-0.6536617820159573,0.0,1.1166666666666667
2008-04,-1.2387545243737828,-0.3313527065232772,-1.0645094355982663,1.4108953324526525,-0.11911659695703308,0.22989657856168713,0.0,1.125
2008-05,-1.4954293899814501,-0.6333332171475429,-1.0803226015551959,1.1850744174196823,-0.5044980724878598,0.5695643250251047,0.0,1.1333333333333333
2008-06,-1.0744826103848757,0.29912116149735224,-1.1193875668128366,1.1944931275285866,-0.8314249880825773,0.38767920535944894,0.0,1.1416666666666666
2008-07,-0.9512786748931953,1.1289946735400014,-1.1232327001317888,0.8330131509865061,-1.015354604510863,-0.36577684830328266,0.0,1.15
2008-08,-0.756205777031368,1.3974549615365615,-1.1200541743113002,0.5187589878870886,-1.0933872272964178,-1.1202529645485877,0.0,1.1583333333333332
2008-09,-0.7356717877827547,1.0673333842770187,-1.1228773232865812,0.4015880617864251,-1.1772134592087389,-1.2954240105514783,0.0,1.1666666666666667
2008-10,-0.9718126641418087,0.6525323132442924,-1.1231664808438617,-0.04122731280987589,-1.216204485466292,-0.5509599987063812,0.0,1.175
2008-11,-0.9820796587661154,0.08631584060182544,-1.1385470141196694,-0.30659102566306984,-1.0619451027958569,-0.5630463478004076,0.0,1.1833333333333333
2008-12,-1.0436816265119555,-0.13787495844807895,-1.1397102662775842,-0.41139517873994663,-1.1467795661497275,-0.6627572033762472,0.0,1.1916666666666667
2009-01,-0.9410116802688886,0.6066738023200527,-1.1278018309987408,-0.41784997921530903,-1.3415990447682686,-1.0267848821550072,0.0,1.2
2009-02,-0.9718126641418087,-0.3066881908180841,-1.1140258541353891,-0.44282613558959033,-1.6798628973583012,-1.6655337476104914,0.0,1.2083333333333333
2009-03,-0.9718126641418087,0.11426996347503385,-1.1081347024844688,-0.528059274172966,-1.3590430584518214,-0.1411579360291922,0.0,1.2166666666666666
2009-04,-0.8075407501529015,0.2847204613741246,-1.0731311868863411,-0.8722605679194269,-1.273683294735137,0.14272973419487614,0.0,1.225
2009-05,-0.9102106963959684,0.3354817232197144,-1.0350948279011636,-1.1355032944194487,-1.0777131006045622,0.46473449229708036,0.0,1.2333333333333334
2009-06,-0.7664727716556747,-0.10588646858054925,-1.062593490867583,-1.310349956019917,-0.38565212879792443,-0.5430493358877447,0.0,1.2416666666666667
2009-07,-0.6740698200369144,-0.3498028497506704,-1.0695288576231208,-1.3151035057250944,0.08510550736013199,0.20706985158059668,0.0,1.25
2009-08,0.013818819791634412,-0.18344702328527793,-1.0984666864471504,-1.148069508561413,0.2447494576083777,0.3095001794524891,0.0,1.2583333333333333
2009-09,0.6401054918743431,-0.6476163236139854,-1.0539717395795083,-1.374867108750177,-0.031198574240089857,-0.1005644220293466,0.0,1.2666666666666666
2009-10,0.6401054918743431,-0.7967341260834623,-1.040789686662872,-1.353809767096503,0.04093492605956263,0.9484883703794624,0.0,1.275
2009-11,0.4963675671340492,-1.0468980471730407,-1.037070369990981,-1.1416484706630088,0.507618108910898,1.7032763998445406,0.0,1.2833333333333332
2009-12,0.6401054918743431,-1.1676154739179194,-0.989072422792009,-1.213416182501176,0.43612471088643834,1.5192538586102289,0.0,1.2916666666666667
2010-01,1.1329212338410646,-0.7282101916193771,-0.9043117342456529,-1.3002308372707587,0.47259212678607015,0.429628318050609,0.0,1.3
2010-02,1.0405182822223042,-1.747210486436174,-0.8187895238881379,-1.3220451583133535,0.3282636815834738,0.4746636198262536,0.0,1.3083333333333333
2010-03,1.0199842929736909,-1.0601951760556692,-0.8209416507457603,-1.2483168678850656,0.6486679375885754,-0.07092667906340727,0.0,1.3166666666666667
2010-04,1.3793291048244254,-1.1847781173646137,-0.945926142088477,-1.2265060942677137,1.011339542335781,-0.8430025130572083,0.0,1.325
2010-05,1.430664077945959,-1.9019607235434626,-0.9675511542157859,-0.5106599001465595,1.7023595689421938,0.523288056913753,0.0,1.3333333333333333
2010-06,0.5682365295041961,-1.4685044741894613,-0.9804131472407761,0.6026642534372677,1.7484402439680065,-1.0923118243559042,0.0,1.3416666666666666
2010-07,-0.05805014257851247,-0.6615345882221969,-0.8233255451111267,1.301302810224814,1.172085872910633,-2.1150492042509232,0.0,1.35
2010-08,-1.2592885136223961,-0.9012567956336477,-0.8422642614582029,1.4196815542771397,0.0868361671447165,-0.8652322161925635,0.0,1.3583333333333334
2010-09,-2.4297259007933603,-0.48056398087378854,-0.8335012423558844,1.3926607757486862,-0.5309156654231308,0.4798804468036813,0.0,1.3666666666666667
2010-10,-2.3783909276718265,-0.09899367115975813,-0.8494821638422286,1.3322042187136667,-0.626132153417149,1.0060557220228024,0.0,1.375
2010-11,-2.2551869921801457,0.9632810893539739,-0.8588875100374378,1.2727441102915855,-0.6478622467667678,1.455263184191209,0.0,1.3833333333333333
2010-12,-2.1525170459370795,1.3121513168158259,-0.8400790249566173,0.663739682589609,-0.6004169790937885,0.312078965490996,0.0,1.3916666666666666
2011-01,-1.9985121265724781,1.9443498918026376,-0.8577926844770473,0.30436115763190263,-0.7622924919252556,-1.0792674026804427,0.0,1.4
2011-02,-1.844507207207878,2.4537053085565312,-0.6209144666898936,0.4002569402645831,-0.9238574968967728,-0.9696513945675593,0.0,1.4083333333333332
2011-03,-1.7521042555891178,2.4580562738575815,-0.16053669225137665,0.10884735455782742,-1.1285534221394486,-1.169141711672701,0.0,1.4166666666666667
2011-04,-1.567298352351597,0.6325444068127858,-0.18864898728591795,-0.21270674753244587,-1.1613260119768245,-0.9530567084553667,0.0,1.425
2011-05,-1.7315702663405044,-0.6317441951699589,-0.5046783316071685,-0.6467393651867066,-1.180450601781931,-0.09419976361700268,0.0,1.4333333333333333
2011-06,-1.669968298594664,-0.4901734932885135,-0.4860994067244945,-0.9790949910405407,-1.032681849166466,-0.14637553064482292,0.0,1.4416666666666667
2011-07,-1.197686545876556,-0.26253629552821356,-0.5196438906786343,-1.0731683264787104,-0.7262584807079868,-0.162142425042669,0.0,1.45
2011-08,-0.9820796587661154,0.42645398524188793,-0.37369658008787743,-1.1772214298868138,-0.8980101643252946,-0.30195394655101254,0.0,1.4583333333333333
2011-09,-0.7048708039098346,0.6447500253426905,0.2743253715641871,-1.329085139601196,-0.8014353262366495,-0.5149774348310643,0.0,1.4666666666666666
2011-10,-0.7664727716556747,0.5797086722526271,0.2841920454652862,-1.3270297290742943,-0.6792310718624858,0.8002556811216051,0.0,1.475
2011-11,-1.0436816265119555,0.8998830322369337,0.5613065215815297,-1.2035674103062168,-0.10941267510463286,1.2216752819478467,0.0,1.4833333333333334
2011-12,-1.269555508246703,-0.19410281772319382,0.294787131533581,-1.0242461962462306,0.46580527697434465,0.385837281885012,0.0,1.4916666666666667
2012-01,-1.1052835942577957,-0.6760981103317425,0.1314506359332352,-1.2560879289421707,0.16497940571186998,-0.8011647085420637,0.0,1.5
2012-02,-1.1463515727550224,-0.7523259369262394,-0.37464191750862613,-1.2124295290149065,0.06472802800710155,-0.3735390891220722,0.0,1.5083333333333333
2012-03,-1.033414631887649,-0.8343098222592711,-0.17815102283991663,-1.278497974129885,0.00931560439758866,-0.8013385762315257,0.0,1.5166666666666666
2012-04,-0.6330018415396877,-0.7800901008154103,-0.1754426539637084,-1.1207940320653782,0.2632745316326669,0.774942412246269,0.0,1.525
2012-05,-0.5303318952966206,0.12806761920449147,0.0354061807241451,-0.8740839830640692,1.0851111299338818,0.9749393874411965,0.0,1.5333333333333332
2012-06,-0.3249920028104866,-0.3816375632977887,0.04489099006486669,-0.3535998650341097,1.4642475664715302,0.19626882876299717,0.0,1.5416666666666667
2012-07,-0.2633900350646464,-0.35485334654849415,0.3702771197701792,0.02915076237350889,1.544719748197983,-0.44159109352012543,0.0,1.55
2012-08,-0.22232205656741966,-0.5333997154339472,-0.0806762310116066,0.3234208014935786,1.5448073649865701,-1.096751029366368,0.0,1.5583333333333333
2012-09,0.4142316101395957,-0.7572558248453092,0.03763777072727965,0.48561046672605174,1.5216044924161256,-0.7263803660230462,0.0,1.5666666666666667
2012-10,0.04461980366455451,-1.462682080567612,-0.0018090590907391452,0.5983034464458413,1.521430390398312,-0.04381187349502393,0.0,1.575
2012-11,-0.23258905119172632,-1.8629648578203255,-0.08689863676713226,0.8634117860465012,1.5251998608771222,-0.07547052551151749,0.0,1.5833333333333333
2012-12,-0.12991910494865935,-1.2343302752006946,-0.3599891874870213,1.408876397077501,1.2129435548891216,-0.5195237431870585,0.0,1.5916666666666666
2013-01,0.03435280904024781,-2.07441332882987,0.010640167039506985,1.2900976850855264,0.9061562158984144,-0.6595372205473027,0.0,1.6
2013-02,0.03435280904024781,-1.3171312856872845,-0.4261186063802472,1.2930135960869482,0.658521988675044,-0.8517369693791726,0.0,1.6083333333333334
2013-03,0.003551825167327718,-1.3334104690971058,-0.25377344965236837,1.524606154593216,0.43069484218607224,0.5601290311940358,0.0,1.6166666666666667
2013-04,-0.016982164081285684,-1.268477663997921,0.06849816621078526,1.4295677828647992,0.02165986426230768,0.15597269484560605,0.0,1.625
2013-05,-0.05805014257851247,-0.882535282429058,0.24075219258527902,1.4351837501007727,-0.214226344384206,0.2731370374183041,0.0,1.6333333333333333
2013-06,-0.2941910189375665,-0.4699594452093431,-0.18160104774090483,1.4397321801660727,-0.6268720289168108,0.08699593613869228,0.0,1.6416666666666666
2013-07,-0.6330018415396877,0.5026848270583537,-0.06657152268318979,1.1332630954388072,-0.7994178107622331,-0.006725199956257629,0.0,1.65
2013-08,-1.1052835942577957,0.7961201986228985,-0.08617243190953436,1.1071070506705414,-0.7845279670690147,-0.12414695650171667,0.0,1.6583333333333332
2013-09,-0.7459387824070614,0.25805685350358404,-0.38674398711906244,1.1091559494304206,-0.8058669431367674,0.22543188815443396,0.0,1.6666666666666667
2013-10,-0.3968609651806335,0.22289333490285526,0.18492933286295224,0.9077491641975322,-0.857029659454413,1.084484958177244,0.0,1.675
2013-11,-0.27365702968895317,0.5434717346309877,0.4637301935117323,0.5638537648308047,-1.0998167744072667,-0.03429820016046331,0.0,1.6833333333333333
2013-12,-0.06831713720281918,0.9314011474773228,0.4225241379444569,0.14394626207481626,-1.2301326187913948,-1.0826277455682454,0.0,1.6916666666666667
2014-01,-0.09911812107573928,0.8821113139525317,0.667535503273768,0.12996965881343114,-1.380486389349993,-0.4614772039060719,0.0,1.7
2014-02,-0.28392402431325986,1.4240039909722857,0.89559000094467,0.01956304725706947,-1.3569517084950753,-0.7164093103087688,0.0,1.7083333333333333
2014-03,-0.44819593830216703,0.9530172737720085,0.5305940158410615,-0.20031854685861183,-1.272562967840836,0.20464734399470236,0.0,1.7166666666666666
2014-04,-0.3660599813077134,-0.027460545170760627,0.4657829914374642,-0.7919943189605834,-1.2057519012632538,0.5486181129611097,0.0,1.7249999999999999
2014-05,0.013818819791634412,-0.06276577920402533,0.2167145910678355,-1.1003133203353777,-0.5533135902612171,0.9034004444175335,0.0,1.7333333333333334
2014-06,-0.09911812107573928,-0.6245739973280335,0.07116680351423686,-1.2896159085125145,0.004271871738837288,-0.8746542656380941,0.0,1.7416666666666667
2014-07,-0.10938511570004598,-0.7493680041747975,0.39722836995640337,-1.3968086759508287,0.2930719504223757,-1.6279220729632824,0.0,1.75
2014-08,0.0651537929131679,0.3668611382495364,0.11943845710330611,-1.3990971029646635,0.30883111052138906,-1.29202603782243,0.0,1.7583333333333333
2014-09,0.4963675671340492,0.020357860033231596,0.549605573404857,-1.4550057180076534,0.4290168694618328,-1.2305134881596955,0.0,1.7666666666666666
2014-10,0.301294669272222,-0.673896998294482,0.6471399625923009,-1.3078301744468182,0.7002474924446832,-0.10748875541315522,0.0,1.775
2014-11,-0.02724915870559238,-0.5859399582411585,0.5903878255294011,-0.8738390481192901,1.323934162272665,1.3676894334672693,0.0,1.7833333333333332
2014-12,0.1883577284048483,-0.8709598452906429,0.6451533839544957,-0.3959650427173493,1.6951364463870124,0.8864366173031784,0.0,1.7916666666666667
2015-01,0.44503259401251577,-1.4504975685914892,0.3018328637689969,-0.28888379703619,1.6531005162117576,0.7705315808482229,0.0,1.8
2015-02,0.42449860476390233,-0.09574024665536898,0.07007197795384626,0.05050398984489994,1.7308458864862688,1.61259203939408,0.0,1.8083333333333333
2015-03,0.301294669272222,-0.441254532065891,0.051828564130001864,0.3059150255936585,1.5709994067249973,0.7020385115755672,0.0,1.8166666666666667
2015-04,0.1267557606590081,-0.6700676663940425,0.15197861519055586,0.6514405036693556,1.5130779020307825,-0.14215167158078912,0.0,1.825
2015-05,0.21915871227776837,-1.145592292657439,0.0007734931384073404,1.0476248144382228,1.1533996110829654,-0.7310817037217024,0.0,1.8333333333333333
2015-06,0.38343062626667557,-1.1890476716725054,0.16956425075432757,1.2843919353264226,0.443503386586849,-0.6307523888259223,0.0,1.8416666666666666
2015-07,1.0405182822223042,-1.5734341987054414,-0.24595957367700122,1.449308552441098,-0.29455478943279084,-0.4422971473328761,0.0,1.8499999999999999
2015-08,2.0158827715314405,-0.4319043287404871,-0.27403655175798186,1.3554992653826383,-0.6359030165697794,0.7819383190374644,0.0,1.8583333333333334
2015-09,1.902945830664067,0.10983155673688663,-0.3996766140511746,1.4738229613614016,-0.7830292246629078,1.572339050525814,0.0,1.8666666666666667
2015-10,2.0672177446529743,0.6407126431264004,-0.39395968219349065,1.1054928139383717,-0.7470732501005977,1.7068123164535143,0.0,1.875
2015-11,2.3649605887578686,1.0481384812233197,-0.3155803256936841,0.7458828988540248,-1.0983371722209603,0.9665037053544762,0.0,1.8833333333333333
2015-12,2.272557637139108,0.6062185038027563,-0.27403655175798186,0.3435390760288405,-0.9613418329627335,-0.3928530431795759,0.0,1.8916666666666666
2016-01,2.0569507500286672,-0.21847184167543957,-0.45958299652899004,0.34456701618604846,-0.8756216839165826,-0.3494348106802355,0.0,1.9
2016-02,2.0466837554043606,-0.5632443824816245,-0.4416763877040837,0.5086515890247718,-0.7705960351347699,-0.7763402895345513,0.0,1.9083333333333332
2016-03,2.0569507500286672,-1.5792294553295712,-0.655923185232073,0.5787684328333169,-0.3107012314252144,-0.2155129748448963,0.0,1.9166666666666667
2016-04,1.9234798199126806,-1.7553817379717573,-0.5836757347942922,0.8761043346218759,0.31759440355024704,0.2006646959495,0.0,1.925
2016-05,1.4203970833216522,-1.973698884626342,-0.5595079020105926,1.0023270005411067,0.39222102610491544,-0.5492829696896318,0.0,1.9333333333333333
2016-06,1.430664077945959,-1.7476989523951276,-0.7808127622620947,0.9638191408640022,0.22267890320970593,-1.564605064705448,0.0,1.9416666666666667
2016-07,1.3382611263271986,-1.7028113429448575,-0.6930722057590305,0.9845840239982417,-0.19837582172431253,-0.9750653736218083,0.0,1.95
2016-08,0.4347655993882091,-2.1167530757164617,-0.7281022090723296,1.1214116560957665,-0.6496591747711259,-1.3957217275194413,0.0,1.9583333333333333
2016-09,-0.47899692217508716,-1.956873946040159,-0.6950058089664946,1.0871888429065941,-0.7934586211976616,-0.6689017896264211,0.0,1.9666666666666666
2016-10,-0.21205506194311297,-1.7091704460771622,-0.7591590551100177,1.1150780201345318,-0.8322179840367528,-0.2054380086665342,0.0,1.9749999999999999
2016-11,-0.23258905119172632,-1.3656823898297075,-0.9375780971905002,1.1686116050456805,-0.955786690534474,0.8992541492810892,0.0,1.9833333333333334
2016-12,-0.48926391679939385,-0.5779224830259864,-1.0213212160123808,1.111328771553448,-1.072264547735807,0.19472085291784785,0.0,1.9916666666666667
2017-01,-0.4276619490535536,0.3912904666411592,-0.9784773367237145,0.9729441065621405,-1.1434919229339873,0.5007762149262601,0.0,2.0
2017-02,-0.31472500818617993,0.6129424487932918,-0.9753153657252078,0.9810723168286032,-1.2016217318404185,1.0672245575901143,0.0,2.0083333333333333
2017-03,-0.37632697593202014,1.2206332996172906,-0.9989390966931084,0.6173178495013079,-1.3298070946679452,-0.07213233799371295,0.0,2.0166666666666666
2017-04,-0.3660599813077134,1.030882365895591,-0.8397280627306051,-0.04451048595511959,-1.4439880191326369,-0.03210122084076144,0.0,2.025
2017-05,-0.5303318952966206,0.45254470093834703,-0.9715905307793232,-0.8284202563018437,-1.0879485351151903,0.3366008802169208,0.0,2.033333333333333
2017-06,-0.12991910494865935,0.5262035584153838,-0.9332672215464627,-1.2584507936314717,-0.5494466621928727,0.15084196727953297,0.0,2.0416666666666665
2017-07,0.2602266907749952,0.05991154182060596,-0.8698114852357687,-1.4486738794805003,-0.20284543335722618,-0.7960264573611453,0.0,2.05
2017-08,-0.18125407807019284,-0.25992511330318946,-0.876367194740526,-1.460343238345143,-0.11293942219575229,-0.797272299067889,0.0,2.058333333333333
2017-09,-0.5816668684181542,-0.9719155072516787,-0.5775857676146201,-1.5045861016523983,-0.10327507426442567,-0.7773291951405074,0.0,2.0666666666666664
2017-10,-0.6843368146612211,-0.6558870774745409,-0.9569560681474913,-1.5354774570969434,0.10378123474305115,-0.1712957344895539,0.0,2.075
2017-11,-0.6946038092855278,-0.46088362708310454,-1.0656042611586567,-1.3456993240834758,0.39897903151565395,0.365543816916267,0.0,2.0833333333333335
2017-12,-0.5405988899209273,-0.8381481998256172,-1.0920434155182466,-1.0364540306140841,0.8162740131324637,1.0407948973512244,0.0,2.091666666666667
2018-01,-0.5713998737938475,0.30431337372771194,-1.1255503752092282,-1.1645041401916594,0.7638997464425809,0.07729087753845149,0.0,2.1
2018-02,-0.6946038092855278,-1.0747586981652146,-1.0718701824462484,-1.3299989606687803,0.3328315881650038,0.3207358083847443,0.0,2.1083333333333334
2018-03,-0.7459387824070614,-0.5688255583459658,-1.1283315853021554,-1.3899660217194838,0.4377462243733384,0.5169349228846336,0.0,2.1166666666666667
2018-04,-0.6638028254126077,0.3141641038999449,-1.068341325059633,-1.1619245308069588,0.9980443892998684,1.1413779289326982,0.0,2.125
2018-05,-0.756205777031368,0.032177530151123616,-1.0287377762601868,-0.7968077720308799,1.5122249911065457,1.4104065359018527,0.0,2.1333333333333333
2018-06,-1.2900894974953163,-0.6246976214287564,-0.9813711196061174,-0.10057408145200848,1.8903805193089225,-0.5603952128644509,0.0,2.1416666666666666
2018-07,-0.8999437017716617,-0.8711890021602755,-1.039134204464701,0.4157494087581608,1.8286263608269613,-1.72542562489282,0.0,2.15
2018-08,-0.4687299275507804,-0.3321849077866798,-1.061979858799461,0.8669442591569667,1.6939046390171446,-2.3769858492855103,0.0,2.158333333333333
2018-09,0.013818819791634412,-0.09674733079296488,-1.0994754269332359,1.2540770939482646,1.2629595934827953,-1.335838026948837,0.0,2.1666666666666665
2018-10,0.537435545631276,-1.0659090216866398,-1.0963476692334915,1.42143732497163,0.8562099063494758,-0.36774746963089877,0.0,2.175
2018-11,0.7017074596201832,-1.4440510240220878,-1.131156941587034,1.7510014039056196,0.40447069755397497,0.18130960477289249,0.0,2.183333333333333
2018-12,0.5990375133771162,-1.1390130783214083,-1.1237624544352034,1.7252969881518634,-0.10956867015529421,0.11167449180080945,0.0,2.1916666666666664
2019-01,0.403964615515289,-1.7507202048079153,-1.0942948713077592,1.3342531981082597,-0.3557078175645171,0.7511477190988802,0.0,2.2
2019-02,0.2499596961506885,-0.6748347323267944,-1.102588837120596,1.0217692547676074,-0.4465444718786071,1.7730213953833869,0.0,2.2083333333333335
2019-03,0.15755674453192817,0.19682372576017812,-1.0616487623598267,1.202704744322348,-0.7592267887564719,1.3549578971429275,0.0,2.216666666666667
2019-04,0.5785035241285028,-0.16587732487278894,-1.019005748244539,1.023294281452049,-0.8783112259418094,1.3986510876825389,0.0,2.225
2019-05,0.845445384360477,-0.0702344840208668,-1.0201292688296975,0.5623084220391156,-1.3297484999965776,-0.13499300221059313,0.0,2.2333333333333334
2019-06,0.3731636316423689,-0.9397370584001115,-1.073199613483865,-0.028711935202473733,-1.3473918984620248,-1.498107434655072,0.0,2.2416666666666667
2019-07,0.301294669272222,-0.19398522406640867,-1.0922420733820273,-0.1685044328382372,-1.3141142375482855,-1.0703811039256197,0.0,2.25
2019-08,0.42449860476390233,-0.4724439881116755,-1.1059494659828832,-0.24861393962630118,-1.265239989185047,-2.1588923061547556,0.0,2.2583333333333333
2019-09,0.3731636316423689,-1.3884201786968053,-1.1030336100045044,-0.09941867503104328,-1.1029289225829353,-1.7086432420090516,0.0,2.2666666666666666
2019-10,0.39369762089098226,-0.2356284546781961,-1.1398537414014258,-0.4798371670486494,-0.8937572387475565,-0.5723930360384168,0.0,2.275
2019-11,0.2294257069020751,-0.39990377798508203,-1.1059075271005296,-0.6675648091182473,-0.7384179406473099,-0.050950637232618924,0.0,2.283333333333333
2019-12,0.38343062626667557,-0.2995782974155358,-1.1050223959519074,-0.8762556164889946,-0.6724057371918969,0.018733907554598667,0.0,2.2916666666666665
2020-01,0.5477025402555826,-0.6397224724995361,-1.0803888208431227,-0.9046371199916374,-0.44100255099028457,-0.2728602938981518,0.0,2.3
2020-02,0.4347655993882091,-0.028235457216755078,-1.0935459083270693,-0.8906936217164019,-0.31988131793740243,-0.8025763840802982,0.0,2.308333333333333
2020-03,0.32182865852083536,0.3407432855553577,-1.089527082577027,-0.8148049971840865,-0.1693934319088449,-1.4976047706377678,0.0,2.3166666666666664
2020-04,0.3320956531451421,-0.5400633559851057,-1.077715768920476,-0.4994689205953163,0.06208964637800902,-1.5186779881822379,0.0,2.325
2020-05,0.19862472302915501,-1.8763313368082377,-1.0644961917406808,0.32957657129510703,0.763539628894488,-0.4314660521737413,0.0,2.3333333333333335
2020-06,-0.08885112645143256,-1.2866624676920553,-1.0443235893285676,0.6350794673922479,0.5240973905587614,-1.0270629243616354,0.0,2.341666666666667
2020-07,-0.17098708344588617,-1.2091380956509528,-1.042445168861043,0.6631110804440637,0.0008191364593478956,-0.5261436024527967,0.0,2.35
2020-08,-0.6330018415396877,-1.308923851488075,-1.0090706477459153,0.5861925065876089,-0.5703637035182589,-0.7729170386562628,0.0,2.3583333333333334
2020-09,-0.8999437017716617,-1.0504529938743148,-1.0488397447651783,0.6056239243756818,-0.9619895203308528,-0.8713892496864788,0.0,2.3666666666666667
2020-10,-0.9204776910202752,0.04074980620856418,-0.9930455800676197,0.48363251659356526,-1.2873102480231515,-1.4136070372168743,0.0,2.375
2020-11,-1.1155505888821022,1.091488327469476,-0.711086059384729,0.13329121742195216,-1.3670052005619535,-0.217333452404507,0.0,2.3833333333333333
2020-12,-1.1360845781307156,1.1476046235317434,-0.7875671296306325,-0.16213997395142132,-1.2442941447657596,-1.207637798762205,0.0,2.3916666666666666
2021-01,-1.0950165996334889,0.16061995558019612,-1.0044352975910362,-0.1914073409611458,-1.01216439879309,-2.1143868545384077,0.0,2.4
2021-02,-1.1052835942577957,-0.04065515650644825,-1.0390987298461685,-0.21012619266445104,-1.0790933804415568,-1.1383266688653688,0.0,2.408333333333333
2021-03,-1.1668855620036358,1.0049484417415122,-0.9894035192316433,-0.38935399183029407,-1.1480471589858599,-0.7315588796418633,0.0,2.4166666666666665
2021-04,-0.9204776910202752,0.4231945302935611,-0.9693280384418229,-0.8149497873221432,-1.1201179242604065,0.22692397976355164,0.0,2.425
2021-05,-0.7459387824070614,-0.45532657299451396,-0.933814634326658,-1.0729986045275552,-0.7910340109615142,0.6230407558619726,0.0,2.433333333333333
2021-06,-0.9102106963959684,0.34447914557476284,-0.8314484444301524,-1.1484113218506253,-0.25487693064272926,0.028173006876105168,0.0,2.4416666666666664
2021-07,-1.033414631887649,-0.19730498345411254,-0.798956847154049,-1.0471385910915394,0.34423620559744966,0.5816569799304552,0.0,2.45
2021-08,-1.0128806426390355,0.17175818553312802,-0.8803403520161365,-0.9981711024949587,0.34521146290829885,0.9949656873887343,0.0,2.4583333333333335
2021-09,-1.4132934329869966,0.5435863130658041,-0.7042433996322887,-1.1722708898728025,0.5214806777220241,1.146934991317548,0.0,2.466666666666667
2021-10,-1.2592885136223961,0.14935207108260365,-0.6988332838086659,-1.127812869512532,0.660966366069581,1.2540355213874927,0.0,2.475
2021-11,-1.3516914652411562,0.10661431489612368,-0.7856710506863273,-0.6816451627402381,1.183034028967291,1.3408112821194993,0.0,2.4833333333333334
2021-12,-1.43382742223561,-0.620726574095781,-0.4676617496560643,-0.23996859255393196,1.4117420008671948,1.9444391709076094,0.0,2.4916666666666667
2022-01,-1.361958459865463,0.279003600521185,-0.4514380241139884,-0.2160962662812768,1.3583229699038477,1.285582133069309,0.0,2.5
2022-02,-1.1668855620036358,1.0844779363919,-0.32883064754287394,0.06002452683975147,1.4011435321817745,1.0072326613547997,0.0,2.5083333333333333
2022-03,-0.9718126641418087,0.2531360112504208,-0.07749770519111851,0.03204238138603174,1.4423819121488246,0.9001997957227988,0.0,2.5166666666666666
2022-04,-0.9410116802688886,-0.43348430505216456,0.18872369806116027,0.31967895208214486,1.4784357859486175,0.812154747468801,0.0,2.525
2022-05,-1.2798225028710095,-0.8013293243639897,0.296839929459313,0.7832422660415579,1.3002973887886191,-1.0634047745025255,0.0,2.533333333333333
2022-06,-1.5878323416002107,0.36009799537340587,-0.056311947673724584,1.157310521404671,0.6852900039580639,-1.4341130845513266,0.0,2.5416666666666665
2022-07,-1.6083663308488239,-0.6559202449161983,0.14374093577245678,1.303596032782163,0.15495304313291716,-1.95570989900551,0.0,2.55
2022-08,-1.8855751857051046,-0.12567838558408068,-0.03246858940086657,1.2980109024560815,-0.34680288422309924,-1.0092856525971752,0.0,2.558333333333333
2022-09,-2.1627840405613856,-0.08192751481606711,0.28725799849629907,1.333940092245599,-0.758045687752579,-0.09154607544471818,0.0,2.5666666666666664
2022-10,-1.7315702663405044,0.2298012084334906,0.2092318115321023,1.3767161106839936,-0.8145936929123773,1.0376647944733446,0.0,2.575
2022-11,-1.7110362770918908,0.712966407165953,-0.0371525003668919,1.2507576244772978,-0.8335988334869432,1.1335315049721801,0.0,2.5833333333333335
2022-12,-1.7110362770918908,1.0228859972342008,0.43649640769701986,0.935455981825936,-0.8829741094488178,0.35348896491413295,0.0,2.591666666666667
2023-01,-1.505696384605757,1.3420080447513787,1.111006074519821,0.703025712836367,-0.9507631535199645,-0.5895529026165802,0.0,2.6
2023-02,-1.2490215189980896,-0.08317581671117101,1.051822585935207,0.47802461362552284,-0.975137728428444,-0.38371269986999507,0.0,2.6083333333333334
2023-03,-1.0744826103848757,-0.4490368199674929,0.6875999475156006,0.3830215051823742,-1.3368697378709924,0.46498027249596896,0.0,2.6166666666666667
2023-04,-0.8691427178987418,-0.1406037343298882,0.49623282733582347,0.12069267340284599,-1.5420369655006025,0.3042613017022968,0.0,2.625
2023-05,-0.7151377985341413,-1.1516951019223913,0.7660035844209806,-0.4836074662651296,-1.2166646769768827,0.30272955915715494,0.0,2.6333333333333333
2023-06,-0.31472500818617993,-0.6325522746576107,0.9087083572129193,-1.0471447795348838,-0.9147968448543515,0.26479171596927237,0.0,2.6416666666666666
2023-07,0.003551825167327718,-1.1468225032207298,1.2382795459152087,-1.318262789476309,-0.5009513472569121,-0.3267063020015912,0.0,2.65
2023-08,0.506634561758356,-0.776438667011133,0.7191203285687767,-1.3918803008799645,-0.33414070289539316,-0.4978760963314494,0.0,2.658333333333333
2023-09,0.5785035241285028,-1.0909625010258146,0.6876904472091006,-1.4323552169110956,-0.06887571134952186,-0.6576552314721238,0.0,2.6666666666666665
2023-10,0.5887705187528095,-1.1504468000272874,0.39769190497189144,-1.3067755278350854,0.20983405281550893,0.34111388450298313,0.0,2.675
2023-11,0.7633094273660235,-0.8729890896756789,0.6213166476104302,-0.9250740370716235,0.8065410864580295,0.4720226494295537,0.0,2.683333333333333
2023-12,0.5579695348798894,-1.3144175859153195,0.49357743388995723,-0.44681768453071596,1.384506810590579,1.1348342718275475,0.0,2.6916666666666664
2024-01,0.9994503037250775,-2.4642935902900507,0.741038912872561,-0.22732742090324703,1.5889624648358307,1.2842503822500417,0.0,2.7
2024-02,1.225324185459825,-2.687444137760702,0.9562789997194533,-0.1313156953969092,1.5620554644628373,1.531946987404918,0.0,2.7083333333333335
2024-03,0.7838434166146367,-3.326261124969139,0.6393923059048606,0.22724882451104483,1.564336002220747,1.106818455927236,0.0,2.716666666666667
2024-04,0.7633094273660235,-3.2015847117791605,0.8221487113445505,0.8029198883803407,1.372704366521021,0.06051741406777334,0.0,2.725
2024-05,0.8659793736090904,-3.527307080186151,1.4244219642775582,1.2260939603412628,0.6238343350712203,-0.17325606164253304,0.0,2.7333333333333334
2024-06,0.4142316101395957,-2.7728864826920043,1.4156810182712156,1.2160683290098215,0.11233925905767213,-1.138618212933486,0.0,2.7416666666666667
2024-07,0.1883577284048483,-2.470697921751888,1.7886942671631103,1.028079676882112,-0.45594853512847267,-1.150374227021901,0.0,2.75
2024-08,-0.17098708344588617,-1.93697046582378,2.684310136373632,0.9230101475057666,-0.6127398110891984,-0.18358457593920358,0.0,2.7583333333333333
2024-09,-0.6740698200369144,-1.4330273725039722,1.5561608229888138,0.8710676329350193,-0.8597872114839133,0.18549980996123416,0.0,2.7666666666666666
2024-10,-0.6843368146612211,-0.8014559636866814,2.007615233049246,0.6266714872934357,-1.1401495584037706,0.49293670481199264,0.0,2.775
2024-11,-0.6022008576667676,0.21847301949652115,1.5293375967592475,0.34911266482891584,-1.2957163635346587,0.062285639154251005,0.0,2.783333333333333
2024-12,-0.4687299275507804,-0.15479035369332747,1.4091915280543847,0.10276574056784256,-1.1594519619315828,-1.3597011895165492,0.0,2.7916666666666665
2025-01,-0.6330018415396877,0.46825400739605555,1.2594697180517977,0.04825761802436578,-1.2452896377209584,-1.349297729612097,0.0,2.8
2025-02,-0.8691427178987418,0.7408964082634106,1.1977911812970832,-0.12042226876888258,-1.1904153203247752,-1.6259152733914404,0.0,2.808333333333333
2025-03,-0.961545669517502,0.16335476190594306,0.8223561984467217,-0.18582848107306335,-1.2402180903760118,-1.1896214691574143,0.0,2.8166666666666664
2025-04,-0.7870067609042881,-0.17398827196899544,0.8434978097721644,-0.7783948880566895,-1.0484646916603262,0.05649250432752023,0.0,2.825
2025-05,-0.6330018415396877,-0.24078749946689845,0.32332764463004915,-1.1351260545969386,-0.4692686413246727,0.009612012092175125,0.0,2.8333333333333335
