time,enso,trop,solar,qboA,qboB,aod,eesc_1,eesc_2,constant
1979-01,0.48724239428649274,0.5681239955285174,1.5562576779009354,-0.9867484578249245,-0.949496992557325,-0.049074468217542376,0.44569587592552024,1.6380667745291877,1.0
1979-02,0.2694556000330091,0.8876315582172881,1.6098575960796053,-1.0185036227833204,-1.0528815522404362,-0.045291928783936314,0.43644306100682817,1.644643556622174,1.0
1979-03,-0.08315159066310727,0.4199362820427985,1.3001576463074604,-1.143924157310299,-0.6854281566358288,-0.0849263637186782,0.4271902460881361,1.6512203387151605,1.0
1979-04,0.20723080167487093,0.4216183926389956,1.115239815912111,-1.136138004956407,-0.4247730658887838,-0.12390296570844506,0.41793743116944393,1.6577971208081468,1.0
1979-05,0.2798263997593655,0.9574422629790902,0.990353893876871,-1.2063031443584087,0.03330420819657644,-0.15580786353973108,0.40868461625075186,1.6643739029011333,1.0
1979-06,-0.15574718874760185,0.7942276948340105,1.341105907742795,-0.9597291063826416,0.6197547015009173,-0.18689047018979835,0.3994318013320598,1.6709506849941194,1.0
1979-07,-0.1453763890212455,0.5529195847506693,1.0424722650213776,-0.7778900268404572,0.9864294536664666,-0.2183019933123531,0.39017898641336773,1.677527467087106,1.0
1979-08,0.4561299951074237,0.03287328879897891,1.1560889929916578,-0.5515413324909401,1.2560521022701905,-0.2423128958039394,0.38092617149467567,1.6841042491800922,1.0
1979-09,0.3939051967492855,0.10068415096307999,1.6746832999387928,-0.26092376400875184,1.5118593850977926,-0.26944850478415694,0.3716733565759835,1.6906810312730784,1.0
1979-10,0.24871400058029636,-2.039860768070554,1.964353111273253,0.22402453008861506,1.7397851974588883,-0.29017024255086843,0.36242054165729143,1.697257813366065,1.0
1979-11,0.5390963929182746,-0.49331582584845346,2.176721711971035,0.8256732741939223,1.790751171397065,-0.3140166868062111,0.35316772673859936,1.7038345954590512,1.0
1979-12,0.6739167893609073,-0.10048381626360235,1.570525825134412,1.0232966821187708,1.413143512816403,-0.3301335939580978,0.3439149118199073,1.7104113775520378,1.0
1980-01,0.3627927975702164,0.5252146002273785,1.6188129345217803,1.2462490081376911,0.8000803418759579,-0.3492107493623719,0.3346620969012152,1.7169881596450238,1.0
1980-02,0.19686000194851455,0.13248538629007287,1.5269492087992191,1.1629050300774,0.6645349840719459,-0.3651631982780149,0.32513383291605974,1.7229654327697468,1.0
1980-03,0.42501759592835453,-0.6516522732645615,0.9411419971688149,1.2328315266886067,0.48303152032904756,-0.3814445636661454,0.31560556893090436,1.7289427058944695,1.0
1980-04,0.611691991002769,-1.1189457119077375,1.8193222387690209,1.3453805746314218,0.2271662236500623,-0.39312109843945103,0.3060773049457489,1.7349199790191925,1.0
1980-05,0.5702087920973437,-0.412044963895153,2.2245486295726344,1.3760570141992206,-0.18363995314076514,-0.4044687167402693,0.29654904096059354,1.7408972521439154,1.0
1980-06,0.6428043901818382,-0.43985585908561164,1.614138354803159,1.1686527056365474,-0.8957917100594955,-0.40035726083417567,0.28702077697543815,1.746874525268638,1.0
1980-07,0.6428043901818382,0.4755362672863577,1.4405932065777014,0.9020011258765878,-1.0910306897299122,-0.3811156471936579,0.27749251299028277,1.752851798393361,1.0
1980-08,0.15537680304308907,1.3578188500898476,1.0205415942736267,0.7788754209431596,-1.1722654394477166,-0.36154511708065257,0.26796424900512733,1.7588290715180839,1.0
1980-09,0.20723080167487093,1.223309187766909,1.3388533900545485,0.6062720833668536,-1.1588667282528886,-0.3531577470322217,0.25843598501997195,1.7648063446428066,1.0
1980-10,0.09315200468495091,1.1855863001373779,1.6873132524899088,0.4618462173509309,-1.203459155422993,-0.34888183288988445,0.24890772103481654,1.7707836177675296,1.0
1980-11,-0.03129759203132546,1.5200646471323025,1.902870167569491,0.23363509805755167,-1.17912393991411,-0.34164567049515976,0.23937945704966113,1.7767608908922525,1.0
1980-12,-0.062409991210394554,1.566381873900552,2.0121117707630862,0.0782074937247044,-1.2122997776581386,-0.34953966583485935,0.22985119306450572,1.782738164016975,1.0
1981-01,-0.3424215838220164,1.487001828858162,0.9931282558389382,-0.05710121953632653,-1.2305561955181146,-0.3521709976147592,0.22032292907935033,1.788715437141698,1.0
1981-02,-0.2490843862848091,0.9232300024642148,1.618706772712008,-0.12475453262337201,-1.2060926862357448,-0.3595716182457276,0.21065233193231706,1.7935719830817096,1.0
1981-03,0.3420511981175037,0.6967992260983501,1.6937867637347266,-0.33651171911108674,-1.1548400214751782,-0.36746561358542723,0.2009817347852838,1.7984285290217212,1.0
1981-04,0.42501759592835453,0.5293451162469293,2.1338556177825585,-0.6230072481410545,-1.0547894775988522,-0.3755240671613706,0.19131113763825053,1.8032850749617326,1.0
1981-05,-0.2801967854638782,0.07596647025785044,1.606262249455298,-0.8108034375459579,-0.33478026203478,-0.383582520737314,0.18164054049121728,1.8081416209017442,1.0
1981-06,-0.6224331764336383,0.41089961011767295,0.847326727234129,-0.8565293394942604,0.14251085155804274,-0.3612162006081651,0.17196994334418403,1.8129981668417559,1.0
1981-07,-0.529095978896431,1.288774440155202,1.5915317085614762,-0.8742550525095865,0.3781457238109086,-0.3358896322266287,0.16229934619715075,1.8178547127817675,1.0
1981-08,-0.3216799843693036,0.9484803515249067,2.160408023259179,-0.9024068432269544,0.4845892138967404,-0.33769867282530996,0.1526287490501175,1.822711258721779,1.0
1981-09,-0.010555992578612736,0.5162153085377241,2.0774061593528286,-0.9703687896644446,0.5425469645998553,-0.35134870643354055,0.14295815190308425,1.8275678046617907,1.0
1981-10,-0.10389319011582002,0.3671522745380581,2.0958050232853807,-1.0314041776692067,0.5459761223841676,-0.3531577470322217,0.13328755475605097,1.8324243506018023,1.0
1981-11,-0.22834278683209638,0.5983085356713875,1.6965258957036222,-1.1168624444315292,0.5944067862199585,-0.35200653937851545,0.1236169576090177,1.8372808965418137,1.0
1981-12,-0.1661179884739582,0.02818518426698515,1.6558704835865048,-1.0014918847677188,0.7985141865141345,-0.3518420811422717,0.11394636046198445,1.8421374424818253,1.0
1982-01,-0.3942755824537982,0.15746161362397715,1.0823041760481686,-0.9103427899469765,0.9022904876290364,-0.32898238630439164,0.10427576331495118,1.846993988421837,1.0
1982-02,-0.48761277999100544,0.6321345337530622,1.810536444668972,-0.6915076813728808,1.1730959987138845,-0.3301335939580978,0.09460992960090177,1.8505723481092893,1.0
1982-03,-0.29056758519023457,0.9209435780612357,1.798485899684083,-0.6638886129444873,1.3396253330318195,-0.3299691357218541,0.08494409588685234,1.8541507077967416,1.0
1982-04,-0.3527923835483728,0.16742967641625625,0.8692375811107242,-0.5029542462889659,1.5504305057110122,0.18149597899618403,0.07527826217280292,1.857729067484194,1.0
1982-05,-0.03129759203132546,0.23599437332902343,0.5613846895518726,-0.013265228727833454,1.6588259785233106,0.7122027073547403,0.06561242845875348,1.8613074271716463,1.0
1982-06,0.80873718580354,0.004489229997964206,1.1647952050535673,0.6170901166192646,1.53528567185754,1.0282914374152128,0.05594659474470407,1.8648857868590987,1.0
1982-07,1.856187958165533,0.8089492775703576,0.9077175411496506,1.034695160253218,1.1829760047735218,1.4415749850957367,0.04628076103065465,1.868464146546551,1.0
1982-08,2.094716351871729,1.7088566413984458,1.0562119623573176,1.4805965563621697,0.583869364150185,1.6732966399631697,0.03661492731660522,1.8720425062340031,1.0
1982-09,1.8769295576182456,2.079360190328592,0.9533998329170812,1.4829672410913524,-0.04059465787453145,1.8120993913528882,0.026949093602555797,1.8756208659214555,1.0
1982-10,2.001379154334522,1.9904575302999528,0.8264683694034627,1.3598479871978604,-0.4319397048802796,2.040367423259202,0.017283259888506375,1.8791992256089078,1.0
1982-11,2.3643571447569944,2.401889322051272,0.88418610758728,1.3399462581802823,-0.5689829385968588,2.390827924694617,0.007617426174456959,1.8827775852963602,1.0
1982-12,2.571773139284122,2.4903060390187877,1.4877573599328067,1.3123245514997393,-0.9152702921041406,3.0141246400584008,-0.002048407539592474,1.8863559449838125,1.0
1983-01,2.665110336821329,1.7341101054787604,0.3532414861598082,1.0877503053802222,-1.0011570498161317,3.106714627063627,-0.011714241253641892,1.8899343046712649,1.0
1983-02,2.8414139321693876,1.6404165452705821,-0.01868343904722177,0.8378923574051323,-1.1945623563666266,3.169373215072492,-0.02131237931697986,1.8925504839857912,1.0
1983-03,2.7791891338112493,1.2817500709062677,-0.06502660774008345,0.47821451450319197,-1.2897085165598767,3.573447101523367,-0.030910517380317817,1.8951666633003175,1.0
1983-04,2.8932679308011693,1.0227143841507826,-0.012725481006012106,0.24647089951586754,-1.3434796259040198,3.3366272413323785,-0.04050865544365578,1.897782842614844,1.0
1983-05,2.996975928064733,0.9270116362860357,0.4024533828678656,-0.42715659360098207,-1.1596397784636125,3.103096545866264,-0.05010679350699375,1.9003990219293703,1.0
1983-06,2.094716351871729,0.5963367282502898,0.4616001376496029,-0.973975346110121,-0.7371756838293662,2.8133211336047905,-0.05970493157033172,1.9030152012438963,1.0
1983-07,0.7776247866244709,0.6843235725098883,0.17647499543395428,-1.1913329337637948,-0.49931676527931684,2.543280709692566,-0.06930306963366967,1.9056313805584226,1.0
1983-08,-0.11426398984217637,0.9775123344074196,0.14397532673547817,-1.260594431768286,-0.42987849879178036,2.2962644388544655,-0.07890120769700763,1.908247559872949,1.0
1983-09,-0.4253879816328673,1.7068349936633869,-0.21087877946006955,-1.1763392815998348,-0.12213223645644852,2.0706277387280507,-0.08849934576034561,1.9108637391874752,1.0
1983-10,-0.44612958108558,1.602051963598798,-0.17950206679385944,-1.1782669012386058,-0.048786056433481564,1.8596278216273299,-0.09809748382368357,1.9134799185020013,1.0
1983-11,-0.44612958108558,1.0943816406076468,-0.6155552331073814,-1.219187222324557,0.30455552973179556,1.6668827687496635,-0.10769562188702153,1.916096097816528,1.0
1983-12,-0.44612958108558,1.6034256872523591,-0.6134915451454515,-1.2744039645904732,0.3338199437254787,1.5261065185250202,-0.1172937599503595,1.918712277131054,1.0
1984-01,-0.5187251791700747,2.412816810887308,-0.1651018070859972,-1.2189856819396196,0.5507241721418321,1.3919085977501267,-0.12689189801369746,1.9213284564455804,1.0
1984-02,-0.5394667786227874,1.6575865334302828,0.3415882547986226,-1.1816516128919659,0.5785678444619426,1.2438961851307586,-0.1364463947316319,1.9236269261361538,1.0
1984-03,-0.11426398984217637,0.4895912358234712,0.00690863456203015,-1.2637567043583757,0.43197093003173864,1.0998307701812404,-0.14600089144956635,1.9259253958267277,1.0
1984-04,0.09315200468495091,0.4761218909754041,0.18754381891276414,-1.1374567262402056,0.8006370752394905,0.9669485152962969,-0.1555553881675008,1.9282238655173012,1.0
1984-05,-0.48761277999100544,0.6964503439006203,0.217892256153353,-1.0068537420836945,1.3672340930697966,0.8464006281296337,-0.16510988488543527,1.9305223352078746,1.0
1984-06,-0.7468827731499146,0.7702949990736729,-0.34896493956084834,-0.60178573559004,1.812321795464555,0.76713175826015,-0.1746643816033697,1.932820804898448,1.0
1984-07,-0.3216799843693036,0.8650227457965501,-0.5797368079403271,-0.19671911117622762,1.9216522623122554,0.699539423163972,-0.18421887832130418,1.9351192745890216,1.0
1984-08,-0.15574718874760185,0.08357334817620841,-0.7113868886640301,0.27037768934413714,1.9347313370863575,0.5992198990552894,-0.19377337503923864,1.9374177442795952,1.0
1984-09,-0.11426398984217637,0.4228550554291627,-0.8510033515930903,0.6575956786192153,1.8902974825623975,0.5066299120500624,-0.20332787175717307,1.9397162139701687,1.0
1984-10,-0.15574718874760185,-0.3263819242740046,-0.9713181820146407,0.8602131929005907,1.6733214250715813,0.4225917533295104,-0.21288236847510753,1.9420146836607421,1.0
1984-11,-0.6016915769809255,0.5854528496889702,-0.939807154999473,1.339119385180477,1.081524351719893,0.34562529876743886,-0.22243686519304198,1.944313153351316,1.0
1984-12,-0.3216799843693036,0.1673954112004078,-0.9625987587052938,1.6551793933259178,0.7362793378716437,0.28822937431837276,-0.2319913619109764,1.9466116230418895,1.0
1985-01,-0.25945518601116546,-0.12624814356202121,-0.9914653343582078,1.5728709149388114,0.24726285372013504,0.17014836069536599,-0.2415458586289109,1.948910092732463,1.0
1985-02,-0.6016915769809255,-0.5197249622087479,-0.9958226868615532,1.2253896244733082,-0.07582643223913764,0.16603690478927233,-0.25115204479518555,1.9514560385036563,1.0
1985-03,-0.6224331764336383,-0.8367623143368068,-0.9820192924397486,1.4848920251223934,-0.39129775041313325,0.0930174478970509,-0.2607582309614602,1.9540019842748493,1.0
1985-04,-0.7883659720553401,0.5077050749288159,-0.9175550105640531,1.4521504372393261,-0.7073697333902884,0.08397224490364498,-0.2703644171277349,1.9565479300460427,1.0
1985-05,-1.2654227594677327,0.4378819100885234,-0.7874836739092406,1.3915062262976774,-0.8099971834016606,0.031345609305647455,-0.2799706032940096,1.9590938758172356,1.0
1985-06,-0.5913207772545691,0.10048167468761182,-0.8600816804578469,1.1503218669125659,-0.7165223893577267,0.007334706814061209,-0.28957678946028426,1.961639821588429,1.0
1985-07,-0.020926792304969098,2.1128341911929143,-0.8029408334121737,0.7964537516692984,-0.9246058480504621,-0.006973159739144428,-0.29918297562655893,1.9641857673596224,1.0
1985-08,-0.38390478272744183,2.2868329572713906,-0.9670905828343516,0.6902265429684794,-0.9007986354777919,-0.029175021632049575,-0.3087891617928336,1.9667317131308153,1.0
1985-09,-0.4565003808119364,2.1981888438714265,-1.0292935395235066,0.5574323616550534,-1.032566261096074,-0.12373850747220133,-0.3183953479591083,1.9692776589020087,1.0
1985-10,-0.04166839175768183,1.6088925466899997,-0.948660892657777,0.18705941296431713,-1.1491627543486371,-0.13590841695423828,-0.32800153412538297,1.9718236046732016,1.0
1985-11,-0.00018519285225637069,0.9769204806791281,-0.980557247723232,-0.22013127056583312,-1.1168670308425537,-0.1446247034751566,-0.3376077202916576,1.974369550444395,1.0
1985-12,-0.3527923835483728,0.690024058419223,-0.9842652045042775,-0.4481564298320942,-1.1000382924421763,-0.06354679300699174,-0.34721390645793226,1.9769154962155882,1.0
1986-01,-0.3735339830010854,0.6032832220086594,-1.0156419171704885,-0.40412717773412493,-1.360253293829625,0.015228702153760855,-0.35682009262420694,1.9794614419867813,1.0
1986-02,-0.31130918464294727,1.3781817333627002,-0.7985079880663236,-0.35864522828035234,-1.5092267401358515,0.07262462660282679,-0.3665558106004705,1.9820696643596496,1.0
1986-03,-0.4046463821801546,2.3585843192580644,-0.9065830695664584,-0.6753661789547947,-1.4368368378797958,-0.009111116810313047,-0.37629152857673404,1.9846778867325177,1.0
1986-04,-0.5394667786227874,0.3890259423278655,-0.9193979795817109,-0.9864319611158892,-1.2837492945558293,0.01407749450005465,-0.3860272465529976,1.987286109105386,1.0
1986-05,-0.18685958792667093,0.21360984232111171,-0.9470755429651687,-1.2009746767915261,-0.8847046424176914,-0.004999660904219535,-0.3957629645292611,1.989894331478254,1.0
1986-06,0.12426440386402,0.7696065797370811,-1.0396005144000353,-1.3777140396344663,-0.3644317207755795,-0.037233475207992944,-0.4054986825055246,1.9925025538511223,1.0
1986-07,0.5805795918237,0.5282548593790237,-0.982415629862901,-1.387077182618901,-0.18481016562753289,-0.006644243266656912,-0.41523440048178817,1.9951107762239904,1.0
1986-08,1.088748778415162,-0.5828352597623648,-1.0324202014172628,-1.4687252452060056,-0.1725195261844396,0.08824815904598235,-0.42497011845805177,1.9977189985968586,1.0
1986-09,1.3583895713004275,-0.44090562069842354,-1.045334195788303,-1.4628605392256377,-0.16232241501725067,-0.034931059900580534,-0.4347058364343153,2.000327220969727,1.0
1986-10,0.5909503915500564,0.08534890936108314,-0.7808780501900379,-1.4270086082478939,-0.09155627022906485,-0.08410407253745944,-0.44444155441057887,2.002935443342595,1.0
1986-11,0.6739167893609073,-0.038267529341667904,-0.9220600459405496,-1.236460481639395,0.33364215613212256,-0.077361284851466,-0.45417727238684236,2.005543665715463,1.0
1986-12,1.0991195781415184,0.4438970129797393,-1.0265411963071722,-1.1299714263386795,0.532317287168868,-0.05943533710089816,-0.4639129903631059,2.008151888088331,1.0
1987-01,1.0161531803306674,0.5912125209711339,-1.030306401827118,-1.201975851713381,0.48872883420906094,-0.016676195677525176,-0.47364870833936945,2.010760110461199,1.0
1987-02,1.119861177594231,-0.19526451832006353,-1.0383864951264992,-1.1450421990411033,0.5560107892096997,-0.06930283127552263,-0.4836123406905089,2.0139721570332783,1.0
1987-03,1.5243223669221293,-0.4671247408617401,-0.9668263578855831,-1.0567039359957389,0.7688110576563018,-0.07357874541786001,-0.4935759730416484,2.0171842036053573,1.0
1987-04,1.7213675617229,-0.29145632426555673,-0.7162618389688008,-0.9143549894209323,1.226588088746434,-0.0992342302718837,-0.5035396053927879,2.020396250177437,1.0
1987-05,1.9806375548818091,-0.14777604417372145,-0.6294771545459202,-0.06828836528656926,1.7249286494192269,-0.11732463625869541,-0.5135032377439274,2.023608296749516,1.0
1987-06,2.094716351871729,-1.5047440071847866,-0.820901524304685,0.6037389392413364,1.5101973624275158,-0.08755769549857806,-0.5234668700950669,2.026820343321595,1.0
1987-07,1.9910083546081656,-0.9311972492151608,-0.6860212935822927,1.0154282613242893,1.075452558820186,-0.047100969382617486,-0.5334305024462064,2.030032389893674,1.0
1987-08,1.5346931666484855,-0.6016312881650561,-0.5795386392287513,1.3231775015904703,0.15874296399162557,-0.04052263993286777,-0.5433941347973458,2.033244436465753,1.0
1987-09,1.2754231734895765,-0.5353374405571549,-0.6860917535686305,1.338019644888712,-0.41050301953882956,-0.07259199600039752,-0.5533577671484853,2.0364564830378318,1.0
1987-10,1.1717151762260127,-0.13865838173840866,-0.472659647452058,1.2231279658766017,-0.6026989610572255,-0.15843919531963094,-0.5633213994996248,2.039668529609911,1.0
1987-11,0.8813327838880345,-0.23879380252609728,-0.4406355836613646,1.1135683861763748,-0.5444346457035063,-0.17406272776278645,-0.5732850318507642,2.0428805761819904,1.0
1987-12,0.7776247866244709,-0.5205130621732624,-0.5946655175457245,0.9953590324118363,-0.38647402371373585,-0.1536699064685624,-0.5832486642019037,2.0460926227540694,1.0
1988-01,0.611691991002769,0.24985309562991395,-0.326411138308919,0.8686405168698275,-0.5659096618378109,-0.16468860829689314,-0.5932122965530432,2.0493046693261485,1.0
1988-02,0.3213095986647909,0.19493841470332393,-0.3699672544325694,0.4138850393529523,-0.6594574680220179,-0.13804637402540695,-0.603609119997219,2.0539109823259496,1.0
1988-03,0.19686000194851455,-0.8013507712672353,-0.1364334001446596,0.002054158000284748,-0.7755320950078445,-0.19313988316706054,-0.6140059434413948,2.0585172953257507,1.0
1988-04,-0.010555992578612736,-1.2254170826077684,0.06256321627088307,-0.33645795620969154,-0.7497267868464489,-0.21024353973640977,-0.6244027668855706,2.063123608325552,1.0
1988-05,-0.3735339830010854,-0.7267616264043845,-0.05419338484059073,-0.7439520357257048,-0.8235484698203256,-0.2372146904803834,-0.6347995903297464,2.0677299213253533,1.0
1988-06,-1.2343103602886636,0.28765074373038724,0.4772995033555734,-0.9197513031296083,-0.6575233897499955,-0.2434641034576456,-0.6451964137739222,2.072336234325154,1.0
1988-07,-1.8358167444173328,0.4425606695616494,0.7607424133973989,-1.0954281597261364,-0.4672685784024941,-0.15186086586988123,-0.655593237218098,2.0769425473249554,1.0
1988-08,-1.8565583438700455,-0.06336524244085309,0.768669161860442,-1.2661221488619787,-0.6597147612530356,-0.023747899836006132,-0.6659900606622738,2.081548860324757,1.0
1988-09,-1.8358167444173328,-0.3617373969903695,0.6882170687097043,-1.3114006283608186,-0.7198231968956651,-0.24741110112749545,-0.6763868841064496,2.0861551733245576,1.0
1988-10,-1.5972883507111364,-0.4317973033219785,0.9874474194404224,-1.3051586721606978,-0.6482730658134865,-0.27898708248629395,-0.6867837075506255,2.0907614863243587,1.0
1988-11,-1.669883948795631,-0.37411648497053107,0.6608455658919028,-1.0270907096286641,-0.42827080928532446,-0.25250930645105146,-0.6971805309948013,2.09536779932416,1.0
1988-12,-1.5454343520793545,0.8175311566305854,1.4950235460239296,-0.9452072985797718,-0.421210168285877,-0.24543760229257056,-0.7075773544389772,2.0999741123239613,1.0
1989-01,-1.1306023630251,1.6409585586849125,2.198126134695825,-1.1756773298621663,-0.5792830645310284,-0.19988267085305392,-0.7179741778831529,2.1045804253237623,1.0
1989-02,-1.099489963846031,1.288743289958976,1.9752335171993116,-1.1999710062121767,-0.7834474052567413,-0.26895513007542565,-0.7288895237202464,2.109658177451001,1.0
1989-03,-1.24468116001502,1.0303586423046116,1.6898894457403983,-1.2551319211519156,-0.8813931362926319,-0.28079612308497515,-0.7398048695573398,2.1147359295782397,1.0
1989-04,-1.1306023630251,0.8102700458903346,1.4421961712668947,-1.3906471342756812,-0.5590218560631702,-0.2842497460460937,-0.7507202153944333,2.1198136817054785,1.0
1989-05,-1.0787483643933182,0.5811354324920642,1.5133211237261193,-1.402149333251105,0.00432407902473202,-0.31895043389352334,-0.7616355612315268,2.124891433832717,1.0
1989-06,-1.0580067649406055,0.5953212318533264,2.594597872196921,-1.1553023226462922,0.8544034087987498,-0.289841326078381,-0.7725509070686203,2.129969185959956,1.0
1989-07,-1.1617147622041692,0.6781714087552786,1.3784342873800077,-1.009565180290494,1.2793878510568322,-0.20152725321549136,-0.7834662529057138,2.1350469380871946,1.0
1989-08,-0.7572535728762709,1.291082669695539,2.089331512040562,-0.4565805802687934,1.4361619942352268,-0.07209862129166629,-0.7943815987428071,2.1401246902144333,1.0
1989-09,-0.6328039761599946,1.6419366748464048,2.2098268961771055,-0.40334642968803114,1.5529157380900012,-0.24494422758383932,-0.8052969445799006,2.145202442341672,1.0
1989-10,-0.5809499775282129,1.3072309314190311,1.778602972289284,0.03183513308029952,1.6276703801003674,-0.32437755568956683,-0.8162122904169941,2.1502801944689107,1.0
1989-11,-0.3424215838220164,0.2708078326310581,2.242317757377287,0.480726278092668,1.6284083376561251,-0.31714139329484214,-0.8271276362540876,2.1553579465961494,1.0
1989-12,-0.020926792304969098,0.951776042285604,1.7579273700481814,1.1921536456922732,1.5437786710104313,-0.3125365626800173,-0.838042982091181,2.160435698723388,1.0
1990-01,0.12426440386402,0.6417225641513856,1.6978161942034409,1.2686435598254207,1.072708783656194,-0.2511936405611015,-0.8489583279282745,2.165513450850627,1.0
1990-02,0.4457591953810673,0.04413408473463169,1.0973366883120108,1.3690130172495931,1.0041155479975097,-0.12028488451108271,-0.8602542064766927,2.1696549160229748,1.0
1990-03,0.6324335904554818,-0.018829806896723686,1.361589946896042,1.5909195258342366,0.30074908557215296,-0.2916503666770621,-0.8715500850251111,2.1737963811953227,1.0
1990-04,0.17611840249580182,0.2871461105515281,1.353938432754632,1.462314828034594,-0.16656399640335529,-0.34115229578642847,-0.8828459635735294,2.1779378463676706,1.0
1990-05,0.03092720632681272,0.1641495607536719,1.504931981602734,1.1173957001606782,-0.6070690530715452,-0.34542820992876583,-0.8941418421219476,2.1820793115400186,1.0
1990-06,0.041298006053169085,0.02675539026021762,1.1435669322946242,1.1246966900133522,-0.9622673483359914,-0.2872099942984811,-0.9054377206703659,2.1862207767123665,1.0
1990-07,0.17611840249580182,0.8472889390851611,1.3596743160174738,0.8605422277435181,-0.8576582555048512,-0.18804167784350456,-0.9167335992187841,2.1903622418847144,1.0
1990-08,0.06203960550588181,0.5610965112599607,2.203146408722417,0.8400260027084955,-1.0036188977782434,-0.19100192609589187,-0.9280294777672025,2.1945037070570628,1.0
1990-09,0.21760160140122725,0.5382353822497932,1.2034975544243747,0.9320967206017243,-0.989909582645212,-0.2283339457232214,-0.9393253563156208,2.1986451722294107,1.0
1990-10,-0.062409991210394554,0.8243499345844288,1.2358849275196215,0.7279553573450694,-1.0472834868138337,-0.31730585153108587,-0.9506212348640389,2.2027866374017586,1.0
1990-11,0.12426440386402,1.0784950405324518,1.229981701789229,0.34531049932324764,-1.3066209536796478,-0.30431365086783024,-0.9619171134124573,2.206928102574107,1.0
1990-12,0.29019719948572187,1.1416022230664462,1.5981373322806778,-0.006375847678829083,-1.2898311655866752,-0.29181482491330585,-0.9732129919608756,2.2110695677464545,1.0
1991-01,0.16574760276944545,0.5029858202005962,2.0806781449684073,-0.12043163873987943,-1.1604181353256433,-0.272573211272788,-0.9845088705092938,2.2152110329188024,1.0
1991-02,0.08278120495859455,0.181082807422056,2.3897552787898837,-0.10743134009508118,-1.338782543557643,-0.2941172402207183,-0.9957914366142468,2.2164546841211163,1.0
1991-03,0.21760160140122725,0.19164272394262666,2.193700366803957,-0.22870924272322182,-1.1249850208944505,-0.3008600279067117,-1.0070740027191998,2.21769833532343,1.0
1991-04,0.21760160140122725,0.30097056763657015,1.6294281718385393,-0.6471114686043845,-1.039615818377161,-0.30809619030143637,-1.0183565688241527,2.2189419865257434,1.0
1991-05,0.3627927975702164,-0.1363813023942974,1.5155009795534558,-0.9484989472505474,-0.5890550780152924,-0.29740640494559306,-1.0296391349291059,2.2201856377280564,1.0
1991-06,0.92281598279346,-1.0486615241633022,1.9008906823283045,-1.1723109152449647,0.005146086146624022,0.030358859888185045,-1.0409217010340588,2.22142928893037,1.0
1991-07,0.9124451830671036,0.23730891160975523,2.014886132725152,-1.235568724124047,0.3169469295941149,0.5909969872431021,-1.0522042671390117,2.2226729401326835,1.0
1991-08,0.43538839565471094,1.1019885185260048,1.9456591961479102,-1.1426397198530212,0.3800274963159751,1.5246263943988267,-1.0634868332439646,2.223916591334997,1.0
1991-09,0.6428043901818382,0.9009856473393195,1.2701857296188663,-1.0621556712193743,0.3965482726146226,2.2762005340327285,-1.0747693993489176,2.2251602425373105,1.0
1991-10,1.1302319773205876,1.9944541004757321,1.6274002453567435,-0.8991324942433401,0.5264577491875748,3.178418418065898,-1.0860519654538705,2.226403893739624,1.0
1991-11,1.2131983751314384,1.3218995588217943,0.9796109478348749,-0.4841218217960805,1.0269766143150116,4.034752454187064,-1.0973345315588234,2.2276475449419375,1.0
1991-12,1.3376479718477148,1.2263214117419508,1.975120277935553,0.015731987710239263,1.3275528505615768,4.565952557254351,-1.1086170976637764,2.228891196144251,1.0
1992-01,1.7628507606283257,1.0038404802575267,1.8459803342251486,-0.05354185148610245,1.2561996377814548,5.129057558152923,-1.1198996637687295,2.2301348473465645,1.0
1992-02,1.6487719636384057,1.3541960822687786,2.169870009786616,-0.05309822786926643,1.2786327124098429,5.183493234349602,-1.13065609499924,2.22777895554452,1.0
1992-03,1.7835923600810384,1.0302776517944243,1.0064055595145331,0.017011795495203173,1.3315478939831709,5.00670063038758,-1.14141252622975,2.225423063742476,1.0
1992-04,2.0532331529663037,0.12750758493317849,0.8022763734691707,0.2008830300763737,1.4295899361892184,4.899473860356661,-1.1521689574602605,2.2230671719404316,1.0
1992-05,1.7524799609019692,0.2838504197908308,0.15679023675073125,0.5692827619412856,1.41802817031448,4.835992981166576,-1.162925388690771,2.2207112801383873,1.0
1992-06,1.6384011639120493,-0.06558936645138037,-0.0013263763412409875,0.7319684553898008,1.461722278492275,4.51579279520001,-1.1736818199212813,2.218355388336343,1.0
1992-07,0.7879955863508272,1.0483260754876949,0.32761166612930387,0.9236739226762161,1.135859581916303,4.372220754959223,-1.1844382511517917,2.215999496534299,1.0
1992-08,0.08278120495859455,1.732966893277271,0.09482948626461309,1.3919064300628403,0.9847630857907321,4.08030738562658,-1.1951946823823019,2.2136436047322543,1.0
1992-09,0.5183547934655619,1.9884576877022517,-0.05081350737093267,1.4828142358276548,0.46018184118582184,3.74053666954701,-1.2059511136128123,2.2112877129302104,1.0
1992-10,0.8398495849826092,1.5025582368533625,0.2556764238271897,1.4928051571260803,0.16301630150483354,3.51161080469572,-1.2167075448433227,2.2089318211281657,1.0
1992-11,0.7568831871717582,2.0887052491963534,0.44093911333670727,1.6046431313193705,-0.2587567093524395,3.297815097578855,-1.227463976073833,2.2065759293261213,1.0
1992-12,0.80873718580354,1.7977406113093495,0.28877059866039345,1.4839712631838096,-0.7509867883440722,2.9064044953187493,-1.2382204073043435,2.204220037524077,1.0
1993-01,0.8605911844353218,2.0948916781668117,-0.06839547583687677,1.3465915624519684,-0.7928494490027499,2.7335588890265754,-1.2489768385348539,2.2018641457220327,1.0
1993-02,0.9642991816988855,2.6604920210792176,0.38172352014621147,1.462614348759316,-0.8877538595235461,2.454308803884701,-1.2588233800571207,2.196096450123813,1.0
1993-03,0.80873718580354,2.4277564449972364,0.29715974078378093,1.3106579929913074,-0.9534076761090619,2.2521896315411425,-1.2686699215793875,2.1903287545255936,1.0
1993-04,1.0161531803306674,2.0630187973884992,-0.07838978452402866,0.7375702503486582,-1.0975147229802384,2.04069633973169,-1.2785164631016543,2.184561058927374,1.0
1993-05,1.5346931666484855,1.190271289649749,-0.11536146048040417,-0.2553552917718703,-1.2253326595736227,1.8464711627278299,-1.2883630046239214,2.1787933633291545,1.0
1993-06,1.5554347661011982,0.40768179484754036,-0.15832003340094986,-0.8555677450935711,-1.006708634572574,1.6606333557724013,-1.2982095461461882,2.173025667730935,1.0
1993-07,0.9435575822461728,0.4061429751539823,-0.37423585403594334,-0.9959338280672553,-0.8055261345447297,1.4736443411632667,-1.308056087668455,2.1672579721327154,1.0
1993-08,0.6428043901818382,0.23923087871689155,-0.5019886167653167,-1.0381864766910833,-0.7666596117191878,1.36921336114849,-1.317902629190722,2.161490276534496,1.0
1993-09,0.6635459896345509,0.8549923826118193,-0.6674572890567608,-1.1778944767482606,-0.7309639623434494,1.2341931491923777,-1.327749170712989,2.1557225809362763,1.0
1993-10,0.9850407811515981,0.520728971970853,-0.4262881689432577,-1.2316376460353975,-0.5396733399509287,1.1342025415561827,-1.3375957122352558,2.149954885338057,1.0
1993-11,0.725770787992689,0.38160596558686277,-0.5465721731207853,-1.3444132166603884,-0.17763652220411402,1.0126679049720575,-1.3474422537575226,2.144187189739837,1.0
1993-12,0.2694556000330091,-0.14682907820845492,-0.38870216998099666,-1.2264461957592925,0.03631636837830339,0.8838971059932073,-1.3572887952797896,2.1384194941416172,1.0
1994-01,0.02055640660045636,0.2930677628540664,-0.18769304020566985,-1.3374063567244632,0.017718881225934964,0.7541395575968947,-1.3671353368020565,2.1326517985433977,1.0
1994-02,-0.17648878820031458,0.4262192766215569,-0.47767048487333835,-1.3374721868442796,0.05498126566391012,0.6829291413033542,-1.3756970628445384,2.122157716853411,1.0
1994-03,-0.21797198710574003,0.6239949874792418,-0.6347616535212828,-1.4246234859681994,0.20731287135608525,0.5852409489745712,-1.3842587888870206,2.1116636351634246,1.0
1994-04,0.03092720632681272,0.22346264938735508,-0.83598656700477,-1.4880836663894383,0.45954698627447366,0.4928154202055882,-1.3928205149295023,2.101169553473438,1.0
1994-05,-0.00018519285225637069,-0.26113783827891535,-0.795146197423515,-1.2575838944051863,1.1300210679420732,0.42505862687316637,-1.4013822409719843,2.090675471783451,1.0
1994-06,0.2590848003066527,-0.4625518920557821,-0.8344848885459376,-0.6508705671529955,1.8345635494974861,0.32457464452823986,-1.4099439670144662,2.0801813900934643,1.0
1994-07,0.9124451830671036,-0.16821991795676133,-0.7647603283151846,-0.09653043170846733,2.017461540650915,0.25977809944820546,-1.418505693056948,2.0696873084034775,1.0
1994-08,0.8709619841616781,0.39475446341380344,-0.8701860828736535,0.5596404320120905,1.9380597985844221,0.22014366451346357,-1.4270674190994301,2.059193226713491,1.0
1994-09,1.0991195781415184,-0.006961582134666396,-0.8310719829576839,1.0049894106752886,1.744381932373507,0.1703128189316097,-1.435629145141912,2.0486991450235044,1.0
1994-10,1.5243223669221293,0.5556545719793008,-0.6835111565689961,1.2939772198914132,1.0127314959109839,0.1828116448861341,-1.444190871184394,2.0382050633335176,1.0
1994-11,1.0265239800570236,-0.03646081796056732,-0.8468396067754195,1.5391283407619167,0.2563492423893138,0.1808381460512093,-1.4527525972268762,2.0277109816435313,1.0
1994-12,0.9020743833407473,-0.23568501294275523,-0.7990435154178447,1.568609577363135,-0.35690005965786453,0.2446479417137812,-1.461314323269358,2.0172168999535445,1.0
1995-01,0.7983663860771837,0.09608326698051867,-0.8289669908658313,1.4676472198885908,-0.6928500492103902,0.0071702485778174846,-1.46987604931184,2.0067228182635577,1.0
1995-02,0.4976131940128491,0.46450286778315375,-0.7577725220807993,1.0064770504375942,-0.5213755096195263,-0.006973159739144224,-1.4768027126732626,1.9916821531947106,1.0
1995-03,0.14500600331673275,0.6784299553839533,-0.7435562761765453,0.9055625102474654,-0.49274560756563185,-0.02901056339580585,-1.4837293760346848,1.9766414881258634,1.0
1995-04,0.18648920222215817,-0.18137153080332455,-0.8659518780696452,0.9289919963144492,-0.756116915456583,-0.04989675939876107,-1.4906560393961072,1.9616008230570166,1.0
1995-05,0.16574760276944545,-0.4489018760696049,-0.8878891544411159,0.5147313972930968,-1.371008066990424,-0.07176970481917877,-1.4975827027575295,1.9465601579881695,1.0
1995-06,-0.00018519285225637069,-0.6313859556000091,-0.8682043957578929,0.08643222211106383,-1.4764191661891684,-0.10564810148538976,-1.5045093661189521,1.9315194929193225,1.0
1995-07,-0.25945518601116546,-0.04393063501553146,-0.9044692699763135,-0.2572845235926433,-1.3606023673171967,-0.11699571978620789,-1.5114360294803744,1.9164788278504756,1.0
1995-08,-0.6742871750654201,0.08453588923958787,-0.9183410797866386,-0.4475872677609272,-1.2015063918749769,-0.16041269415455583,-1.518362692841797,1.9014381627816284,1.0
1995-09,-0.8920739693189037,-0.4868241249549817,-0.9776904070290979,-0.49956915234272525,-1.0161795266602591,-0.11781801096742657,-1.5252893562032195,1.8863974977127815,1.0
1995-10,-0.6742871750654201,0.37052272576969747,-0.8814156431962972,-0.6456891382728135,-0.7561535336350768,-0.1355795004817507,-1.5322160195646417,1.8713568326439345,1.0
1995-11,-0.6950287745181328,0.22044731039269064,-0.9803524733879361,-0.7372389643668859,-0.40784814078548104,-0.18277901428370477,-1.5391426829260644,1.8563161675750874,1.0
1995-12,-0.8505907704134782,0.6033548674599789,-1.0282586584741646,-0.7371909460327308,-0.1424976447244739,-0.23162311044809622,-1.5460693462874866,1.8412755025062404,1.0
1996-01,-0.8609615701398347,1.2631191385435736,-0.9904084345631355,-1.0196404251111064,-0.19066630975677729,-0.22718273806951514,-1.552996009648909,1.8262348374373933,1.0
1996-02,-0.840219970687122,0.9468262761053129,-1.0381670940529686,-1.136360751368227,-0.19812500740304886,-0.2321164851568274,-1.5581036476282188,1.8076169696171245,1.0
1996-03,-0.6639163753390638,0.17932905137453942,-1.034467944770215,-1.2505210612049165,-0.026131946366379513,-0.22438694805337156,-1.5632112856075284,1.7889991017968558,1.0
1996-04,-0.7157703739708455,-0.5432869706339976,-1.0368701899294317,-1.3642843282038455,0.2474061916584514,-0.24543760229257056,-1.568318923586838,1.770381233976587,1.0
1996-05,-0.8609615701398347,-0.6940134251121252,-0.9996563077700188,-1.4072983803612524,0.7637807467908656,-0.24625989347378924,-1.5734265615661476,1.7517633661563183,1.0
1996-06,-0.9335571682243292,-1.149678495504183,-0.9974852594409745,-0.9787849261422629,1.5799358228582185,-0.27948045719502523,-1.5785341995454572,1.7331454983360495,1.0
1996-07,-0.7883659720553401,-1.56192642239662,-0.9616079151474134,-0.8718971760727748,1.683600874099533,-0.2613900512082136,-1.5836418375247667,1.7145276305157808,1.0
1996-08,-0.6224331764336383,-1.4084587506506159,-0.947537936625513,-0.5838452217441933,1.9059105433896564,-0.2816184142661939,-1.5887494755040767,1.695909762695512,1.0
1996-09,-0.2698259857375218,-1.3562946320507703,-1.0319556058823454,0.02628463840639287,1.9848476637190289,-0.2913214502045746,-1.5938571134833863,1.677291894875243,1.0
1996-10,-0.3216799843693036,-0.45959573843394685,-1.0602959335122968,0.6213332983782149,1.9123864938387838,-0.2798093736675127,-1.598964751462696,1.6586740270549745,1.0
1996-11,-0.31130918464294727,0.11176739078024531,-0.891821702428614,1.078854507682712,1.7899877523014953,-0.2798093736675127,-1.6040723894420055,1.6400561592347056,1.0
1996-12,-0.46687118053829274,-0.5021064112233946,-0.9248145910314562,1.4449123547825897,1.1115107086970644,-0.2845786625185812,-1.609180027421315,1.621438291414437,1.0
1997-01,-0.6846579747917765,-0.09112629731735035,-1.000779263802283,1.4177716488499121,0.8181962471250481,-0.2845786625185812,-1.6142876654006246,1.602820423594168,1.0
1997-02,-0.7468827731499146,0.5848859161176593,-0.9935555424350696,1.4571340834287967,0.4107290477480552,-0.3043136508678303,-1.6176305012016587,1.582986319835514,1.0
1997-03,-0.3009383849165909,0.27989745988976766,-0.977659580785075,1.5625405235773582,0.21780186814711336,-0.31829260094854833,-1.6209733370026933,1.5631522160768598,1.0
1997-04,0.17611840249580182,0.324305179629371,-0.9311383748053066,1.5346119380871581,-0.43101875394026984,-0.3207594744922045,-1.6243161728037274,1.543318112318206,1.0
1997-05,0.7050291885399764,-0.5044271008422221,-0.90565828224577,1.4065372830702398,-0.6313001155691444,-0.3015178608516867,-1.6276590086047618,1.5234840085595518,1.0
1997-06,2.3332447455779253,-0.46110652295090165,-0.9522301313407195,1.2967442541268441,-0.9007129733920611,-0.3067805244114864,-1.6310018444057959,1.5036499048008978,1.0
1997-07,2.188053549408936,-0.309716569293163,-0.9638538272119428,0.8665142627963107,-1.0235196482842412,-0.3154968109324048,-1.6343446802068302,1.4838158010422438,1.0
1997-08,2.2813907469461436,-0.34191029709260184,-0.8090840634710318,0.7083873797087691,-1.0742797925979664,-0.3365474651716038,-1.6376875160078643,1.4639816972835897,1.0
1997-09,2.2502783477670745,-0.4313456254767034,-0.4771536734556881,0.572649957046783,-1.1077774013477186,-0.33128480161180407,-1.6410303518088984,1.4441475935249355,1.0
1997-10,2.0843455521453724,-0.003061577567187203,-0.7403195205541356,0.1447827821762279,-1.1284279256984209,-0.3327649257379977,-1.6443731876099328,1.4243134897662815,1.0
1997-11,2.1361995507771545,-0.2168391442261026,-0.47387728409096436,-0.2834481872464193,-0.9448124826351587,-0.3493752075986156,-1.647716023410967,1.4044793860076277,1.0
1997-12,2.1050871515980853,-0.5270795235376763,-0.5082639592985585,-0.49080843532845136,-0.598586421359581,-0.36549211475050236,-1.6510588592120012,1.3846452822489734,1.0
1998-01,2.312503146125213,-1.1915973145653391,-0.6166622445306683,-0.586499562035209,-0.5740766705315536,-0.3807867307211703,-1.6544016950130354,1.3648111784903194,1.0
1998-02,2.5199191406523402,-0.9470153188586588,-0.6015589577269778,-0.7871281683083117,-0.5866554899264999,-0.3942723060931572,-1.6563393654750156,1.346241671211386,1.0
1998-03,2.353986345030638,-0.6013260162420425,-0.25520251461591753,-1.008697210302823,-0.3973901361915396,-0.40594884086646293,-1.6582770359369958,1.3276721639324527,1.0
1998-04,2.644368737368616,-1.46075370007461,-0.23572473214256295,-1.2663595808762036,0.0527431496798999,-0.41680308445854997,-1.6602147063989758,1.3091026566535193,1.0
1998-05,2.3436155453042815,-2.2016860374639595,-0.23479113732358262,-1.2278025959402428,0.8023410357660219,-0.4296308268855618,-1.6621523768609563,1.290533149374586,1.0
1998-06,0.38353439702292913,-1.9539018015852596,-0.17770533714223571,-0.851305083837075,1.4941770855060315,-0.43834711340648014,-1.6640900473229363,1.2719636420956526,1.0
1998-07,-1.47283875399486,-0.7558496796401039,-0.05703380303984806,-0.49606399271688073,1.761345227660771,-0.446734483454911,-1.6660277177849163,1.2533941348167192,1.0
1998-08,-1.8047043452382636,-0.38351761419149927,0.38679805465335637,0.19835052090249822,1.955066893984564,-0.45298389643217324,-1.6679653882468968,1.2348246275377859,1.0
1998-09,-1.35875995700494,0.050018356801698936,0.39559454357275975,0.6815827472576127,1.818572706851528,-0.4587399347007042,-1.6699030587088768,1.2162551202588525,1.0
1998-10,-1.2550519597413763,-0.1949312112204467,-0.08074799219178377,0.9369172986412677,1.754358222372722,-0.4618646411893353,-1.6718407291708572,1.1976856129799192,1.0
1998-11,-1.3483891572785838,-0.24097743128153093,0.3401006987077409,1.498061902732933,1.3560656616939968,-0.46400259826050394,-1.6737783996328373,1.1791161057009858,1.0
1998-12,-1.296535158646802,-0.15266350996156078,0.5111819492859359,1.6543223170410457,0.7416999428339925,-0.4651538059142101,-1.6757160700948177,1.1605465984220527,1.0
1999-01,-1.3069059583731581,-0.017910876108060456,0.3601773910649714,1.352270490190434,0.25484535355674226,-0.46597609709542887,-1.6776537405567977,1.141977091143119,1.0
1999-02,-1.2239395605623071,-0.47579695549102297,0.3706071990873258,1.5660311309648312,-0.19379600975769284,-0.46679838827664755,-1.678583620721081,1.125445555500191,1.0
1999-03,-1.1513439624778128,-0.18661099380851626,0.09093216827028348,1.0288975164271328,-0.47348873903568983,-0.4672917629853788,-1.679513500885364,1.108914019857263,1.0
1999-04,-1.2135687608359509,-0.19328959587934325,-0.05101828170622659,1.278849711990491,-0.7024311808981584,-0.4672917629853788,-1.680443381049647,1.0923824842143348,1.0
1999-05,-1.4106139556367219,1.2315982549826134,0.6436907610931343,0.9347786492908563,-0.7976101826564264,-0.4672917629853788,-1.6813732612139303,1.0758509485714065,1.0
1999-06,-1.3069059583731581,1.773309512409398,1.119403560729782,0.5442828960975727,-1.2453626947049772,-0.4672917629853788,-1.6823031413782135,1.0593194129284786,1.0
1999-07,-1.2343103602886636,2.0534899523630052,1.0334225605260712,0.33671202496108643,-1.0609470957456912,-0.4672917629853788,-1.6832330215424967,1.0427878772855503,1.0
1999-08,-1.1098607635723874,1.9454859920086611,1.1159268007789076,0.3039562528328372,-1.1325557726980342,-0.4672917629853788,-1.6841629017067798,1.0262563416426222,1.0
1999-09,-1.2135687608359509,2.0223023759016616,0.341875409613634,0.23679128619267895,-1.1208738009897041,-0.4672917629853788,-1.685092781871063,1.0097248059996942,1.0
1999-10,-1.35875995700494,1.4468087306679192,0.8849941955555956,-0.16856182308052958,-1.1942265564242291,-0.4672917629853788,-1.6860226620353462,0.993193270356766,1.0
1999-11,-1.3795015564576527,0.9539067157074537,1.369296507901778,-0.41793493037121837,-1.0043383443599763,-0.4672917629853788,-1.6869525421996292,0.9766617347138378,1.0
1999-12,-1.4832095537212162,0.8047440010798649,0.9011119174304479,-0.6170362462351294,-1.0144632527334394,-0.4672917629853788,-1.6878824223639124,0.9601301990709098,1.0
2000-01,-1.3069059583731581,1.550473468687999,0.6669425565847262,-0.8082106110316277,-1.0862320738059092,-0.4672917629853788,-1.6888123025281956,0.9435986634279816,1.0
2000-02,-1.3172767580995146,2.0060326284128887,0.9955951146278667,-0.8362976867811613,-1.1612889128199417,-0.4672917629853788,-1.6888188264657131,0.926944269505238,1.0
2000-03,-1.4106139556367219,1.621551986436194,1.7533034334447406,-0.9039927677720505,-1.2474923352191174,-0.4672917629853788,-1.6888253504032302,0.9102898755824943,1.0
2000-04,-0.9646695674033984,1.1909565939667182,1.3308671909780319,-1.134479172625053,-1.0874746600078966,-0.4672917629853788,-1.6888318743407478,0.8936354816597507,1.0
2000-05,-1.0061527663088237,1.2412579308322564,1.3971282025053502,-1.3752159668101411,-0.8126762646818217,-0.4672917629853788,-1.688838398278265,0.8769810877370071,1.0
2000-06,-1.1824563616568817,1.0439432428787145,1.331344997760387,-1.5522558152069788,-0.33987226999452685,-0.4672917629853788,-1.6888449222157826,0.8603266938142634,1.0
2000-07,-0.6016915769809255,0.6058780333542745,1.8609090438305451,-1.4156574315007633,0.11074283497691058,-0.4672917629853788,-1.6888514461532997,0.8436722998915198,1.0
2000-08,-0.08315159066310727,0.15582934334174145,0.9556083131138676,-1.4528107302527755,0.14088996682892532,-0.4672917629853788,-1.6888579700908173,0.8270179059687763,1.0
2000-09,-0.3735339830010854,-0.056677295311158345,1.2970794256543126,-1.5370813408633126,0.05926361662923807,-0.4672917629853788,-1.6888644940283348,0.8103635120460325,1.0
2000-10,-0.5705791778018565,-0.9718949805842628,0.9439824153680716,-1.4477855547511944,0.2879148211098488,-0.4672917629853788,-1.6888710179658522,0.7937091181232889,1.0
2000-11,-0.9439279679506856,-1.9524034771467953,1.1133285887826887,-1.0981262519708697,0.6383218222917117,-0.4672917629853788,-1.6888775419033697,0.7770547242005454,1.0
2000-12,-0.8298491709607656,-1.9731931181079423,0.9762178591177787,-0.8797253124841738,0.8013467555253512,-0.4672917629853788,-1.6888840658408868,0.7604003302778017,1.0
2001-01,-0.8505907704134782,-0.31586561802815016,0.8355841301359612,-0.87099581138263,0.7553809319714757,-0.4672917629853788,-1.6888905897784043,0.7437459363550581,1.0
2001-02,-0.90244476904526,-1.660429572902073,0.46290191735255154,-1.0333072428253856,0.5791029494460989,-0.4672917629853788,-1.6879499581976913,0.7272277830612572,1.0
2001-03,-0.8194783712344093,-1.1636150932956382,1.1389804275589244,-0.9549517669722488,0.6356543944657959,-0.4672917629853788,-1.687009326616978,0.7107096297674562,1.0
2001-04,-0.6328039761599946,-0.36446615417975586,1.2043849098773194,-0.8061395029247932,0.9537887094627637,-0.4672917629853788,-1.6860686950362653,0.6941914764736554,1.0
2001-05,-0.6016915769809255,-0.48816358339269417,0.6284317703017774,-0.32872268484785316,1.4213711314062365,-0.4672917629853788,-1.6851280634555523,0.6776733231798544,1.0
2001-06,-0.7365119734235582,-0.21049696427451503,1.2024054246361318,-0.119169949866387,1.4849369381972883,-0.4672917629853788,-1.684187431874839,0.6611551698860536,1.0
2001-07,-0.020926792304969098,-0.5261855129059937,0.30898380724115276,0.3736435800080711,1.5196126530680876,-0.4672917629853788,-1.6832468002941263,0.6446370165922527,1.0
2001-08,0.3524219978438601,-0.7537501564144802,0.9539569071840668,0.5505051270918621,1.591730700369157,-0.4672917629853788,-1.682306168713413,0.6281188632984518,1.0
2001-09,-0.07278079093675092,-0.24940978939987452,2.369619135819182,0.732113915767439,1.553622986780874,-0.4672917629853788,-1.6813655371327,0.6116007100046509,1.0
2001-10,-0.25945518601116546,-0.9215126532085371,1.7626834191260075,1.0551289734408007,1.2310323077287728,-0.4672917629853788,-1.6804249055519869,0.59508255671085,1.0
2001-11,-0.33205078409566,-0.5927721723584181,1.7937937049688788,1.3427254170092229,0.8946100685953843,-0.4686074288753287,-1.6794842739712739,0.5785644034170491,1.0
2001-12,0.02055640660045636,-0.8697628322184958,2.2059868269216754,1.663940583579148,0.3720622572748435,-0.46498934767796635,-1.678543642390561,0.5620462501232482,1.0
2002-01,0.07241040523223818,-0.4976114379080012,2.0386003218770883,1.578269826124466,0.029844390712868818,-0.4653182641504539,-1.6776030108098479,0.5455280968294473,1.0
2002-02,-0.2698259857375218,-0.6236015215631637,1.629603692697362,1.5734884029967273,-0.3221767223180712,-0.46581163885918514,-1.675910044203682,0.5306084427516902,1.0
2002-03,-0.20760118737938368,-0.1610397977266978,1.186144580914029,1.652187827135835,-0.6422575679585231,-0.47025201123776617,-1.6742170775975165,0.5156887886739332,1.0
2002-04,-0.3735339830010854,0.3481070445655599,1.4449947538492638,1.1811072010645056,-0.8330562546855848,-0.4687718871115724,-1.6725241109913507,0.500769134596176,1.0
2002-05,-0.10389319011582002,-0.4721554975522185,1.267393752660217,0.800390642929801,-1.1038349663249016,-0.47535021656132215,-1.6708311443851849,0.485849480518419,1.0
2002-06,0.41464679620199824,-0.2887026469191896,0.6733368003449142,0.24946445372297515,-1.086904435937355,-0.4769947989237596,-1.6691381777790193,0.47092982644066195,1.0
2002-07,0.43538839565471094,-1.5283714310221106,1.201205402993811,0.26523594677450496,-1.1063864449366483,-0.49311170607564636,-1.6674452111728535,0.4560101723629049,1.0
2002-08,1.005782380604311,-0.8103438329176447,1.3848417423876345,0.23097752237688918,-1.084662661944847,-0.4663050135679163,-1.6657522445666877,0.44109051828514784,1.0
2002-09,0.8709619841616781,-0.8803507839156697,1.1729179203536133,0.2825492834506705,-0.9982355328292608,-0.4663050135679163,-1.664059277960522,0.42617086420739075,1.0
2002-10,0.8191079855298964,-1.2942465561884555,0.9297142681345942,-0.09696292130132086,-0.9964124382548953,-0.4664694718041601,-1.6623663113543563,0.41125121012963367,1.0
2002-11,0.7879955863508272,-0.6195177308379518,0.9132640631992084,-0.4734052163549586,-0.6355284917263307,-0.46071343353562905,-1.6606733447481903,0.39633155605187664,1.0
2002-12,0.891703583614391,-1.0262769931553903,0.6507587784726808,-0.54604690526115,-0.5466983385845771,-0.4538061876133919,-1.658980378142025,0.38141190197411956,1.0
2003-01,0.8294787852562527,-0.8007308823623405,0.3869301671277397,-0.6420131107610071,-0.49892165745217915,-0.4465700252186673,-1.657287411535859,0.36649224789636253,1.0
2003-02,0.6428043901818382,-0.27670359133298367,0.019346080364757382,-0.8462955336338813,-0.5975212371781123,-0.4409784451863801,-1.6551853534501026,0.35466989851293323,1.0
2003-03,0.549467192644631,-0.15778460222109417,0.21148480114572618,-1.0838169808601574,-0.4856722234837689,-0.44739231639988597,-1.6530832953643466,0.34284754912950405,1.0
2003-04,-0.08315159066310727,-0.6078831325475886,0.13628197697718142,-1.2576054444638414,-0.20765973313987743,-0.44393869343876735,-1.6509812372785906,0.33102519974607475,1.0
2003-05,-0.5913207772545691,-0.8663363106336498,-0.03589580713839978,-1.2294624071266103,0.36300127793492315,-0.4488724405260796,-1.6488791791928343,0.3192028503626455,1.0
2003-06,-0.07278079093675092,-0.24642248558181337,0.26494851765437694,-0.8546168078459444,1.0259568635837946,-0.45166823054222327,-1.6467771211070779,0.3073805009792162,1.0
2003-07,0.010185606874099994,-0.32609534246872657,0.23282096575874947,-0.28443941588529364,1.5029826445466201,-0.44426760991125486,-1.6446750630213218,0.29555815159578697,1.0
2003-08,0.010185606874099994,-0.6038336070382252,0.09555610487372555,0.1259906140161902,1.5997299166833239,-0.4340711992641429,-1.6425730049355658,0.2837358022123577,1.0
2003-09,0.14500600331673275,-0.2925060858783686,-0.1451462178302874,0.41249086373113225,1.5020767824790318,-0.4289729939405868,-1.6404709468498095,0.2719134528289284,1.0
2003-10,0.2694556000330091,-1.2539849275665158,0.6056423684705292,0.5833319555505913,1.5138209892002736,-0.4393338628239426,-1.638368888764053,0.2600911034454992,1.0
2003-11,0.30056799921207816,-1.2940409648933648,0.3521823844901632,0.908148205784647,1.5691194145200087,-0.43966277929643005,-1.636266830678297,0.24826875406206994,1.0
2003-12,0.10352280441130728,-1.2641897318501114,-0.18577740932710174,1.4450346178976765,1.3040419605112368,-0.4427874857850612,-1.634164772592541,0.23644640467864067,1.0
2004-01,0.16574760276944545,-1.744064734748917,-0.20605667414505188,1.562542951219396,0.8959150902081484,-0.44689894169115474,-1.6320627145067848,0.2246240552952114,1.0
2004-02,-0.04166839175768183,-1.4642861323266239,-0.3295066702518138,1.321382041835012,0.32894364901706286,-0.4521616052509545,-1.6297965338672755,0.21506336697806608,1.0
2004-03,-0.4565003808119364,-1.1100990561795898,-0.19482711382240855,1.461396561921359,0.06630188876010905,-0.45133931406973576,-1.627530353227766,0.20550267866092078,1.0
2004-04,-0.23871358655845276,-0.8079546128671202,-0.37981760607866916,1.2772949040497326,-0.5989239335232869,-0.4523260634871982,-1.6252641725882568,0.19594199034377546,1.0
2004-05,-0.4565003808119364,-0.8150786627439772,-0.3772744409467766,1.120368815603931,-0.7454850951834109,-0.4584110182282167,-1.6229979919487476,0.18638130202663014,1.0
2004-06,-0.3527923835483728,0.060120365437749276,-0.4096464009200137,0.9035073463675698,-0.780123578016151,-0.45989114235441036,-1.6207318113092382,0.17682061370948485,1.0
2004-07,0.4457591953810673,0.8812956083049457,0.038483515939818205,0.7752242747179441,-0.7451880034094079,-0.45725981057451054,-1.6184656306697291,0.16725992539233953,1.0
2004-08,0.7672539868981145,0.03391370535292304,-0.15935491445029207,0.5770164843495665,-0.7438197695431827,-0.45117485583349204,-1.61619945003022,0.1576992370751942,1.0
2004-09,0.5598379923709873,0.40959441689580894,-0.3354498334313605,0.19291030467639456,-0.7199746978766727,-0.45002364817978585,-1.6139332693907107,0.1481385487580489,1.0
2004-10,0.3524219978438601,-0.28650344306564307,-0.3161724215441551,-0.12283497910276181,-0.8246429380850114,-0.4544640205583669,-1.6116670887512012,0.1385778604409036,1.0
2004-11,0.5287255931919181,-0.06418137758197094,-0.19006005537171722,-0.40944566141498345,-0.6570293853076268,-0.45512185350334183,-1.609400908111692,0.12901717212375827,1.0
2004-12,0.5287255931919181,0.1635608220450029,-0.5819166637676646,-0.64599510123557,-0.6194957540139084,-0.44821460758110465,-1.6071347274721826,0.11945648380661295,1.0
2005-01,0.08278120495859455,0.13930727926353886,-0.44062237241392654,-0.8874534797750352,-0.6054795121201881,-0.43982723753267383,-1.6048685468326733,0.10989579548946764,1.0
2005-02,0.6324335904554818,-0.4893099106138063,-0.5249148493736048,-1.0217133751715486,-0.8755722512924473,-0.4347290322091178,-1.6025165450225678,0.10189873932442738,1.0
2005-03,0.8502203847089654,-0.8618787175537276,-0.6448682578116625,-1.1925280005072036,-1.031748728767414,-0.4245326215620058,-1.6001645432124625,0.09390168315938711,1.0
2005-04,0.13463520359037637,-1.1810436280840135,-0.6936684039745562,-1.3434724200454518,-0.3322589314930806,-0.41894104152971856,-1.597812541402357,0.08590462699434685,1.0
2005-05,0.18648920222215817,-1.2270493528900042,-0.3840782333775543,-1.4630413330970742,0.13171724942745516,-0.4214079150733747,-1.5954605395922512,0.07790757082930659,1.0
2005-06,0.20723080167487093,-1.3410123457823575,-0.48868929434398867,-1.450678760704757,0.5833908669642384,-0.4251904545069808,-1.593108537782146,0.06991051466426633,1.0
2005-07,-0.020926792304969098,-0.7288424595122728,-0.4275432374499062,-1.2500116268586985,1.0553431029326175,-0.4202567074196685,-1.5907565359720404,0.06191345849922606,1.0
2005-08,-0.010555992578612736,-0.9296366243842447,-0.567450347822611,-1.1815821122554075,1.228447428287307,-0.41186933737123765,-1.5884045341619348,0.0539164023341858,1.0
2005-09,-0.0520391914840382,-1.5759190905412819,-0.5823394236856928,-0.8562114776076619,1.563003530604668,-0.40940246382758155,-1.5860525323518295,0.04591934616914554,1.0
2005-10,-0.7365119734235582,-1.0546143266620662,-0.9086968691566032,-0.2113787356808275,1.8068357665012853,-0.4140072944424063,-1.583700530541724,0.037922290004105276,1.0
2005-11,-0.7779951723289837,-1.7751245954057342,-0.7401521780865832,0.476035872227388,1.7754391228351734,-0.4100602967725565,-1.5813485287316182,0.029925233839065018,1.0
2005-12,-0.7572535728762709,-1.6704350159298231,-0.6672613222197583,0.9363861966270546,1.7039778991421597,-0.4117048791349939,-1.578996526921513,0.021928177674024756,1.0
2006-01,-0.7053995742444892,-1.3068717307188016,-0.8137740563116656,0.9787522226657527,1.521399500046461,-0.41334946149743135,-1.5766445251114074,0.01393112150898448,1.0
2006-02,-0.5187251791700747,-2.0127102570400837,-0.9380470708318162,1.194009851648549,0.9456425429995136,-0.4151585020961125,-1.5742302065007316,0.006860368942904611,1.0
2006-03,-0.6328039761599946,-0.8126240272813785,-0.9376295010467095,1.3696234125674067,0.5130008047631394,-0.4195988744746935,-1.5718158878900559,-0.00021038362317526098,1.0
2006-04,-0.871332369866191,-0.645416003980142,-0.6319630709389137,1.0470290719529394,0.026455473095856413,-0.4140072944424063,-1.5694015692793801,-0.007281136189255134,1.0
2006-05,-0.44612958108558,-0.7913204080825045,-0.7744705951824119,1.1890776962261584,-0.4262314449115938,-0.4222302062545934,-1.5669872506687041,-0.014351888755335003,1.0
2006-06,-0.23871358655845276,-0.5287335989572701,-0.8505938029224992,1.1104027103310117,-0.8401761131769196,-0.4153229603323562,-1.5645729320580284,-0.021422641321414873,1.0
2006-07,0.11389360413766364,-0.3029351715747906,-0.8643070777635635,0.9114549953347938,-0.9524785038381163,-0.3996994278892008,-1.5621586134473526,-0.028493393887494747,1.0
2006-08,0.5805795918237,0.47083570267587355,-0.8006949213476452,0.6537802502199291,-0.7359282647882552,-0.3868716854621888,-1.5597442948366769,-0.03556414645357461,1.0
2006-09,0.6531751899081946,0.8550266478276677,-0.8571465816519475,0.6525746930831687,-0.9882409598910094,-0.3802933560124392,-1.5573299762260011,-0.04263489901965448,1.0
2006-10,0.7050291885399764,0.19048082162340163,-0.9561252474604756,0.29433016409579077,-0.9625037859425005,-0.38983193371457625,-1.5549156576153251,-0.04970565158573436,1.0
2006-11,0.9331867825198163,1.064231365680625,-0.7384457252924558,-0.2836517360824723,-0.9660117118696354,-0.3802933560124392,-1.5525013390046494,-0.05677640415181422,1.0
2006-12,0.611691991002769,0.5229935912364739,-0.7908525420060334,-0.539845560374223,-0.9343649590509474,-0.3603939094269464,-1.5500870203939736,-0.06384715671789411,1.0
2007-01,0.6428043901818382,-0.6262866684778339,-0.8127832127537852,-0.6989790541128263,-0.8264516973462502,-0.3511842481972968,-1.5476727017832979,-0.07091790928397397,1.0
2007-02,0.4042759964756419,-0.09702925950215313,-0.9153024928758053,-0.8700242941716464,-1.0100289657685835,-0.3533222052684654,-1.5452218436863077,-0.07690901702472207,1.0
2007-03,-0.22834278683209638,0.4767012846252053,-1.0033554570527723,-0.9951491486343924,-0.9241771053648759,-0.37453731774390814,-1.5427709855893175,-0.08290012476547019,1.0
2007-04,-0.3735339830010854,0.18652474670271588,-0.9747553082231993,-1.22845011923361,-0.5717348574381453,-0.3715770694915208,-1.5403201274923275,-0.0888912325062183,1.0
2007-05,-0.4565003808119364,0.18246276111486215,-0.9104143313235957,-1.3768435641323153,0.05141011349057223,-0.38374697897355775,-1.5378692693953373,-0.09488234024696642,1.0
2007-06,-0.8920739693189037,-1.0742327202451205,-0.9116848129522557,-1.1656993180886432,0.8879280236967413,-0.3862138525172139,-1.535418411298347,-0.10087344798771453,1.0
2007-07,-0.7987367717816964,-1.7222533673515614,-0.9526242668892986,-0.878957802433522,1.395883650971716,-0.3847337283910202,-1.5329675532013571,-0.10686455572846262,1.0
2007-08,-0.9646695674033984,-0.49914091254269155,-1.016170367068025,-0.6265658182504061,1.6468009672331487,-0.38325360426482646,-1.530516695104367,-0.11285566346921075,1.0
2007-09,-1.1409731627514565,-0.4485934891269688,-1.080145832788499,-0.26878623491998627,1.8094099057065816,-0.3816090219023891,-1.5280658370073767,-0.11884677120995885,1.0
2007-10,-1.1824563616568817,-0.6169945649436562,-1.093125883396732,-0.024114116393661757,1.820595534462583,-0.39657472140056965,-1.5256149789103866,-0.12483787895070697,1.0
2007-11,-1.1720855619305253,-0.8278876234320558,-1.0737295702825806,0.7418968258400246,1.7232351248569004,-0.39394338962066977,-1.5231641208133964,-0.1308289866914551,1.0
2007-12,-1.2654227594677327,-0.3577844370893063,-0.9092253190541392,1.1821499514738956,1.6046721254487883,-0.3973970125817884,-1.5207132627164064,-0.1368200944322032,1.0
2008-01,-1.1202315632987436,-0.6995270098441044,-0.9942396963202732,1.2147155826972964,1.2517683542370497,-0.3980548455267633,-1.5182624046194162,-0.1428112021729513,1.0
2008-02,-1.3172767580995146,-0.49230655949073515,-1.0456267305530105,1.358393513536438,0.85324004884008,-0.4044687167402693,-1.5158019063354624,-0.14819803746847526,1.0
2008-03,-1.5972883507111364,0.2883952334201856,-0.9893515347680635,1.5296148360142217,0.3539627119520456,-0.409731380300069,-1.5133414080515086,-0.15358487276399924,1.0
2008-04,-1.1720855619305253,-0.4178202102754297,-1.0201469525469844,1.3683492827957313,-0.09013492939127697,-0.41071812971753147,-1.5108809097675548,-0.1589717080595232,1.0
2008-05,-1.0165235660351801,-0.7672942617334894,-1.0359211819884397,1.1032247659681709,-0.5357005501476498,-0.4156518768048437,-1.5084204114836008,-0.16435854335504718,1.0
2008-06,-0.8920739693189037,0.23873870561652277,-1.0748899581825873,1.1386036787163756,-0.8534547389765196,-0.41861212505723105,-1.5059599131996473,-0.16974537865057115,1.0
2008-07,-0.90244476904526,1.081663015488623,-1.078725623688871,0.848984526413554,-1.0337458488319649,-0.41186933737123765,-1.5034994149156933,-0.17513221394609513,1.0
2008-08,-1.1202315632987436,1.384520798294665,-1.0755549243036533,0.5421566988615384,-1.0933969746464043,-0.39690363787305705,-1.5010389166317393,-0.18051904924161907,1.0
2008-09,-1.1098607635723874,1.0520391788778187,-1.0783711218826066,0.4617982352462141,-1.149369379098968,-0.36549211475050236,-1.4985784183477857,-0.18590588453714305,1.0
2008-10,-1.1617147622041692,0.6304337330391295,-1.0786595674516786,0.026032669229902376,-1.1988136093515596,-0.3620384917893838,-1.4961179200638317,-0.191292719832667,1.0
2008-11,-1.0891191641196747,0.07007285313191543,-1.0940022294768126,-0.2812373352975381,-1.0461182023094773,-0.36253186649811503,-1.493657421779878,-0.196679555128191,1.0
2008-12,-1.0891191641196747,-0.17897919573317758,-1.0951626173768192,-0.398894892260341,-1.1769003107732239,-0.367630071821671,-1.4911969234959241,-0.20206639042371496,1.0
2009-01,-1.047635965214249,0.5981185194744097,-1.0832835040551207,-0.43362844501997855,-1.3625599767028822,-0.3806222724849266,-1.4887364252119704,-0.2074532257192389,1.0
2009-02,-0.8817031695925474,-0.35638579327876463,-1.0695414475678515,-0.41079900470197955,-1.6969968071193609,-0.3913120578407699,-1.4861764013088168,-0.21306393565228038,1.0
2009-03,-0.9750403671297546,0.05914536429587948,-1.0636648016090893,-0.4816324066575873,-1.3173396739364978,-0.3936144731481823,-1.4836163774056634,-0.21867464558532182,1.0
2009-04,-0.840219970687122,0.21864371403121263,-1.0287474746293859,-0.8426769955529869,-1.2775216325855465,-0.3970680961093009,-1.48105635350251,-0.22428535551836326,1.0
2009-05,-0.7468827731499146,0.2335864631607635,-0.9908047719862876,-1.0978621045176318,-1.114457518164145,-0.4011795520153944,-1.4784963295993565,-0.22989606545140465,1.0
2009-06,-0.062409991210394554,-0.17967696012863713,-1.0182357254175618,-1.2742982907720486,-0.4758189903609158,-0.4013440102516382,-1.4759363056962032,-0.2355067753844461,1.0
2009-07,0.5079839937392054,-0.4460796682915409,-1.0251540153261394,-1.2404031405824616,0.04360939856423945,-0.3071094408839739,-1.47337628179305,-0.24111748531748753,1.0
2009-08,0.5390963929182746,-0.24870579496516979,-1.0540205909790543,-1.1230437362409385,0.17777387870706976,-0.26319909180689477,-1.4708162578898967,-0.24672819525052897,1.0
2009-09,0.4042759964756419,-0.719671841743376,-1.0096352033351608,-1.3121898277884372,-0.07184584030588972,-0.278329249541319,-1.4682562339867433,-0.25233890518357044,1.0
2009-10,0.5805795918237,-0.8668004485574153,-0.9964856083848017,-1.2873979036267948,-0.0018906799337962369,-0.325528763343273,-1.4656962100835897,-0.25794961511661185,1.0
2009-11,1.088748778415162,-1.1006480866446602,-0.9927754497291826,-1.070292034450969,0.4786866179297449,-0.34213904520389093,-1.4631361861804364,-0.26356032504965327,1.0
2009-12,0.9954115808779546,-1.2427988921018052,-0.9448956871378316,-1.1751869099691112,0.4044614969067371,-0.3605583676631901,-1.460576162277283,-0.26917103498269473,1.0
2010-01,0.9642991816988855,-0.7809411627000439,-0.8603437035320417,-1.2196601786773502,0.48743760029653127,-0.37667527481507684,-1.4580161383741297,-0.27478174491573615,1.0
2010-02,1.3272771721213583,-1.8445864179698066,-0.775032073198544,-1.298680270997296,0.3571458143255232,-0.3960813466918385,-1.4553910462089739,-0.2794049631853559,1.0
2010-03,1.3583895713004275,-1.1541921589373119,-0.7771789009072848,-1.2145236258827088,0.6711301873400933,-0.41499404385986877,-1.4527659540438183,-0.2840281814549756,1.0
2010-04,0.5079839937392054,-1.2994922492328924,-0.9018556448580822,-1.135900537348905,1.0987843796687606,-0.41252717031621267,-1.4501408618786622,-0.2886513997245953,1.0
2010-05,-0.17648878820031458,-2.077910732760457,-0.9234274100504244,-0.5261527295944739,1.6717232727331128,-0.4163097097498187,-1.4475157697135064,-0.29327461799421506,1.0
2010-06,-1.3795015564576527,-1.5873979378505159,-0.9362577331876878,0.5042369270839303,1.768371900186711,-0.4177898338760124,-1.4448906775483508,-0.29789783626383476,1.0
2010-07,-2.520289526356853,-0.7681322020119653,-0.7795569254461975,1.2102831116679353,1.2203120418422126,-0.4143362109148938,-1.442265585383195,-0.3025210545334545,1.0
2010-08,-2.489177127177784,-0.9902735963575273,-0.7984490092831161,1.3596334662163247,0.06763099287280488,-0.41022475500880023,-1.4396404932180393,-0.3071442728030742,1.0
2010-09,-2.3647275304615074,-0.5470904095931766,-0.7897075672280385,1.3127682953902908,-0.5825030871304112,-0.40907354735509405,-1.4370154010528835,-0.3117674910726939,1.0
2010-10,-2.261019533197944,-0.14596310275337568,-0.8056491391370465,1.1778173738930666,-0.5632350193507883,-0.41910549976596234,-1.434390308887728,-0.31639070934231367,1.0
2010-11,-2.115828337028955,0.9760638502829165,-0.815031326692887,1.145934618314762,-0.6204576940193371,-0.41466512738738126,-1.4317652167225718,-0.32101392761193337,1.0
2010-12,-1.9810079405863217,1.3190430858278819,-0.7962691534557793,0.6717296862300822,-0.5848004584960133,-0.3906542248957949,-1.429140124557416,-0.3256371458815531,1.0
2011-01,-1.898041542775471,1.9800751698978696,-0.8139391969046457,0.34882654576752115,-0.7962111093622284,-0.38259577131985156,-1.4265150323922604,-0.3302603641511728,1.0
2011-02,-1.6906255482483437,2.4953679459054916,-0.5776442407121374,0.4094418696878476,-0.8837139086435256,-0.38999639195082,-1.4239700546378975,-0.3336559481024706,1.0
2011-03,-1.8565583438700455,2.480506187286128,-0.11840004739123768,0.15137979590114323,-1.1090349711823304,-0.4047976332127567,-1.4214250768835348,-0.3370515320537684,1.0
2011-04,-1.8047043452382636,0.5779799176143834,-0.1464431219538244,-0.21453537788130977,-1.1286126847894153,-0.4082512561738753,-1.418880099129172,-0.3404471160050662,1.0
2011-05,-1.3380183575522273,-0.7656526463923858,-0.4616943120781817,-0.6290090441402012,-1.1530984465923486,-0.4143362109148938,-1.416335121374809,-0.343842699956364,1.0
2011-06,-1.1202315632987436,-0.5766799809881324,-0.4431611337966736,-0.9297292592112145,-1.0601118438119714,-0.4151585020961125,-1.4137901436204463,-0.3472382839076618,1.0
2011-07,-0.8920739693189037,-0.3559247703746217,-0.4766230216835796,-1.0171763389802175,-0.7676329314211627,-0.348552916417397,-1.4112451658660834,-0.3506338678589596,1.0
2011-08,-0.9128155687716165,0.3813816841740365,-0.33103507491236017,-1.1418112614699962,-0.9194639554518537,-0.2768491254151253,-1.4087001881117205,-0.3540294518102574,1.0
2011-09,-1.2031979611095944,0.6154691787722205,0.31539126224877906,-1.2472280887649245,-0.8425612641178505,-0.273231044217763,-1.4061552103573578,-0.3574250357615552,1.0
2011-10,-1.4209847553630783,0.5551997791144031,0.32523364159039087,-1.2148062222930511,-0.6701862529895671,-0.295597364346912,-1.403610232602995,-0.360820619712853,1.0
2011-11,-1.2550519597413763,0.9105674476983978,0.6016657829915696,-1.148708607775863,-0.14153986201208715,-0.3202660997834733,-1.401065254848632,-0.36421620366415086,1.0
2011-12,-1.2861643589204454,-0.2370587365963162,0.3358026395411143,-0.9387512178650084,0.4406244238956677,-0.3424679616763784,-1.3985202770942695,-0.36761178761544866,1.0
2012-01,-1.1202315632987436,-0.7271042785628691,0.17286832488326903,-1.255316127064802,0.15588324612542448,-0.3617095753168963,-1.3959752993399066,-0.37100737156674646,1.0
2012-02,-0.6950287745181328,-0.8167732334186647,-0.3319780846433084,-1.2142034899440575,0.07420079237028393,-0.39114759960452616,-1.3935342762942178,-0.373825255525517,1.0
2012-03,-0.6120623767072819,-0.9208304639111906,-0.13597100648431587,-1.2858101619249775,-0.008990414849773243,-0.398219303763007,-1.391093253248529,-0.3766431394842875,1.0
2012-04,-0.44612958108558,-0.8814098905873494,-0.13326930638316195,-1.1884574742866854,0.25547411895353517,-0.3960813466918385,-1.38865223020284,-0.3794610234430581,1.0
2012-05,-0.3631631832747291,0.01930737834261159,0.0770603584599596,-0.8567348907229153,1.0600086161095592,-0.4089090891188503,-1.3862112071571513,-0.3822789074018286,1.0
2012-06,-0.29056758519023457,-0.4645517346534831,0.08652181350043021,-0.32839119726394816,1.4506109117824697,-0.4159807932773312,-1.3837701841114625,-0.38509679136059916,1.0
2012-07,0.31093879893843457,-0.4512973261593745,0.4111067499400209,0.05864852775967496,1.532687938962476,-0.4126916285524564,-1.3813291610657739,-0.3879146753193697,1.0
2012-08,-0.062409991210394554,-0.6102412024018872,-0.038736225337657394,0.3715431571308059,1.5729182291808852,-0.41367837796991885,-1.378888138020085,-0.3907325592781403,1.0
2012-09,-0.33205078409566,-0.8329401852598923,0.07928645365333137,0.5370898795572209,1.537493677405187,-0.41170487913499393,-1.3764471149743962,-0.39355044323691085,1.0
2012-10,-0.22834278683209638,-1.5547899124412727,0.039936753158042265,0.603269336092531,1.5533075781670327,-0.41170487913499393,-1.3740060919287076,-0.3963683271956814,1.0
2012-11,-0.07278079093675092,-1.9437219174586446,-0.04494330975913498,0.8350400091966821,1.54851374993037,-0.41170487913499393,-1.3715650688830185,-0.399186211154452,1.0
2012-12,-0.07278079093675092,-1.31172181627117,-0.3173614338136113,1.343471314977154,1.2772618360418118,-0.41170487913499393,-1.3691240458373297,-0.40200409511322255,1.0
2013-01,-0.0520391914840382,-2.1717070886161802,0.052355325750142394,1.2558605735908042,0.9593244427077869,-0.41170487913499393,-1.3666830227916411,-0.4048219790719931,1.0
2013-02,-0.07278079093675092,-1.4002724790824566,-0.3833280232551597,1.2998399651112735,0.7051946569878977,-0.41170487913499393,-1.3642735362191243,-0.4077940006972753,1.0
2013-03,-0.1453763890212455,-1.4364503169791845,-0.21140722935760642,1.525027383899695,0.519980049890767,-0.41170487913499393,-1.3618640496466077,-0.41076602232255743,1.0
2013-04,-0.38390478272744183,-1.385962078936291,0.11007086205938602,1.4160297808625932,0.006650839708210567,-0.41170487913499393,-1.3594545630740913,-0.41373804394783964,1.0
2013-05,-0.7365119734235582,-1.0247444035010775,0.28190074999242287,1.313830000435509,-0.2022016886302846,-0.41170487913499393,-1.3570450765015747,-0.4167100655731218,1.0
2013-06,-1.2239395605623071,-0.5557968894383077,-0.13941253644202006,1.3396993196073512,-0.6736224576062421,-0.41170487913499393,-1.354635589929058,-0.419682087198404,1.0
2013-07,-0.8817031695925474,0.4346235995632972,-0.024666246815756448,1.0989709858210948,-0.8330700902531827,-0.41170487913499393,-1.3522261033565415,-0.4226541088236862,1.0
2013-08,-0.5187251791700747,0.763283089903229,-0.044218893024594995,1.085074984307596,-0.8136013980486813,-0.41170487913499393,-1.349816616784025,-0.42562613044896835,1.0
2013-09,-0.3942755824537982,0.21598037225390057,-0.3440503555137619,1.1395369163999196,-0.8421039710413735,-0.41170487913499393,-1.3474071302115083,-0.42859815207425056,1.0
2013-10,-0.1661179884739582,0.18657458701667726,0.22621534203954793,0.9399540839309006,-0.8734419662278895,-0.41170487913499393,-1.3449976436389917,-0.4315701736995327,1.0
2013-11,-0.18685958792667093,0.5423596682300986,0.5043297156145498,0.5883691710151954,-1.1054098484963386,-0.41170487913499393,-1.3425881570664753,-0.434542195324815,1.0
2013-12,-0.3631631832747291,0.9256908679660587,0.46322512108452696,0.19104446325193494,-1.2290136961582,-0.41170487913499393,-1.3401786704939587,-0.43751421695009707,1.0
2014-01,-0.529095978896431,0.8826786770173745,0.7076331986950128,0.18475178691048524,-1.3834260489273036,-0.41170487913499393,-1.337769183921442,-0.44048623857537933,1.0
2014-02,-0.44612958108558,1.431588744791958,0.9351261612816828,0.0583867730825255,-1.333795641450468,-0.41170487913499393,-1.335356774431763,-0.443235028995226,1.0
2014-03,-0.08315159066310727,0.9256534877305876,0.5710289001819091,-0.15174453503041568,-1.2129573515698333,-0.41170487913499393,-1.332944364942084,-0.44598381941507265,1.0
2014-04,-0.1661179884739582,-0.10386984259335465,0.5063774589675024,-0.6992511689018805,-1.2320378059971018,-0.41170487913499393,-1.330531955452405,-0.44873260983491936,1.0
2014-05,-0.18685958792667093,-0.17784532859055582,0.25792233589171815,-1.0650326577597842,-0.569396260580126,-0.41170487913499393,-1.328119545962726,-0.451481400254766,1.0
2014-06,-0.010555992578612736,-0.715528865645335,0.11273292841822474,-1.2365522987587114,-0.04004675599480531,-0.41170487913499393,-1.325707136473047,-0.45423019067461273,1.0
2014-07,0.3316803983911473,-0.8588696085983083,0.4379916384771743,-1.3370696229681682,0.40587840469641834,-0.41170487913499393,-1.323294726983368,-0.4569789810944595,1.0
2014-08,0.16574760276944545,0.3198102063139776,0.16088572345663762,-1.345676275895317,0.3594314624396381,-0.41170487913499393,-1.320882317493689,-0.45972777151430616,1.0
2014-09,-0.15574718874760185,-0.029589084673139924,0.5899936458797392,-1.3817710543313244,0.46673005134611384,-0.41170487913499393,-1.31846990800401,-0.4624765619341529,1.0
2014-10,0.07241040523223818,-0.7398976641528348,0.6872878776398695,-1.381054760520093,0.7012534416747518,-0.41170487913499393,-1.316057498514331,-0.46522535235399953,1.0
2014-11,0.3524219978438601,-0.6244332318023945,0.6306754804917317,-0.8994105718211443,1.3293455077442322,-0.41170487913499393,-1.313645089024652,-0.46797414277384625,1.0
2014-12,0.3524219978438601,-0.9363245715139393,0.6853061905241089,-0.3745273367117005,1.6955207240589603,-0.41170487913499393,-1.3112326795349731,-0.4707229331936929,1.0
2015-01,0.23834320085394,-1.5271347682319436,0.34283102317834496,-0.2683548034615482,1.6309446248246846,-0.41170487913499393,-1.308820270045294,-0.47347172361353956,1.0
2015-02,0.05166880577952545,-0.1384559054629405,0.11164079862998341,0.06966276802565198,1.7297085299528974,-0.41170487913499393,-1.3064260909673513,-0.4759535390036951,1.0
2015-03,0.13463520359037637,-0.514765850969589,0.0934423052835807,0.31463878000100015,1.6080366910703086,-0.41170487913499393,-1.3040319118894086,-0.4784353543938506,1.0
2015-04,0.3627927975702164,-0.7677459395787645,0.1933457584127968,0.6297530090204315,1.5812293291205088,-0.41170487913499393,-1.3016377328114657,-0.4809171697840061,1.0
2015-05,0.9954115808779546,-1.2965080604344539,0.042512946408530865,0.9930183626999847,1.238584010111661,-0.41170487913499393,-1.299243553733523,-0.4833989851741616,1.0
2015-06,1.9184127565236713,-1.2986854591506423,0.21088809313642487,1.2778001262439813,0.43200699824844013,-0.41170487913499393,-1.2968493746555803,-0.4858808005643171,1.0
2015-07,1.7939631598073946,-1.7102044714513942,-0.2036125933689475,1.3709739920352628,-0.26417149654706057,-0.41170487913499393,-1.2944551955776373,-0.4883626159544726,1.0
2015-08,1.9910083546081656,-0.5053865268859788,-0.23162043793836518,1.3413226289110811,-0.6316838652625798,-0.41170487913499393,-1.2920610164996944,-0.49084443134462813,1.0
2015-09,2.2917615466725,0.0628428925878905,-0.35695113863736366,1.4591965954935122,-0.8516083728157803,-0.41170487913499393,-1.2896668374217517,-0.49332624673478365,1.0
2015-10,2.188053549408936,0.6182228561185876,-0.35124828349311954,1.09130695656851,-0.7725882721354418,-0.41170487913499393,-1.287272658343809,-0.49580806212493905,1.0
2015-11,1.94952515570274,1.063732962541011,-0.2730619192780676,0.8299729253886227,-1.031754270439098,-0.41170487913499393,-1.2848784792658663,-0.49828987751509457,1.0
2015-12,1.970266755155453,0.5897453467288953,-0.2316204379383649,0.3873053726510163,-0.9107668867679025,-0.41170487913499393,-1.2824843001879234,-0.50077169290525,1.0
2016-01,2.0117499540608783,-0.25433152040356233,-0.41671001455041373,0.33635099822927866,-0.8169677405606124,-0.41170487913499393,-1.2800901211099807,-0.5032535082954056,1.0
2016-02,1.8769295576182456,-0.621433467905843,-0.39884749689317833,0.5438712882607644,-0.6833460872590588,-0.41170487913499393,-1.2776828857467677,-0.5057782489470505,1.0
2016-03,1.3583895713004275,-1.6904054067302299,-0.6125667578247631,0.609124912149594,-0.2355211077138445,-0.41170487913499393,-1.275275650383555,-0.5083029895986952,1.0
2016-04,1.3791311707531402,-1.8889816776309196,-0.5404972011736916,0.8633064045573854,0.38800598583044377,-0.41170487913499393,-1.272868415020342,-0.5108277302503401,1.0
2016-05,1.3065355726686456,-2.152029509660297,-0.5163888764731769,0.9660008724337316,0.4783457681203148,-0.41170487913499393,-1.270461179657129,-0.513352470901985,1.0
2016-06,0.3731635972965727,-1.8758269497647337,-0.7371488211689188,0.9303145227105797,0.2856498907689468,-0.41170487913499393,-1.2680539442939163,-0.5158772115536299,1.0
2016-07,-0.529095978896431,-1.8438699634566116,-0.6496243068894879,0.9448891149205594,-0.18771226178131512,-0.41170487913499393,-1.2656467089307033,-0.5184019522052746,1.0
2016-08,-0.29056758519023457,-2.2460003066148855,-0.684568056364068,1.0485477667327208,-0.6832265455183847,-0.41170487913499393,-1.2632394735674903,-0.5209266928569194,1.0
2016-09,-0.3527923835483728,-2.0722632021847063,-0.6515531490154949,1.0123410102326025,-0.8429238241925048,-0.41170487913499393,-1.2608322382042776,-0.5234514335085643,1.0
2016-10,-0.6224331764336383,-1.8094365365485325,-0.715548431607127,1.026049312024519,-0.8586840594407595,-0.41170487913499393,-1.2584250028410646,-0.5259761741602091,1.0
2016-11,-0.529095978896431,-1.4299835362426934,-0.8935281552227414,1.0844691431958033,-0.9720206067921467,-0.41170487913499393,-1.2560177674778517,-0.528500914811854,1.0
2016-12,-0.3527923835483728,-0.6335882744731783,-0.9770650746503471,1.1259630793907889,-1.1112391197366114,-0.41170487913499393,-1.253610532114639,-0.5310256554634988,1.0
2017-01,-0.4253879816328673,0.375612667833005,-0.9343266891871079,0.9645715804347331,-1.1822258692207672,-0.41170487913499393,-1.251203296751426,-0.5335503961151437,1.0
2017-02,-0.4253879816328673,0.5936827315318456,-0.9311725038611888,1.0124041744253927,-1.2318005761543138,-0.41170487913499393,-1.2487427767115173,-0.5361037638909684,1.0
2017-03,-0.6016915769809255,1.2021270543333158,-0.9547380664794431,0.6618743758729362,-1.32185972331431,-0.41170487913499393,-1.2462822566716087,-0.5386571316667931,1.0
2017-04,-0.21797198710574003,0.9895020449347578,-0.7959190553986621,-0.02117758121723607,-1.421020987681576,-0.41170487913499393,-1.2438217366317004,-0.5412104994426178,1.0
2017-05,0.17611840249580182,0.35452398498808957,-0.9274568405191379,-0.7787955291910792,-1.1161958380490429,-0.41170487913499393,-1.2413612165917918,-0.5437638672184425,1.0
2017-06,-0.3009383849165909,0.4733370634328111,-0.8892278941815409,-1.1782213085308373,-0.5782867557715006,-0.41170487913499393,-1.2389006965518832,-0.5463172349942671,1.0
2017-07,-0.7261411736972019,-0.022807686954767557,-0.8259284039549983,-1.3493005473273187,-0.20631741664656533,-0.41170487913499393,-1.2364401765119746,-0.5488706027700918,1.0
2017-08,-0.7987367717816964,-0.3277182676920945,-0.8324679714370082,-1.4155491484905471,-0.12276405982496195,-0.41170487913499393,-1.2339796564720662,-0.5514239705459166,1.0
2017-09,-0.8298491709607656,-1.0547046622311214,-0.5344222292265994,-1.4525634341120877,-0.11803094646124392,-0.41170487913499393,-1.2315191364321576,-0.5539773383217412,1.0
2017-10,-0.6535455756127073,-0.7212916519471213,-0.9128584120997001,-1.5023562448653958,0.09105621616535091,-0.41170487913499393,-1.229058616392249,-0.5565307060975659,1.0
2017-11,-0.6535455756127073,-0.49523779295558973,-1.0212390823352258,-1.3041604296660363,0.39340128552884107,-0.41170487913499393,-1.2265980963523404,-0.5590840738733907,1.0
2017-12,-0.7572535728762709,-0.9024269279809453,-1.0476131359714276,-1.0023530281994446,0.7754934571274336,-0.41170487913499393,-1.2241375763124318,-0.5616374416492154,1.0
2018-01,-0.7987367717816964,0.2857568117998542,-1.0810375919905912,-1.1485563023358416,0.708935632209351,-0.41170487913499393,-1.2216770562725234,-0.5641908094250401,1.0
2018-02,-0.7261411736972019,-1.1498778567600285,-1.0274895751411433,-1.2960262145691566,0.34871289993324284,-0.41170487913499393,-1.2191572920357983,-0.5666660563823734,1.0
2018-03,-0.8194783712344093,-0.6465561011620089,-1.0838119539526567,-1.3329330039051248,0.4445021125594428,-0.41170487913499393,-1.216637527799073,-0.5691413033397068,1.0
2018-04,-1.3380183575522273,0.2490618806457768,-1.0239694068058294,-1.1691599122471033,0.9631194749286726,-0.41170487913499393,-1.214117763562348,-0.5716165502970403,1.0
2018-05,-0.9439279679506856,-0.07975647569490703,-0.9844633732158533,-0.8321196779024995,1.478151078130126,-0.41170487913499393,-1.2115979993256225,-0.5740917972543738,1.0
2018-06,-0.529095978896431,-0.7156565814498611,-0.9372133467523993,-0.09875458818847674,1.8920239559569039,-0.41170487913499393,-1.2090782350888973,-0.5765670442117071,1.0
2018-07,-0.17648878820031458,-0.984722631390077,-0.9948342024550011,0.43064676093202076,1.8438946849829556,-0.41170487913499393,-1.2065584708521722,-0.5790422911690405,1.0
2018-08,0.3731635972965727,-0.4023665979277745,-1.017623604286249,0.8493983042372488,1.746518222524825,-0.41170487913499393,-1.204038706615447,-0.581517538126374,1.0
2018-09,0.5390963929182746,-0.15057021677518218,-1.0550268476589457,1.2277773173473998,1.3422461301851532,-0.41170487913499393,-1.2015189423787218,-0.5839927850837073,1.0
2018-10,0.42501759592835453,-1.144884480305021,-1.0519067913889093,1.3920985265338386,0.930348782885835,-0.41170487913499393,-1.1989991781419964,-0.5864680320410408,1.0
2018-11,0.2694556000330091,-1.5109460112533577,-1.086630353406183,1.6860767928132103,0.39773026339091017,-0.41170487913499393,-1.1964794139052712,-0.5889432789983743,1.0
2018-12,0.13463520359037637,-1.2132498159619427,-1.079254073586407,1.6821185381028858,-0.09805643890670575,-0.41170487913499393,-1.193959649668546,-0.5914185259557077,1.0
2019-01,0.08278120495859455,-1.8372941570333299,-1.0498590480359566,1.3641345416481616,-0.33925823459086485,-0.41170487913499393,-1.191439885431821,-0.593893772913041,1.0
2019-02,0.5390963929182746,-0.7367172291181733,-1.0581325917442572,1.0080120655257054,-0.46252934423076414,-0.41170487913499393,-1.1888701215758901,-0.5962523217711853,1.0
2019-03,0.7983663860771837,0.14442837152307225,-1.0172933231002892,1.2063170868597342,-0.7824200915915211,-0.41170487913499393,-1.1863003577199591,-0.5986108706293294,1.0
2019-04,0.3420511981175037,-0.24686793338784335,-0.9747553082231991,0.9916302087229025,-0.8884308606516939,-0.41170487913499393,-1.1837305938640281,-0.6009694194874736,1.0
2019-05,0.2694556000330091,-0.18555811717608178,-0.9758760623808909,0.5498549358817089,-1.3195311787214736,-0.41170487913499393,-1.1811608300080974,-0.6033279683456177,1.0
2019-06,0.3627927975702164,-1.041116946637396,-1.028815732741151,-0.0159481557472857,-1.3238759225850132,-0.41170487913499393,-1.1785910661521664,-0.605686517203762,1.0
2019-07,0.24871400058029636,-0.285107914274724,-1.0478113046830035,-0.14159235716511753,-1.298814863646704,-0.41170487913499393,-1.1760213022962356,-0.6080450660619062,1.0
2019-08,0.31093879893843457,-0.5472648506920414,-1.0614849457817523,-0.23595128393808454,-1.259677844782055,-0.41170487913499393,-1.1734515384403044,-0.6104036149200502,1.0
2019-09,0.15537680304308907,-1.4849947827775836,-1.0585762694707304,-0.065514063087781,-1.0828072085765075,-0.41170487913499393,-1.1708817745843736,-0.6127621637781945,1.0
2019-10,0.2798263997593655,-0.2871264469901605,-1.0953057392240684,-0.43098534662400956,-0.8591198177880385,-0.41170487913499393,-1.1683120107284426,-0.6151207126363386,1.0
2019-11,0.46650079483378004,-0.4322396361083859,-1.0614431101648645,-0.6478772818970431,-0.7470771314428919,-0.41170487913499393,-1.1657422468725116,-0.6174792614944828,1.0
2019-12,0.42501759592835453,-0.3460314680532847,-1.0605601584610644,-0.7989094367646233,-0.6114272835323489,-0.41170487913499393,-1.1631724830165808,-0.619837810352627,1.0
2020-01,0.30056799921207816,-0.6895246818359769,-1.0359872382256317,-0.8869713369767569,-0.4140500966239139,-0.41170487913499393,-1.1606027191606498,-0.6221963592107712,1.0
2020-02,0.31093879893843457,-0.06871684615245793,-1.0491119292153022,-0.8683523665787047,-0.2573017331993935,-0.41170487913499393,-1.1579928510891309,-0.6244568678782058,1.0
2020-03,0.15537680304308907,0.2931144881484052,-1.0451029989581309,-0.805869473683088,-0.10407400305632089,-0.41170487913499393,-1.1553829830176119,-0.6267173765456403,1.0
2020-04,-0.11426398984217637,-0.6334387535312941,-1.0333207681176468,-0.5212469060648137,0.19381783551960702,-0.41170487913499393,-1.1527731149460927,-0.628977885213075,1.0
2020-05,-0.2490843862848091,-2.051433065968465,-1.0201337412995464,0.26795675661353757,0.8184235684933607,-0.41170487913499393,-1.1501632468745737,-0.6312383938805096,1.0
2020-06,-0.7572535728762709,-1.3995279893926582,-1.0000108095762825,0.5941595402783607,0.557839308569847,-0.41170487913499393,-1.1475533788030547,-0.6334989025479442,1.0
2020-07,-1.0372651654878928,-1.3338571457092745,-0.9981370143146028,0.55387451509989,-0.0033491234497513363,-0.41170487913499393,-1.1449435107315358,-0.6357594112153787,1.0
2020-08,-1.0268943657615364,-1.4114335943901866,-0.9648446707698228,0.5233258877096862,-0.5998202195873781,-0.41170487913499393,-1.1423336426600166,-0.6380199198828133,1.0
2020-09,-1.2343103602886636,-1.1358415783406506,-1.0045158449527782,0.5394139974061462,-0.9870166325325528,-0.41170487913499393,-1.1397237745884976,-0.6402804285502478,1.0
2020-10,-1.24468116001502,-0.001597518344571212,-0.9488590613693532,0.44347037759813485,-1.2921811748877594,-0.41170487913499393,-1.1371139065169784,-0.6425409372176825,1.0
2020-11,-1.1928271613832382,1.108514484635325,-0.6675938052802912,0.13954269119546792,-1.3407858644305402,-0.41170487913499393,-1.1345040384454594,-0.6448014458851171,1.0
