time,enso,solar,qboA,qboB,aod,eesc_1,eesc_2,constant
1979-01,0.5497243618720534,1.518254695269892,-1.0786314349467943,-0.9433088109501239,-0.4146765870261145,0.4456958759255199,1.6380667745291866,1.0
1979-02,0.36461818379886424,1.5719869174733854,-0.8416446921939451,-0.8823813588555899,-0.41525448245202273,0.43644306100682784,1.644643556622173,1.0
1979-03,0.014973180771729148,1.2615225159775296,-1.1819344448226154,-0.623158389839504,-0.4164019507365187,0.42719024608813577,1.6512203387151592,1.0
1979-04,0.28234877132189123,1.076148241355132,-1.2442121364934873,-0.556786886210098,-0.4193389983874654,0.4179374311694437,1.6577971208081457,1.0
1979-05,0.34405083067962106,0.9509540556006468,-1.2437082058413513,-0.049892497044893735,-0.42340127533154365,0.40868461625075153,1.6643739029011324,1.0
1979-06,-0.046728878586000576,1.3025718525633783,-0.8264128112456561,0.6756028688749768,-0.4224611435739002,0.39943180133205947,1.6709506849941185,1.0
1979-07,-0.046728878586000576,1.003201073774924,-0.7463539104877696,1.1951808560459443,-0.41919594573442426,0.3901789864133674,1.677527467087105,1.0
1979-08,0.5497243618720534,1.11709824900909,-0.6342321662765614,1.355632806068488,-0.4106769339902346,0.3809261714946753,1.6841042491800915,1.0
1979-09,0.45717127283545883,1.6369726346651323,-0.6266384622380751,1.330221343875864,-0.4011401586719204,0.3716733565759832,1.6906810312730778,1.0
1979-10,0.3029161244411345,1.9273574560819142,0.03726947112735856,1.5982337146593606,-0.38884445228687053,0.36242054165729104,1.6972578133660643,1.0
1979-11,0.6114264212297832,2.1402502594571104,0.6984884817440671,1.8865938686897723,-0.3795082826759366,0.353167726738599,1.7038345954590508,1.0
1979-12,0.7142631868259993,1.5325580614620895,1.1518317533368951,1.2040098328174136,-0.36945700897458156,0.3439149118199069,1.710411377552037,1.0
1980-01,0.40575289003735077,1.58096436093661,1.0742309223926685,0.29041270713391015,-0.3438659785558265,0.33466209690121484,1.7169881596450236,1.0
1980-02,0.2720650947622697,1.4888738822438694,1.1859529265803428,0.37865666301880047,-0.34414776340346387,0.3251338329160594,1.7229654327697466,1.0
1980-03,0.4674549493950805,0.9016206860951504,1.2881044215869657,0.24780397997410217,-0.34744331814833,0.315605568930904,1.728942705894469,1.0
1980-04,0.5908590681105399,1.7819685948193411,1.3641797571013874,0.11698704812706463,-0.3520825809481175,0.30607730494574864,1.734919979019192,1.0
1980-05,0.5291570087528102,2.1881952312257407,1.1577115313562332,-0.21278908255337492,-0.3591997631016724,0.29654904096059326,1.740897252143915,1.0
1980-06,0.6319937743490265,1.5762782426609874,0.9154876260015098,-0.8553974260653848,-0.3184479938674233,0.2870207769754378,1.7468745252686377,1.0
1980-07,0.5497243618720534,1.4023047221099942,0.5377187499213729,-0.8649568758846208,-0.27142946787639044,0.2774925129902825,1.7528517983933607,1.0
1980-08,0.09724259324870212,0.981216270183213,0.23000261499847882,-1.1298107804252842,-0.23939335946334578,0.2679642490051271,1.7588290715180837,1.0
1980-09,0.1897956822852967,1.3003137748450733,0.2694604190495548,-1.3020752886429896,-0.22762265699713471,0.25843598501997167,1.7648063446428062,1.0
1980-10,0.0869589166890805,1.6496337625167443,0.286196479759578,-1.2366730279621794,-0.21696963439140377,0.2489077210348163,1.7707836177675291,1.0
1980-11,-0.005594172347514097,1.8657227501892084,0.24895841568872296,-1.063157849605853,-0.22604750880508845,0.2393794570496609,1.776760890892252,1.0
1980-12,-0.05701255514562219,1.9752340012530205,0.3109093442679097,-0.767259725594175,-0.22336004721673594,0.22985119306450552,1.7827381640169746,1.0
1981-01,-0.3038207925765411,0.953735265693574,-0.10950878538730993,-0.8731354824863746,-0.2077003864078582,0.2203229290793501,1.7887154371416976,1.0
1981-02,-0.17013299730146003,1.5808579370810136,-0.27032978914435646,-1.3469056403597908,-0.2080561647911808,0.21065233193231686,1.7935719830817092,1.0
1981-03,0.40575289003735077,1.6561232527335747,-0.3303979973780953,-1.2491223919308803,-0.21508068448071685,0.20098173478528358,1.7984285290217208,1.0
1981-04,0.508589655633567,2.0972783562117856,-0.7680555147132807,-1.1605076243936636,-0.2238064187918748,0.19131113763825033,1.8032850749617324,1.0
1981-05,-0.18041667386108162,1.5683826962305105,-1.0764346918661032,-0.6992328396077131,-0.22927293568761495,0.18164054049121706,1.808141620901744,1.0
1981-06,-0.6534657956036761,0.8075738460718532,-1.0297728895500862,0.22445731911746958,-0.20906314995844769,0.1719699433441838,1.8129981668417559,1.0
1981-07,-0.5609127065670816,1.5536157950228255,-0.41045611344985033,0.9246710346228725,-0.18105452742937106,0.16229934619715056,1.8178547127817675,1.0
1981-08,-0.28325343945729786,2.1238963026487783,-0.4975090976045791,0.8976950699250625,-0.16164343529190922,0.1526287490501173,1.822711258721779,1.0
1981-09,-0.005594172347514097,2.0406895600591057,-0.33322720979515164,1.1830109625344347,-0.17448752154991112,0.14295815190308403,1.8275678046617907,1.0
1981-10,-0.09814726138410867,2.059133839056327,-0.2677828683349768,1.2923246044832055,-0.18456796971539774,0.13328755475605078,1.8324243506018023,1.0
1981-11,-0.21126770353994653,1.658869145872941,-0.09085176785913353,1.6801425814670148,-0.19312893538501436,0.12361695760901752,1.837280896541814,1.0
1981-12,-0.12899829106297353,1.6181133814635675,0.005705206167922396,1.5088043633320662,-0.24724554255542405,0.11394636046198427,1.8421374424818255,1.0
1982-01,-0.37580652849389246,1.0431313043948094,-0.4512048965093647,1.3530372641421833,-0.29472847235079014,0.104275763314951,1.8469939884218372,1.0
1982-02,-0.43750858785162217,1.773161114195128,-0.7420117942074507,1.22758284201584,-0.3015465196051626,0.09460992960090159,1.8505723481092895,1.0
1982-03,-0.21126770353994653,1.761080824097617,-0.363696663859226,1.3457712691606862,-0.2838443734360138,0.08494409588685216,1.8541507077967418,1.0
1982-04,-0.3038207925765411,0.8295387838771868,-0.39245303359116235,1.6965676148438351,0.4303993545339075,0.07527826217280274,1.8577290674841942,1.0
1982-05,-0.05701255514562219,0.5209259998037421,0.21683249545651592,1.6440557826914426,0.5659353194509018,0.06561242845875333,1.8613074271716463,1.0
1982-06,0.7039795102663777,1.125825951157848,1.1589048039421834,2.0272617259421697,0.7208459482188897,0.055946594744703905,1.8648857868590987,1.0
1982-07,1.7631981959074046,0.8681137264041685,1.234104335087572,1.0524436126247303,0.774722701727834,0.04628076103065449,1.868464146546551,1.0
1982-08,2.030573786457567,1.0169746856637072,1.5706174486459323,0.4398396832179174,0.85204517338427,0.03661492731660507,1.8720425062340034,1.0
1982-09,1.804332902145891,0.9139087786247744,1.8178873599251637,0.24250447906608977,0.9230165711264788,0.02694909360255565,1.8756208659214557,1.0
1982-10,1.8968859911824858,0.7866640022541542,1.408268697519652,-0.4880388300251525,1.0381747072200482,0.017283259888506233,1.8791992256089076,1.0
1982-11,2.267098347328864,0.8445242087350306,1.3233497279815218,-0.5781597516300303,1.3362868856707923,0.007617426174456812,1.88277758529636,1.0
1982-12,2.5036229082001613,1.4495852936897575,1.3554741111243085,-0.8099773460243958,2.194628271883484,-0.002048407539592607,1.8863559449838123,1.0
1983-01,2.616743350355999,0.31226902354626684,1.0162533678311934,-0.952185699821536,2.385201056141174,-0.011714241253642026,1.8899343046712647,1.0
1983-02,2.8224168815484316,-0.06057394717667277,0.7197891115206732,-1.0947741528643458,2.349429479356537,-0.021312379316979987,1.892550483985791,1.0
1983-03,2.75043114563108,-0.1070315076064892,0.4150702107517766,-1.2825990069115774,2.3441301414633653,-0.030910517380317946,1.8951666633003172,1.0
1983-04,2.9046862940254043,-0.054601282735614334,0.30061810467411315,-1.2486865218497099,2.3615937073693276,-0.04050865544365591,1.8977828426148433,1.0
1983-05,3.0075230596216205,0.36160239305176334,-0.5345122743647197,-1.1898355923002322,2.206336259484477,-0.05010679350699387,1.90039902192937,1.0
1983-06,2.102559522374918,0.42089514346145634,-1.1164727863375896,-0.6919827741598253,2.075383254971954,-0.05970493157033182,1.9030152012438961,1.0
1983-07,0.7142631868259993,0.13506620905404035,-1.215326329646542,-0.43231825272259344,1.8421954696667036,-0.06930306963366979,1.9056313805584224,1.0
1983-08,-0.10843093794373031,0.10248631939403512,-1.266102653307489,-0.11161304146407139,1.519898547281814,-0.07890120769700774,1.9082475598729487,1.0
1983-09,-0.43750858785162217,-0.2532436953489538,-1.287028051208436,-0.16933876192335623,1.3566770846489231,-0.08849934576034571,1.910863739187475,1.0
1983-10,-0.4786432940901087,-0.22178953358370443,-1.0508168575332306,0.25115119045302087,1.1466895244944653,-0.09809748382368366,1.9134799185020015,1.0
1983-11,-0.4169412347323789,-0.6589190371548321,-1.0125642921943703,0.5644523516043249,1.1363953728107332,-0.10769562188702161,1.9160960978165278,1.0
1983-12,-0.4477922644112438,-0.6568502552630485,-0.4975255767984319,1.1031747731071888,1.2798504197079392,-0.1172937599503596,1.9187122771310539,1.0
1984-01,-0.4889269706497303,-0.20735372881565314,-0.971663256465041,0.8417569337928741,1.2142265670794468,-0.12689189801369755,1.9213284564455801,1.0
1984-02,-0.5094943237689735,0.3005870277864837,-1.1624331077316297,0.6682321420496266,1.1122792104695893,-0.136446394731632,1.9236269261361536,1.0
1984-03,-0.09814726138410867,-0.03491870305415949,-1.3061816107008792,0.46804143672492393,0.9994030040911668,-0.14600089144956646,1.9259253958267275,1.0
1984-04,0.1383772994871886,0.14616235440098171,-1.1768781126872365,0.8780539760097111,0.9264085403124346,-0.1555553881675009,1.928223865517301,1.0
1984-05,-0.3963738816131357,0.1765857025841697,-1.0489006808678265,1.3920811006991323,0.8527364467354784,-0.16510988488543535,1.9305223352078746,1.0
1984-06,-0.6123310893651898,-0.3916707021408193,-0.6090494635869698,1.8274384184667438,0.8212674098629744,-0.17466438160336978,1.932820804898448,1.0
1984-07,-0.28325343945729786,-0.623012199132433,-0.27975232536471106,1.924393587939297,0.7275135525623544,-0.18421887832130426,1.9351192745890216,1.0
1984-08,-0.13928196762259518,-0.7549872399706267,0.2557811949708837,1.949823346079757,0.6439979993352503,-0.19377337503923872,1.9374177442795955,1.0
1984-09,-0.07757990826486545,-0.8949483269327977,0.6795015206089138,1.8953949313572394,0.6005137220485451,-0.20332787175717315,1.939716213970169,1.0
1984-10,-0.12899829106297353,-1.0155601379627455,0.9910004162419449,1.6546328840595699,0.5059474366462154,-0.21288236847510758,1.9420146836607426,1.0
1984-11,-0.5300616768882167,-0.9839713303120448,1.4282020058363525,1.0651878056651047,0.44358875911794393,-0.22243686519304207,1.944313153351316,1.0
1984-12,-0.22155138009956815,-1.0068191919564022,1.7255759704569735,0.6706485669106834,0.35059684877299135,-0.23199136191097652,1.94661162304189,1.0
1985-01,-0.19070035042070327,-1.035757020780432,1.6135001561561673,0.2763802653124411,0.2951117932382487,-0.24154585862891095,1.9489100927324634,1.0
1985-02,-0.5300616768882167,-1.0401251288090347,1.2798817998230756,-0.041631151971107595,0.22803135489314424,-0.25115204479518566,1.9514560385036563,1.0
1985-03,-0.55062903000746,-1.026287662606894,1.5907689252216972,-0.42626922932456174,0.15840402903393627,-0.2607582309614603,1.9540019842748497,1.0
1985-04,-0.7151678549614059,-0.9616642595190897,1.5713341631072548,-0.5953262216937358,0.09887984511667892,-0.27036441712773496,1.956547930046043,1.0
1985-05,-1.1985006532636222,-0.8312718596623476,1.3699580291682296,-0.7752446862471071,0.03781425806175669,-0.27997060329400963,1.959093875817236,1.0
1985-06,-0.6226147659248114,-0.904049064403543,1.1528932125678573,-0.7087682597936842,0.010319360781051801,-0.2895767894602843,1.961639821588429,1.0
1985-07,-0.03644520202637896,-0.8467671730372284,0.7080189830780218,-0.9340144465008748,-0.0181314038217385,-0.299182975626559,1.9641857673596224,1.0
1985-08,-0.43750858785162217,-1.0113221035354278,0.6203723218077527,-0.8996460909104058,-0.032036776587885105,-0.3087891617928336,1.9667317131308157,1.0
1985-09,-0.5094943237689735,-1.0736785996665361,0.4645325236857523,-1.0369375642550334,-0.06372069941989303,-0.3183953479591083,1.9692776589020087,1.0
1985-10,-0.015877848907135714,-0.9928469222038391,0.08338016868373162,-1.1503041554528486,-0.0790772914384778,-0.32800153412538297,1.9718236046732018,1.0
1985-11,0.004689504212107533,-1.0248220090341131,-0.28687781470508583,-1.0890708350964047,-0.10229498033709064,-0.33760772029165764,1.974369550444395,1.0
1985-12,-0.3655228519342708,-1.028539118396406,-0.4799019663319357,-1.0390291926162156,-0.003687292626748823,-0.34721390645793226,1.9769154962155884,1.0
1986-01,-0.3449554988150276,-1.0599932801616558,-0.3876945202372476,-1.316607461207739,0.12439347111150262,-0.356820092624207,1.9794614419867815,1.0
1986-02,-0.28325343945729786,-0.8423233858224234,-0.3968258686313669,-1.5146464317964088,0.1681261520195432,-0.3665558106004705,1.9820696643596496,1.0
1986-03,-0.3449554988150276,-0.9506652357944416,-0.6668689197611047,-1.4310517918322818,0.13822776096660064,-0.37629152857673404,1.9846778867325179,1.0
1986-04,-0.4786432940901087,-0.9635117776522487,-1.05407403277978,-1.260110163732124,0.11806604602244831,-0.38602724655299764,1.9872861091053862,1.0
1986-05,-0.2009840269803249,-0.9912576592935949,-1.2821191803602916,-0.8619208550869272,0.1117915579189734,-0.3957629645292612,1.9898943314782545,1.0
1986-06,0.07667524012945887,-1.0840110158927208,-1.4669205170179191,-0.29863177976375493,0.059079600006815204,-0.40549868250552473,1.9925025538511225,1.0
1986-07,0.48802230251432366,-1.0266849783344545,-1.504650808572051,-0.08847321843443372,0.052064585325858274,-0.4152344004817883,1.9951107762239908,1.0
1986-08,1.0639081898531346,-1.0768129792950734,-1.5332161043980974,-0.08121029321844693,0.04335522327828159,-0.4249701184580518,1.9977189985968589,1.0
1986-09,1.3929858397610262,-1.0897588500847706,-1.5532552495044873,-0.05754049536737161,0.010820533960677895,-0.4347058364343154,2.000327220969727,1.0
1986-10,0.6422774509086481,-0.8246499308696634,-1.476116512825772,0.045926247526381206,0.004294595175700914,-0.4444415544105789,2.0029354433425954,1.0
1986-11,0.724546863385621,-0.9661804149557003,-1.189796941835933,0.45612294903702927,-0.010490832236447915,-0.4541772723868425,2.005543665715464,1.0
1986-12,1.156461278889729,-1.0709194626695846,-1.1147273880731543,0.6326001708749961,-0.025787574535941226,-0.46391299036310607,2.008151888088332,1.0
1987-01,1.1256102492108644,-1.0746939620814142,-1.1997430207358648,0.6580797652845756,-0.04754767719072318,-0.4736487083393696,2.0107601104612,1.0
1987-02,1.2592980444859454,-1.0827939999796083,-0.9012622137147679,0.8004978141167166,-0.0857769126529459,-0.48361234069050907,2.013972157033279,1.0
1987-03,1.6809287834304318,-1.0110572263837203,-1.155071657222662,0.7419574938652388,-0.11172485841777224,-0.4935759730416485,2.017184203605358,1.0
1987-04,1.8557512849439994,-0.7598742234196277,-0.8668253725107559,1.2194449089516692,-0.1264925492110414,-0.503539605392788,2.0203962501774373,1.0
1987-05,2.081992169255675,-0.6728753229413441,-0.10384655779080536,1.714315147123358,-0.1276635753636904,-0.5135032377439275,2.0236082967495164,1.0
1987-06,2.1951126114115125,-0.8647721974245363,0.611515389597133,1.5113737446754905,-0.1315257923425077,-0.5234668700950669,2.026820343321595,1.0
1987-07,1.9997227567787017,-0.7295590334067199,1.0846225126822444,0.9240480876383714,-0.1502443377304826,-0.5334305024462064,2.030032389893674,1.0
1987-08,1.5678083412745938,-0.6228135412686527,1.4244689174200926,0.25548609688096385,-0.1615231901116069,-0.5433941347973458,2.033244436465753,1.0
1987-09,1.3621348100821615,-0.729629667313842,1.4521005771589206,-0.31993393149882515,-0.17673998119061177,-0.5533577671484853,2.036456483037832,1.0
1987-10,1.2798653976051886,-0.5156707334030239,1.3136138447132089,-0.5532009735656087,-0.182242244195171,-0.5633213994996247,2.0396685296099113,1.0
1987-11,0.9919224539357832,-0.48356762261609154,1.1770225939799455,-0.5054240009037784,-0.19815294637896125,-0.5732850318507643,2.0428805761819904,1.0
1987-12,0.8788020117799453,-0.6379777582038989,0.9317450840927607,-0.4317764302147792,-0.21513071084165958,-0.5832486642019037,2.0460926227540694,1.0
1988-01,0.7142631868259993,-0.36906122993299867,0.8863111463341932,-0.527340519064602,-0.2343311919995526,-0.5932122965530432,2.0493046693261485,1.0
1988-02,0.40575289003735077,-0.4127248583377244,0.38050185795840363,-0.6715473539147063,-0.24506275599196362,-0.603609119997219,2.0539109823259496,1.0
1988-03,0.24121406508340482,-0.1786145578554041,0.08771789093897776,-0.7441437731940245,-0.2641106567489814,-0.6140059434413947,2.058517295325751,1.0
1988-04,0.056107887010215636,0.020873254333801192,-0.3275396268387086,-0.7492167695664107,-0.27703023733349685,-0.6244027668855705,2.063123608325552,1.0
1988-05,-0.334671822255406,-0.09617154438648727,-0.7310882239078226,-0.7602337472147271,-0.2949773762357351,-0.6347995903297464,2.0677299213253533,1.0
1988-06,-1.1367985939058924,0.4366332608920691,-1.0176537658515385,-0.5856596584371948,-0.2980570444938785,-0.6451964137739221,2.072336234325155,1.0
1988-07,-1.7641028640428111,0.7207758107669474,-1.1542847730089865,-0.3257638054554355,-0.29840072559355496,-0.6555932372180979,2.076942547324956,1.0
1988-08,-1.7949538937216762,0.7287221253181687,-1.2103553463241281,-0.44457732999282495,-0.2860100146012239,-0.6659900606622737,2.0815488603247574,1.0
1988-09,-1.7846702171620543,0.6480714472424721,-1.3550393750073024,-0.664401446451086,-0.2806521913442592,-0.6763868841064495,2.0861551733245585,1.0
1988-10,-1.5687130094100004,0.9480404069318656,-1.2952223455580993,-0.5079061483624828,-0.2960042809903592,-0.6867837075506253,2.09076148632436,1.0
1988-11,-1.6818334515658382,0.6206323816351861,-0.966767560464917,-0.15707033860681674,-0.3080868750777931,-0.6971805309948012,2.095367799324161,1.0
1988-12,-1.527578303171514,1.4568694153617103,-0.9509687306114727,-0.15453937134103957,-0.3292911621232465,-0.707577354438977,2.099974112323962,1.0
1989-01,-1.0853802111077846,2.1617075160550043,-0.8220158586869079,-0.03722462910835276,-0.3460000348958778,-0.7179741778831528,2.1045804253237637,1.0
1989-02,-1.0648128579885412,1.9382647187932933,-1.217657112881973,-0.649040324732016,-0.35421056590709066,-0.7288895237202463,2.109658177451002,1.0
1989-03,-1.2087843298232437,1.6522163147458906,-1.3141089191360684,-0.7340997027037995,-0.37498771878711323,-0.7398048695573397,2.114735929578241,1.0
1989-04,-1.0545291814289193,1.4039116434970187,-1.4115188475475868,-0.43299002241411705,-0.38019141537386436,-0.7507202153944332,2.11981368170548,1.0
1989-05,-0.9928271220711897,1.4752121581174455,-1.152129888834076,0.36174839137111375,-0.38506195913599195,-0.7616355612315268,2.124891433832718,1.0
1989-06,-0.9516924158327031,2.5591578895015004,-1.2463441866843894,0.7688311698788729,-0.38775888025441363,-0.7725509070686202,2.1299691859599568,1.0
1989-07,-1.044245504869298,1.339992372170836,-0.9426824540552646,1.2695409574972847,-0.3918443284993103,-0.7834662529057137,2.1350469380871955,1.0
1989-08,-0.6123310893651898,2.0526443488394976,-0.3974568751268416,1.4784620482829436,-0.38866915537027624,-0.7943815987428072,2.140124690214434,1.0
1989-09,-0.4786432940901087,2.1734371592564456,-0.42577115407704963,1.5137593075564233,-0.38393998155632175,-0.8052969445799006,2.145202442341673,1.0
1989-10,-0.43750858785162217,1.741148818431638,-0.05847138727808891,1.5765432379168378,-0.38950307206793633,-0.8162122904169942,2.150280194468911,1.0
1989-11,-0.3038207925765411,2.206008219678061,0.635059993468964,1.5904677998009122,-0.39868172685966563,-0.8271276362540877,2.15535794659615,1.0
1989-12,-0.005594172347514097,1.7204221813105365,1.19086529938589,1.3179782712320012,-0.4056799372311968,-0.8380429820911811,2.1604356987233886,1.0
1990-01,0.20007935884491834,1.660162629297112,1.2668102780790993,0.8870205844494903,-0.41471015016645607,-0.8489583279282746,2.1655134508506273,1.0
1990-02,0.5291570087528102,1.058200922347303,1.2996642429626242,0.7156568378164296,-0.4114740585733468,-0.8602542064766928,2.169654916022975,1.0
1990-03,0.6936958337067561,1.3231064537494917,1.6402081708824021,0.31433343634758937,-0.3827794382002157,-0.8715500850251111,2.173796381195323,1.0
1990-04,0.24121406508340482,1.3154360528979665,1.510502825403725,-0.05443728769094479,-0.37220118226483917,-0.8828459635735293,2.177937846367671,1.0
1990-05,0.14866097604681025,1.4668023085507362,1.1884440656410449,-0.5889686483889247,-0.3610427797173119,-0.8941418421219476,2.182079311540019,1.0
1990-06,0.11780994636794537,1.1045452793277588,1.193770943260443,-0.9210282729425149,-0.358127766404435,-0.9054377206703659,2.186220776712367,1.0
1990-07,0.20007935884491834,1.3211860943996139,0.7724264058290894,-0.8236614054735087,-0.35588733582961557,-0.916733599218784,2.1903622418847144,1.0
1990-08,0.0869589166890805,2.1667401819374437,0.6668054833054764,-1.0583647297604022,-0.34070140191961035,-0.9280294777672021,2.1945037070570623,1.0
1990-09,0.2926324478815129,1.1646238319541835,0.43714170382017503,-1.1606912925626778,-0.3400967196513428,-0.9393253563156204,2.1986451722294102,1.0
1990-10,-0.005594172347514097,1.1970911488247145,0.47842753609892535,-1.2131165878429986,-0.35836732445558567,-0.9506212348640386,2.202786637401758,1.0
1990-11,0.1897956822852967,1.191173351793652,0.2274768010674785,-1.3083917330190544,-0.36230633189845,-0.9619171134124569,2.206928102574106,1.0
1990-12,0.3851855369181075,1.5602377238155094,-0.1105797918519148,-1.230673655514794,-0.37819770571551237,-0.9732129919608752,2.211069567746454,1.0
1991-01,0.26178141820264805,2.043969622121082,-0.12031745594785982,-1.1735404229968378,-0.3846079926496918,-0.9845088705092934,2.215211032918802,1.0
1991-02,0.14866097604681025,2.353809670330769,-0.08114661710909217,-1.3913332523496134,-0.38641608176969133,-0.9957914366142464,2.216454684121115,1.0
1991-03,0.2720650947622697,2.157270823763906,-0.18780611341719933,-1.1541021324734004,-0.3932759692532159,-1.0070740027191993,2.2176983353234285,1.0
1991-04,0.2720650947622697,1.5916058005064535,-0.6779690372796893,-1.0473757411678417,-0.3966701214076491,-1.0183565688241523,2.218941986525742,1.0
1991-05,0.42632024315659395,1.477397394619031,-1.1162028935808748,-0.5285398775314508,-0.3980225158579705,-1.0296391349291052,2.220185637728055,1.0
1991-06,1.0639081898531346,1.8637383788610014,-1.2235989811494712,0.0958929963872717,-0.37253021928431235,-1.0409217010340581,2.2214292889303686,1.0
1991-07,1.0022061304954049,1.9780152113459475,-1.2836152298400922,0.37897640717743586,0.6862889205209218,-1.052204267139011,2.2226729401326817,1.0
1991-08,0.44688759627583724,1.908617397598619,-1.0670767043250715,0.4829536878082362,2.0275444103577356,-1.0634868332439642,2.223916591334995,1.0
1991-09,0.6217100977894048,1.231476617735525,-1.0123996580077927,0.4252157082563061,3.3596920099642995,-1.0747693993489171,2.2251602425373087,1.0
1991-10,1.0639081898531346,1.5895728683670995,-0.3809089869987314,0.9530679865259241,4.735359087224268,-1.0860519654538698,2.2264038937396218,1.0
1991-11,1.1358939257704856,0.9401845920741443,-0.30506531969519124,1.076746746621223,5.207442392747273,-1.097334531558823,2.227647544941935,1.0
1991-12,1.3312837804032964,1.9381512000139893,0.2374595156165332,1.2795022312434332,5.168732176563841,-1.108617097663776,2.2288911961442484,1.0
1992-01,1.7940492255862697,1.808692492117016,-0.137760837581926,1.1893549371204823,5.230577128843741,-1.1198996637687288,2.230134847346562,1.0
1992-02,1.6912124599900533,2.133381644788368,-0.10568118751062415,1.2410110401096017,5.246731095577243,-1.1306560949992392,2.227778955544518,1.0
1992-03,1.8249002552651343,0.9670453425668691,-0.02461782557380212,1.2686871405512603,5.244458989220245,-1.1414125262297494,2.225423063742474,1.0
1992-04,2.092275845815297,0.7624122917057481,0.19543151385887045,1.3490057054721203,5.133530354551832,-1.1521689574602598,2.2230671719404302,1.0
1992-05,1.7940492255862697,0.11533286125184222,0.46412861601644445,1.3064700716222535,5.289271329954449,-1.1629253886907702,2.2207112801383864,1.0
1992-06,1.619226724072702,-0.04317404094903906,0.7118641613752305,1.3350308555396173,5.440698031989366,-1.1736818199212806,2.2183553883363425,1.0
1992-07,0.7039795102663777,0.28657593983065266,0.9531722768595687,1.0067946589073387,5.121661554939664,-1.1844382511517908,2.215999496534299,1.0
1992-08,0.04582421045059401,0.05321916917646542,1.4377600123032013,0.8231180418993257,4.889809928256683,-1.1951946823823012,2.2136436047322556,1.0
1992-09,0.4777386259547021,-0.09278332415423074,1.6096554853464238,0.37993303628930236,4.686022908148524,-1.2059511136128116,2.2112877129302118,1.0
1992-10,0.7553978930644859,0.21446313527832264,1.5561674729641402,0.1654078980996888,4.184699831353642,-1.216707544843322,2.208931821128168,1.0
1992-11,0.7039795102663777,0.40018312025217384,1.676246341933224,-0.1743801975942038,3.7965942316758317,-1.2274639760738322,2.206575929326124,1.0
1992-12,0.8170999524222156,0.24763899852967006,1.5813480739928278,-0.6573865124280557,3.5862171935621796,-1.2382204073043424,2.20422003752408,1.0
1993-01,0.8788020117799453,-0.11040869129075793,1.3465832688279689,-0.7829416357506005,3.109107239291651,-1.2489768385348528,2.2018641457220363,1.0
1993-02,0.9816387773761616,0.3408213615155797,1.4148206684492954,-0.9042226443037108,3.0170056162574386,-1.2588233800571198,2.1960964501238167,1.0
1993-03,0.858234658660702,0.2560488480963788,1.1668558346376492,-0.9965973217530458,2.7858187034758566,-1.2686699215793869,2.1903287545255967,1.0
1993-04,1.0741918664127559,-0.12042766955408947,0.6151341396547013,-1.1395823941929542,2.7634560105642647,-1.2785164631016537,2.1845610589273767,1.0
1993-05,1.5780920178342157,-0.1574906050067421,-0.2719100824229078,-1.2649134999765184,2.50254543516496,-1.2883630046239205,2.1787933633291567,1.0
1993-06,1.619226724072702,-0.2005552152551642,-0.8195404406295407,-1.01425474739551,2.260054747778802,-1.2982095461461876,2.173025667730937,1.0
1993-07,0.9919224539357832,-0.417003994392031,-1.0526009714360935,-0.7520815915532086,2.051455191747955,-1.3080560876684544,2.167257972132717,1.0
1993-08,0.6834121571471344,-0.5450720972425414,-1.1277879387783296,-0.7723830589119905,1.819986312204696,-1.3179026291907214,2.161490276534497,1.0
1993-09,0.6936958337067561,-0.71094920618968,-1.2432200301625729,-0.695847037747138,1.5988012152449005,-1.3277491707129885,2.155722580936277,1.0
1993-10,1.0536245132935127,-0.469184793278382,-1.254720341446313,-0.4563361735209407,1.4244771749354435,-1.3375957122352553,2.1499548853380577,1.0
1993-11,0.7862489227433507,-0.5897657019739637,-1.2170576565664128,-0.028713000580810465,1.2437808677261235,-1.3474422537575221,2.1441871897398377,1.0
1993-12,0.34405083067962106,-0.4315060184480094,-1.1725200881221904,0.15646483002593742,1.0669396828480688,-1.3572887952797892,2.1384194941416177,1.0
1994-01,0.056107887010215636,-0.23000072528663282,-1.2777579532265466,0.02555339727210906,0.9030162139356217,-1.3671353368020562,2.1326517985433977,1.0
1994-02,-0.14956564418221677,-0.5206939393871889,-1.4002922601970433,0.11555258643148077,0.6414986823425523,-1.3756970628445382,2.1221577168534114,1.0
1994-03,-0.17013299730146003,-0.6781728659754914,-1.4963956652147536,0.1173417784094265,0.4517122215218616,-1.38425878888702,2.1116636351634246,1.0
1994-04,0.07667524012945887,-0.8798944754774292,-1.5355154077459754,0.3913574739402299,0.2981580347915804,-1.3928205149295019,2.1011695534734383,1.0
1994-05,0.03554053389097239,-0.838953297061861,-1.24520165261623,1.1203189684860213,0.2025404681532945,-1.401382240971984,2.0906754717834515,1.0
1994-06,0.32348347756037776,-0.8783890903318922,-0.6378901419743205,1.8360417886668623,0.1415649740265791,-1.409943967014466,2.080181390093465,1.0
1994-07,1.0536245132935127,-0.8084924246155144,-0.09186993779770407,1.9915165682259817,0.09811598806359365,-1.4185056930569482,2.069687308403479,1.0
1994-08,0.9610714242569183,-0.9141784081467522,0.6061625439249062,1.9080929880347548,0.06242872843640003,-1.42706741909943,2.059193226713492,1.0
1994-09,1.1975959851282154,-0.8749677604556723,1.068788571995886,1.6584193533523655,0.03558731186513683,-1.4356291451419119,2.0486991450235057,1.0
1994-10,1.6295104006323236,-0.7270427004654999,1.3515053304489313,0.9223096729089665,0.01617762956148335,-1.4441908711843938,2.038205063333519,1.0
1994-11,1.105042896091621,-0.8907743044838091,1.6035381487452063,0.24055598957128455,-0.02658258436834084,-1.4527525972268756,2.0277109816435326,1.0
1994-12,1.0022061304954049,-0.8428602350495448,1.543722812559151,-0.3902639848766717,-0.06635313201120857,-1.4613143232693577,2.017216899953546,1.0
1995-01,0.9096530414588101,-0.8728575724804035,1.5068334542283257,-0.6548323644062154,-0.09467714800677401,-1.4698760493118397,2.0067228182635595,1.0
1995-02,0.6217100977894048,-0.8014873699426822,0.9989211498659439,-0.5163905050001242,-0.14471847137926042,-1.476802712673262,1.9916821531947124,1.0
1995-03,0.24121406508340482,-0.7872360331909983,0.9154294447976691,-0.48331741687099994,-0.17130416228908646,-1.4837293760346841,1.9766414881258652,1.0
1995-04,0.20007935884491834,-0.9099337517906418,0.9332797372282614,-0.755691684743608,-0.1980433886484967,-1.4906560393961068,1.9616008230570183,1.0
1995-05,0.21036303540453996,-0.9319251773111454,0.5037045915389966,-1.4086790446012725,-0.22699396207561465,-1.497582702757529,1.9465601579881715,1.0
1995-06,0.07667524012945887,-0.9121918295089471,0.09531003760824912,-1.4990161504074324,-0.24601903262063857,-1.5045093661189513,1.9315194929193247,1.0
1995-07,-0.23183505665918971,-0.9485462185807826,-0.2718559399840264,-1.3734514922256809,-0.24888695293646443,-1.511436029480374,1.9164788278504779,1.0
1995-08,-0.6534657956036761,-0.962452269045419,-0.4941061995216547,-1.2446693247785914,-0.2674249486399461,-1.5183626928417961,1.9014381627816306,1.0
1995-09,-0.9002740330345951,-1.021948091938088,-0.5492896049585716,-1.0386062376199245,-0.2837956204733496,-1.5252893562032184,1.8863974977127838,1.0
1995-10,-0.6946005018421627,-0.9254356870943151,-0.7065278768791561,-0.7640618779490482,-0.2985357512895903,-1.5322160195646406,1.871356832643937,1.0
1995-11,-0.7254515315210276,-1.0246167292415398,-0.7921551122596008,-0.4208515439538826,-0.3113328355075611,-1.5391426829260628,1.8563161675750899,1.0
1995-12,-0.8591393267961086,-1.0726411641556823,-0.7924192701465532,-0.1358059299118739,-0.3291266663527649,-1.5460693462874855,1.8412755025062428,1.0
1996-01,-0.8077209439980005,-1.0346975121736024,-1.0669115857529905,-0.18792155576887376,-0.35041499768460205,-1.5529960096489077,1.826234837437396,1.0
1996-02,-0.7563025611998925,-1.0825740573447085,-1.2114331913538543,-0.2033500477775721,-0.3713440942663606,-1.5581036476282173,1.8076169696171276,1.0
1996-03,-0.6123310893651898,-1.0788657772208052,-1.2934445946349122,-0.02372411334886134,-0.3867741340785113,-1.5632112856075269,1.7889991017968594,1.0
1996-04,-0.7151678549614059,-1.081273951991745,-1.4470414966175205,0.24076725207961414,-0.39706803563043847,-1.5683189235868369,1.7703812339765908,1.0
1996-05,-0.8077209439980005,-1.04396821248336,-1.45517348822501,0.6874289110463961,-0.40224103422297475,-1.5734265615661465,1.751763366156322,1.0
1996-06,-0.8694230033557303,-1.041791805220165,-0.9512680885640564,1.488826953570149,-0.390550396673527,-1.578534199545456,1.733145498336054,1.0
1996-07,-0.7871535908787572,-1.0058259026374998,-0.8831038554370646,1.6260538989294548,-0.4157498343823755,-1.5836418375247656,1.7145276305157855,1.0
1996-08,-0.5917637362459465,-0.9917211943090829,-0.5505915233931208,1.8265278706632968,-0.4142310340641547,-1.5887494755040752,1.6959097626955169,1.0
1996-09,-0.252402409778433,-1.0763472369699878,0.08697641080520756,1.9275497688103522,-0.4167843567874158,-1.593857113483385,1.6772918948752487,1.0
1996-10,-0.3141044691361627,-1.1047575188002001,0.6424603663319503,1.8924804849203325,-0.421315585386822,-1.5989647514626946,1.65867402705498,1.0
1996-11,-0.28325343945729786,-0.9358674322523903,1.22047212464096,1.7005984630923443,-0.4250349771051478,-1.6040723894420044,1.6400561592347116,1.0
1996-12,-0.4169412347323789,-0.9689417592622497,1.446536082204079,1.0772701865958825,-0.4339602483787023,-1.609180027421314,1.6214382914144434,1.0
1997-01,-0.6020474128055682,-1.0450939403781165,1.4476493981560077,0.7420531653798799,-0.4406804713581768,-1.6142876654006237,1.6028204235941748,1.0
1997-02,-0.6740331487229194,-1.0378523882484028,1.4791958778481005,0.3800216149898898,-0.44850329807208367,-1.6176305012016576,1.5829863198355205,1.0
1997-03,-0.24211873321881136,-1.0219171896037222,1.5770621129528308,0.1698014270446923,-0.453896276217238,-1.6209733370026922,1.5631522160768663,1.0
1997-04,0.22064671196416155,-0.975281152426446,1.567408914930563,-0.42681019903327944,-0.4564184916396948,-1.6243161728037265,1.5433181123182118,1.0
1997-05,0.7965325993029723,-0.9497381657634658,1.4742032374950893,-0.5894975028353975,-0.45706014793655,-1.6276590086047606,1.5234840085595578,1.0
1997-06,2.4727718785212964,-0.996424971061486,1.3289431652367272,-0.8580780150010826,-0.4616488841117853,-1.6310018444057948,1.5036499048009033,1.0
1997-07,2.3905024660443233,-1.0080773584270126,0.7997922325912962,-1.0057111156558274,-0.4625428551818316,-1.634344680206829,1.483815801042249,1.0
1997-08,2.3905024660443233,-0.8529255668144244,0.6651332322264026,-1.0759743734375542,-0.46070154401031516,-1.6376875160078637,1.4639816972835948,1.0
1997-09,2.328800406686594,-0.5201758522916466,0.4988021501135384,-1.1332405469109235,-0.4591660076004335,-1.6410303518088976,1.4441475935249404,1.0
1997-10,2.184828934851891,-0.7839912880825831,0.06957724872672943,-1.1765557629577614,-0.46100916065160286,-1.6443731876099317,1.4243134897662861,1.0
1997-11,2.267098347328864,-0.5168913756104755,-0.34618147048605624,-0.9619922692644417,-0.45931135691822705,-1.6477160234109662,1.4044793860076321,1.0
1997-12,2.236247317649999,-0.5513629295955914,-0.5271212845528659,-0.6029205299463972,-0.45867022362423626,-1.6510588592120006,1.3846452822489776,1.0
1998-01,2.4316371722828096,-0.6600287810835369,-0.6200297597956457,-0.529386804347479,-0.4613787872412046,-1.6544016950130347,1.3648111784903234,1.0
1998-02,2.5858923206771345,-0.6448882138939788,-0.8589728718377577,-0.5994000477110383,-0.46624419193170813,-1.6563393654750147,1.3462416712113896,1.0
1998-03,2.400786142603945,-0.2976768375478641,-1.0383873626701483,-0.3867377007799399,-0.4696144451291637,-1.6582770359369952,1.327672163932456,1.0
1998-04,2.75043114563108,-0.2781509768478363,-1.3442896547036214,0.030760929020042693,-0.4715451215727279,-1.6602147063989754,1.3091026566535224,1.0
1998-05,2.462488201961675,-0.27721507757847025,-1.2732105200840076,0.7037565955799095,-0.46808297904592244,-1.6621523768609556,1.2905331493745886,1.0
1998-06,0.4983059790739453,-0.21998836895209453,-0.8483028307864674,1.474203470230414,-0.4725337561612308,-1.6640900473229356,1.2719636420956548,1.0
1998-07,-1.5070109500522706,-0.09901897376734176,-0.44707985730808536,1.7384268335020026,-0.4702361818386618,-1.6660277177849159,1.2533941348167212,1.0
1998-08,-1.8052375702812977,0.3459084218131017,0.22338296231832272,1.8741864037503635,-0.4593963789925747,-1.6679653882468963,1.2348246275377874,1.0
1998-09,-1.3733231547771896,0.3547266236553595,0.6742871539948224,1.7771456439915831,-0.44425187600513205,-1.6699030587088763,1.2162551202588539,1.0
1998-10,-1.260202712621352,-0.12279169813307729,0.9685835049323931,1.7020024155843787,-0.44034270246479357,-1.6718407291708566,1.19768561297992,1.0
1998-11,-1.3116210954194598,0.299095799868021,1.5157564614949177,1.325658411187714,-0.4502075142753621,-1.6737783996328368,1.1791161057009862,1.0
1998-12,-1.260202712621352,0.47059934097934336,1.6693081584712224,0.6835747148072407,-0.46007932977646265,-1.6757160700948173,1.1605465984220527,1.0
1999-01,-1.24991903606173,0.31922204877858523,1.441982482635492,0.2588918800138925,-0.4674542613851474,-1.6776537405567973,1.1419770911431188,1.0
1999-02,-1.167649623584757,0.3296776013473199,1.58628491677663,-0.18998558346287522,-0.4784724309472502,-1.6785836207210805,1.1254455555001905,1.0
1999-03,-1.1162312407866493,0.04931223118878186,1.0911103244217162,-0.4452281649735611,-0.4868471848578851,-1.6795135008853637,1.1089140198572625,1.0
1999-04,-1.1265149173462705,-0.09298860394680376,1.2998198620668457,-0.6808352643965411,-0.48875093802356007,-1.6804433810496469,1.0923824842143344,1.0
1999-05,-1.3013374188598386,0.6034352325605861,0.9445644000656873,-0.79571777083665,-0.48114161017460366,-1.68137326121393,1.0758509485714058,1.0
1999-06,-1.2293516829424869,1.0803222638041208,0.5372599962824699,-1.2579495489174628,-0.4714587351430818,-1.6823031413782132,1.0593194129284775,1.0
1999-07,-1.147082270465514,0.9941290313289469,0.2794954082969584,-1.0880877899365808,-0.4696987168080972,-1.6832330215424964,1.0427878772855494,1.0
1999-08,-0.9928271220711897,1.0768369219495713,0.24673141317795427,-1.167281065349426,-0.46322607883677924,-1.6841629017067796,1.0262563416426214,1.0
1999-09,-1.1265149173462705,0.300874891403655,0.1824542885247108,-1.14449236327066,-0.45861705924610713,-1.6850927818710628,1.009724805999693,1.0
1999-10,-1.3013374188598386,0.8453342913573355,-0.23717937118456411,-1.1940063460682964,-0.4574556290590571,-1.686022662035346,0.9931932703567646,1.0
1999-11,-1.3013374188598386,1.330832037340957,-0.4772943476493967,-1.0052244567734612,-0.4570055282461025,-1.6869525421996292,0.9766617347138364,1.0
1999-12,-1.4041741844560542,0.8614917976114846,-0.6298871179253558,-0.9888237819814285,-0.4665270455243292,-1.6878824223639124,0.9601301990709084,1.0
2000-01,-1.2190680063828654,0.6267444219108343,-0.855649311774513,-1.074075335528198,-0.4704270551449132,-1.6888123025281958,0.9435986634279799,1.0
2000-02,-1.2293516829424869,0.9562082135840831,-0.8710576203757684,-1.1470721645660276,-0.47729426466853936,-1.6888188264657131,0.9269442695052366,1.0
2000-03,-1.342472125098325,1.7157868311556577,-0.9501858195241111,-1.2312203787426252,-0.48248131612064954,-1.6888253504032305,0.9102898755824932,1.0
2000-04,-0.8591393267961086,1.292307862934718,-1.1670363290574814,-1.0626386872228832,-0.4770537288294248,-1.688831874340748,0.8936354816597498,1.0
2000-05,-0.8899903564749735,1.3587324306541324,-1.4402546816295616,-0.7854668312097572,-0.47817043090194106,-1.6888383982782653,0.8769810877370064,1.0
2000-06,-1.147082270465514,1.2927868491173895,-1.6328348601056253,-0.33365783953870126,-0.47901114663683836,-1.6888449222157826,0.8603266938142633,1.0
2000-07,-0.5609127065670816,1.823658051188482,-1.458639918995345,0.16265833052889678,-0.4780647161055671,-1.6888514461533,0.8436722998915199,1.0
2000-08,-0.015877848907135714,0.9161227101511282,-1.519188682985427,0.17112746253779426,-0.4716692096871208,-1.6888579700908175,0.8270179059687766,1.0
2000-09,-0.29353711601691945,1.2584366971601388,-1.6047332958386373,0.06600341810859842,-0.46798933879393967,-1.688864494028335,0.8103635120460332,1.0
2000-10,-0.46835961753048705,0.9044681154760043,-1.495269543091886,0.3191818919781013,-0.46270123409272523,-1.6888710179658522,0.7937091181232898,1.0
2000-11,-0.8180046205576221,1.0742322966244489,-1.09161705699497,0.7143201531830636,-0.4571451472716426,-1.6888775419033697,0.7770547242005464,1.0
2000-12,-0.7460188846402708,0.9367831279843024,-0.8878412956714907,0.8618843763696766,-0.45959018566271775,-1.688884065840887,0.7604003302778031,1.0
2001-01,-0.7871535908787572,0.7958022639880588,-0.8556078819285862,0.8225762029201749,-0.46353874359267117,-1.6888905897784046,0.7437459363550597,1.0
2001-02,-0.8180046205576221,0.42220013642852905,-1.0455681167854678,0.6279978960353267,-0.4703904676836601,-1.6879499581976913,0.7272277830612587,1.0
2001-03,-0.7357352080806492,1.0999474534360385,-0.9533309934147493,0.6970337719225801,-0.4701193930251155,-1.6870093266169783,0.7107096297674574,1.0
2001-04,-0.49921064720935193,1.165513377722001,-0.8057526206526854,1.0172816225165664,-0.47733821964840406,-1.6860686950362656,0.6941914764736563,1.0
2001-05,-0.4580759409708654,0.5881385770494857,-0.3288030895144564,1.4661524677475286,-0.47582992486598125,-1.6851280634555523,0.6776733231798552,1.0
2001-06,-0.684316825282541,1.1635290063937935,-0.14801700086272282,1.4835750735360227,-0.4648643512006332,-1.6841874318748393,0.6611551698860542,1.0
2001-07,0.10752626980832375,0.2679021006352836,0.3752862727672763,1.4757680516471592,-0.44352130922132865,-1.6832468002941265,0.644637016592253,1.0
2001-08,0.45717127283545883,0.9144672279529569,0.556990683059617,1.5505482093064205,-0.43178705778084087,-1.6823061687134133,0.6281188632984518,1.0
2001-09,0.004689504212107533,2.333623824061071,0.7732470826647949,1.505852958704817,-0.4450779476598261,-1.6813655371327003,0.6116007100046508,1.0
2001-10,-0.1598493207418384,1.7251899700412698,1.093732582142607,1.155271816770396,-0.443014519445724,-1.680424905551987,0.5950825567108496,1.0
2001-11,-0.22155138009956815,1.756377047345214,1.4057876394746964,0.7864851648480289,-0.4550702357337787,-1.679484273971274,0.5785644034170484,1.0
2001-12,0.12809362292756699,2.169587611318298,1.670577833405479,0.24442486356627832,-0.4636161252773476,-1.6785436423905613,0.5620462501232473,1.0
2002-01,0.15894465260643184,2.0017879357116835,1.6641495432910802,0.027857153369363754,-0.46937045292329316,-1.677603010809848,0.5455280968294463,1.0
2002-02,-0.2009840269803249,1.5917817546143733,1.553162119004415,-0.34056347458368275,-0.47651073815990164,-1.6759100442036825,0.5306084427516892,1.0
2002-03,-0.13928196762259518,1.1472280250158025,1.6788902847720415,-0.6010976037477573,-0.4786377453309109,-1.6742170775975167,0.5156887886739322,1.0
2002-04,-0.3038207925765411,1.406717133995519,1.187117488123724,-0.8141953455968545,-0.48732436812351365,-1.672524110991351,0.5007691345961751,1.0
2002-05,-0.07757990826486545,1.2286777491658167,0.8009751861682382,-1.082179818386745,-0.4856584675648663,-1.6708311443851853,0.48584948051841803,1.0
2002-06,0.4160365665969724,0.633154448982152,0.21973918431071027,-1.108049123007274,-0.4817493167637828,-1.6691381777790197,0.47092982644066106,1.0
2002-07,0.5188733321931887,1.1623260226631225,0.30528532362504934,-1.110862240852392,-0.47937597524364056,-1.667445211172854,0.4560101723629039,1.0
2002-08,1.105042896091621,1.34641564309974,0.20541707571318105,-1.0954534136902476,-0.4794534933638468,-1.6657522445666881,0.4410905182851469,1.0
2002-09,0.9713551008165399,1.133968716263252,0.23384801810561365,-1.0223463779062196,-0.4843286986732441,-1.6640592779605226,0.42617086420738987,1.0
2002-10,0.9302203945780534,0.8901647492838068,-0.16238454449268402,-1.0158766682301996,-0.47436979182559325,-1.662366311354357,0.4112512101296329,1.0
2002-11,0.9302203945780534,0.8736739392804258,-0.49543579726491876,-0.6506272676344764,-0.4610087968235233,-1.6606733447481912,0.39633155605187587,1.0
2002-12,1.0022061304954049,0.6105206963687579,-0.561753113240749,-0.5640872640504787,-0.45262683456906166,-1.6589803781420254,0.3814119019741187,1.0
2003-01,0.9096530414588101,0.3460408603889559,-0.6847718688427256,-0.4897232439664782,-0.43628183535452375,-1.6572874115358598,0.3664922478963617,1.0
2003-02,0.7142631868259993,-0.022450557127362897,-0.8852132425720141,-0.5696526219756664,-0.43042834181763673,-1.6551853534501033,0.3546698985129324,1.0
2003-03,0.6114264212297832,0.17016243165526615,-1.1533377438541914,-0.501744387831365,-0.4254808938951872,-1.6530832953643473,0.3428475491295031,1.0
2003-04,-0.046728878586000576,0.09477397966015602,-1.26662544921357,-0.23078126931823947,-0.4424731887418139,-1.650981237278591,0.3310251997460738,1.0
2003-05,-0.5609127065670816,-0.0778288016307527,-1.2378454752029684,0.3321582262641796,-0.4501767935418923,-1.648879179192835,0.31920285036264445,1.0
2003-06,-0.03644520202637896,0.22375811599365383,-0.8447265453974482,0.9957664615911449,-0.44415077727751784,-1.6467771211070787,0.30738050097921515,1.0
2003-07,0.07667524012945887,0.19155126165563613,-0.32771996773732104,1.5108732839203085,-0.43638573101049977,-1.6446750630213227,0.29555815159578586,1.0
2003-08,0.11780994636794537,0.05394758134366059,0.12882001902261844,1.5979731898930143,-0.42501191950060424,-1.6425730049355662,0.2837358022123565,1.0
2003-09,0.2514977416430264,-0.18734888193295463,0.3732975363379119,1.4963544184699111,-0.42110611137000187,-1.64047094684981,0.2719134528289272,1.0
2003-10,0.35433450723924265,0.5652929227147254,0.5687926279720662,1.520188515670396,-0.41865918562076393,-1.638368888764054,0.2600911034454979,1.0
2003-11,0.3749018603584859,0.3112073076298402,0.9306168480803142,1.489096297114451,-0.4263591521400465,-1.6362668306782975,0.24826875406206858,1.0
2003-12,0.21036303540453996,-0.22808036593675413,1.4597707249858882,1.2507138705169674,-0.43923639223180044,-1.6341647725925414,0.23644640467863923,1.0
2004-01,0.26178141820264805,-0.24840968733029445,1.6038826365172283,0.7962215108574535,-0.44541123691997947,-1.6320627145067852,0.22462405529520993,1.0
2004-02,0.014973180771729148,-0.3721644027706737,1.3206262410994156,0.27995734014531753,-0.4563492278690441,-1.629796533867276,0.21506336697806464,1.0
2004-03,-0.37580652849389246,-0.23715240838273152,1.486358682881531,0.0352022847056987,-0.4633771811860812,-1.6275303532277665,0.20550267866091937,1.0
2004-04,-0.17013299730146003,-0.4225995242218492,1.292032811698746,-0.5976479617912451,-0.4645927535392242,-1.6252641725882575,0.19594199034377408,1.0
2004-05,-0.40665755817275734,-0.42005008163666613,1.1411140710476313,-0.7082157558267924,-0.4704692364628899,-1.6229979919487483,0.18638130202662878,1.0
2004-06,-0.334671822255406,-0.4525019473400132,0.8668575160156549,-0.7296357193887684,-0.4736650340961853,-1.620731811309239,0.17682061370948352,1.0
2004-07,0.539440685312432,-0.003265883425129777,0.7651403720891877,-0.7086348751616913,-0.4702121464461543,-1.6184656306697296,0.16725992539233822,1.0
2004-08,0.858234658660702,-0.20159265076601796,0.5478930253359204,-0.7235031817719144,-0.46557315651742653,-1.6161994500302204,0.15769923707519293,1.0
2004-09,0.6731284805875128,-0.378122235830988,0.12582194292286378,-0.7153890880618206,-0.4577480331387673,-1.613933269390711,0.14813854875804763,1.0
2004-10,0.4777386259547021,-0.3560160302114109,-0.17523157737444142,-0.8195433505999641,-0.4638103867325901,-1.6116670887512017,0.13857786044090234,1.0
2004-11,0.6422774509086481,-0.23381054165202347,-0.45035439162801866,-0.6439355617636121,-0.4580699072929237,-1.6094009081116927,0.12901717212375707,1.0
2004-12,0.560008038431675,-0.6120885635201937,-0.7037989877072531,-0.5886680305856504,-0.44993459773716465,-1.6071347274721834,0.11945648380661178,1.0
2005-01,0.15894465260643184,-0.4835543787585062,-0.9159901268618258,-0.6074432328293697,-0.44180508669142393,-1.604868546832674,0.1098957954894665,1.0
2005-02,0.6936958337067561,-0.5680549201022929,-1.0740092611115966,-0.8808244247667669,-0.4319493933221,-1.6025165450225685,0.10189873932442603,1.0
2005-03,0.9199367180184317,-0.6883044170282979,-1.2263925875561694,-1.0149353707210271,-0.39625149172357854,-1.6001645432124632,0.09390168315938556,1.0
2005-04,0.21036303540453996,-0.7372250196390505,-1.3941939956580303,-0.33607741099430716,-0.38989530147698215,-1.5978125414023576,0.08590462699434509,1.0
2005-05,0.26178141820264805,-0.42687066829313064,-1.4804217166457174,0.11496151014701543,-0.3881878562994974,-1.595460539592252,0.07790757082930462,1.0
2005-06,0.2720650947622697,-0.5317399472732707,-1.48825630062925,0.5475616051148394,-0.38731112158472136,-1.5931085377821468,0.06991051466426415,1.0
2005-07,0.06639156356983726,-0.4704429597489917,-1.2861363919080329,1.0234169594945246,-0.3733823501252066,-1.590756535972041,0.061913458499223695,1.0
2005-08,0.07667524012945887,-0.6106954115780405,-1.2325573873764228,1.1883541400896134,-0.3700078674263258,-1.5884045341619355,0.05391640233418322,1.0
2005-09,0.04582421045059401,-0.6256212390767505,-0.8981860135986486,1.5457045474698212,-0.36786137271380376,-1.5860525323518302,0.045919346169142755,1.0
2005-10,-0.6123310893651898,-0.9527842530081003,-0.23319733311048843,1.7963189774961175,-0.3688919157492237,-1.5837005305417247,0.037922290004102285,1.0
2005-11,-0.6534657956036761,-0.7838235325531683,0.48177102152622236,1.7633397187839486,-0.3793764632148526,-1.581348528731619,0.029925233839061812,1.0
2005-12,-0.6534657956036761,-0.7107527556354972,0.9153355002966067,1.6601810663627006,-0.3988436303550802,-1.5789965269215138,0.02192817767402135,1.0
2006-01,-0.5917637362459465,-0.85762713625723,1.022260020321805,1.5101283291650904,-0.3895720174890174,-1.576644525111408,0.013931121508980885,1.0
2006-02,-0.4272249112920005,-0.982206901618737,1.23919626025424,0.890704662486205,-0.3933526005424781,-1.5742302065007323,0.006860368942901002,1.0
2006-03,-0.5711963831267032,-0.9817883011200568,1.378919980798854,0.4456366645426728,-0.4014447509922966,-1.5718158878900566,-0.00021038362317888165,1.0
2006-04,-0.7974372674383788,-0.6753673754769909,1.0801181857304667,-0.01134382415962833,-0.39994050379725915,-1.5694015692793808,-0.007281136189258766,1.0
2006-05,-0.3655228519342708,-0.8182266599407599,1.1821368182704868,-0.40014123724865425,-0.3989452748248138,-1.5669872506687048,-0.014351888755338648,1.0
2006-06,-0.11871461450335191,-0.8945377673476513,1.1607462524844854,-0.8183851301306121,-0.37440450237554107,-1.564572932058029,-0.02142264132141853,1.0
2006-07,0.28234877132189123,-0.9082848915212632,0.9319131468016076,-0.9068921049405985,-0.3491471705235289,-1.5621586134473533,-0.028493393887498417,1.0
2006-08,0.6731284805875128,-0.8445157172477158,0.5965860203191102,-0.7547595451760086,-0.32412271138170506,-1.5597442948366775,-0.03556414645357829,1.0
2006-09,0.7348305399452426,-0.9011067207099938,0.6264296119706805,-0.9708914700243588,-0.3125363333163129,-1.5573299762260018,-0.04263489901965818,1.0
2006-10,0.858234658660702,-1.000329701739572,0.21305414466920122,-0.9832143442562672,-0.31677618110248273,-1.5549156576153258,-0.049705651585738066,1.0
2006-11,1.0947592195319993,-0.7821128676150584,-0.29447797694478073,-0.9916889249709882,-0.2731904412600839,-1.55250133900465,-0.05677640415181794,1.0
2006-12,0.724546863385621,-0.8346490433466164,-0.6241163275348389,-0.8999015504646203,-0.2513159601527829,-1.5500870203939743,-0.06384715671789783,1.0
2007-01,0.724546863385621,-0.8566338469383273,-0.7720864119647239,-0.8166575884605399,-0.24467186819896122,-1.5476727017832985,-0.07091790928397772,1.0
2007-02,0.4674549493950805,-0.9594061818007845,-0.9008841783389312,-0.9975280477730809,-0.24746925134585787,-1.5452218436863083,-0.07690901702472588,1.0
2007-03,-0.12899829106297353,-1.0476764926072633,-1.0712156688417023,-0.9383361361552823,-0.2860187919536438,-1.5427709855893181,-0.08290012476547405,1.0
2007-04,-0.2626860863380546,-1.019005748244539,-1.2845034344610038,-0.5816001020560014,-0.3014147683618435,-1.5403201274923282,-0.08889123250622222,1.0
2007-05,-0.35523917537464916,-0.9545059544941981,-1.4422612293993007,0.018044748297372886,-0.31505065821729367,-1.537869269395338,-0.09488234024697037,1.0
2007-06,-0.7871535908787572,-0.9557795721319913,-1.2120229500693098,0.889516654712351,-0.3315327069215597,-1.5354184112983478,-0.10087344798771855,1.0
2007-07,-0.7048841784017843,-0.9968200794794497,-0.9154214000969777,1.395884399367758,-0.3372146100404132,-1.5329675532013576,-0.1068645557284667,1.0
2007-08,-0.8591393267961086,-1.0605230344650705,-0.6253668834885462,1.6674514896830082,-0.3366821476459429,-1.5305166951043674,-0.11285566346921486,1.0
2007-09,-1.0236781517500546,-1.1246564148222158,-0.28435040375705983,1.8052406567489472,-0.33999998686068356,-1.5280658370073772,-0.11884677120996304,1.0
2007-10,-1.0956638876674059,-1.1376685048998398,0.0005658706266052557,1.828010142920604,-0.34712376339818096,-1.525614978910387,-0.1248378789507112,1.0
2007-11,-1.0853802111077846,-1.118224314654922,0.703347511103752,1.6765844167447688,-0.34757513760941405,-1.523164120813397,-0.13082898669145937,1.0
2007-12,-1.1573659470251356,-0.9533140073115152,1.2184327709857916,1.588474676684426,-0.3660326818287979,-1.5207132627164068,-0.13682009443220752,1.0
2008-01,-1.0236781517500546,-1.0385382308733595,1.2603335146177128,1.1940520666154946,-0.3805828261697311,-1.5182624046194166,-0.1428112021729557,1.0
2008-02,-1.2396353595021088,-1.0900521069313038,1.4533675746357486,0.8353460380276416,-0.3818271409411612,-1.5158019063354626,-0.14819803746847968,1.0
2008-03,-1.4967272734926493,-1.033638003566773,1.5475958245807213,0.3181982542123007,-0.3838515031152181,-1.513341408051509,-0.15358487276400362,1.0
2008-04,-1.0750965345481627,-1.0645094355982663,1.4108953324526494,-0.11911659695697437,-0.37980830440606306,-1.510880909767555,-0.1589717080595276,1.0
2008-05,-0.9516924158327031,-1.0803226015551959,1.185074417419681,-0.5044980724878261,-0.38379940748207275,-1.5084204114836015,-0.16435854335505154,1.0
2008-06,-0.7563025611998925,-1.1193875668128366,1.194493127528587,-0.8314249880825786,-0.3918418499205181,-1.5059599131996475,-0.1697453786505755,1.0
2008-07,-0.7357352080806492,-1.1232327001317888,0.8330131509865067,-1.0153546045108464,-0.3894769219247163,-1.5034994149156937,-0.17513221394609946,1.0
2008-08,-0.9722597689519464,-1.1200541743113002,0.5187589878870927,-1.093387227296455,-0.3701937608357379,-1.50103891663174,-0.18051904924162343,1.0
2008-09,-0.9825434455115681,-1.1228773232865812,0.40158806178642587,-1.177213459208724,-0.31438842289468705,-1.4985784183477862,-0.18590588453714743,1.0
2008-10,-1.044245504869298,-1.1231664808438617,-0.04122731280987406,-1.2162044854662906,-0.31335767520597235,-1.4961179200638324,-0.19129271983267138,1.0
2008-11,-0.9414087392730816,-1.1385470141196694,-0.3065910256630716,-1.0619451027958022,-0.3114153335246066,-1.4936574217798786,-0.19667955512819538,1.0
2008-12,-0.9722597689519464,-1.1397102662775842,-0.4113951787399403,-1.1467795661497977,-0.33114857268728454,-1.4911969234959248,-0.20206639042371932,1.0
2009-01,-0.9722597689519464,-1.1278018309987408,-0.4178499792153014,-1.3415990447683543,-0.346322955055763,-1.488736425211971,-0.20745322571924327,1.0
2009-02,-0.8077209439980005,-1.1140258541353891,-0.44282613558958983,-1.6798628973582594,-0.35704435460120065,-1.4861764013088175,-0.21306393565228457,1.0
2009-03,-0.9105577095942167,-1.1081347024844688,-0.5280592741729622,-1.3590430584518485,-0.32625460749253377,-1.483616377405664,-0.21867464558532593,1.0
2009-04,-0.7665862377595141,-1.0731311868863411,-0.8722605679194245,-1.2736832947351462,-0.3058544259814695,-1.481056353502511,-0.22428535551836723,1.0
2009-05,-0.6740331487229194,-1.0350948279011636,-1.1355032944194487,-1.0777131006045475,-0.3237751191301731,-1.4784963295993576,-0.2298960654514086,1.0
2009-06,0.014973180771729148,-1.062593490867583,-1.3103499560199188,-0.38565212879788785,-0.34081130073889954,-1.4759363056962043,-0.2355067753844499,1.0
2009-07,0.6422774509086481,-1.0695288576231208,-1.3151035057250937,0.08510550736010779,-0.24776918211896443,-1.4733762817930507,-0.2411174853174912,1.0
2009-08,0.6422774509086481,-1.0984666864471504,-1.1480695085614177,0.2447494576084385,-0.1983047536451674,-1.4708162578898973,-0.24672819525053255,1.0
2009-09,0.4983059790739453,-1.0539717395795083,-1.3748671087501727,-0.03119857424016243,-0.19153955241935441,-1.468256233986744,-0.2523389051835739,1.0
2009-10,0.6422774509086481,-1.040789686662872,-1.3538097670965037,0.04093492605956626,-0.23535600474271906,-1.4656962100835904,-0.2579496151166152,1.0
2009-11,1.1358939257704856,-1.037070369990981,-1.1416484706630108,0.507618108910898,-0.2627276097829551,-1.4631361861804373,-0.2635603250496565,1.0
2009-12,1.0433408367338912,-0.989072422792009,-1.2134161825011787,0.4361247108864644,-0.31095725123315615,-1.460576162277284,-0.26917103498269784,1.0
2010-01,1.022773483614648,-0.9043117342456529,-1.3002308372707596,0.4725921267860706,-0.3472872813806987,-1.4580161383741306,-0.27478174491573915,1.0
2010-02,1.382702163201405,-0.8187895238881379,-1.322045158313355,0.32826368158349295,-0.37819031545764586,-1.4553910462089747,-0.279404963185359,1.0
2010-03,1.4341205459995128,-0.8209416507457603,-1.2483168678850687,0.6486679375886082,-0.36778699261078396,-1.4527659540438191,-0.2840281814549788,1.0
2010-04,0.5702917149912967,-0.945926142088477,-1.2265060942677146,1.0113395423357632,-0.36456431717810933,-1.4501408618786633,-0.28865139972459863,1.0
2010-05,-0.05701255514562219,-0.9675511542157859,-0.5106599001465647,1.7023595689422404,-0.37342769219962463,-1.4475157697135077,-0.2932746179942185,1.0
2010-06,-1.260202712621352,-0.9804131472407761,0.6026642534372663,1.7484402439679947,-0.3802232503308279,-1.4448906775483519,-0.2978978362638383,1.0
2010-07,-2.432541840418217,-0.8233255451111267,1.3013028102248114,1.1720858729106702,-0.3775482271149461,-1.4422655853831958,-0.3025210545334582,1.0
2010-08,-2.3811234576201086,-0.8422642614582029,1.4196815542771375,0.08683616714475434,-0.3817774784082981,-1.4396404932180402,-0.307144272803078,1.0
2010-09,-2.257719338904649,-0.8335012423558844,1.3926607757486822,-0.5309156654230601,-0.38863863929010123,-1.4370154010528844,-0.3117674910726978,1.0
2010-10,-2.154882573308433,-0.8494821638422286,1.3322042187136676,-0.6261321534171551,-0.40165129164522506,-1.4343903088877288,-0.31639070934231767,1.0
2010-11,-2.0006274249141085,-0.8588875100374378,1.2727441102915895,-0.6478622467668251,-0.39300446254882676,-1.431765216722573,-0.3210139276119375,1.0
2010-12,-1.8463722765197843,-0.8400790249566173,0.6637396825896177,-0.6004169790939202,-0.3469011233527309,-1.4291401245574173,-0.3256371458815573,1.0
2011-01,-1.7538191874831897,-0.8577926844770473,0.3043611576319034,-0.7622924919252423,-0.33387830655063366,-1.4265150323922615,-0.33026036415117715,1.0
2011-02,-1.5687130094100004,-0.6209144666898936,0.4002569402645862,-0.9238574968968016,-0.3324714515846497,-1.4239700546378986,-0.33365594810247456,1.0
2011-03,-1.7332518343639465,-0.16053669225137665,0.10884735455783083,-1.1285534221394697,-0.3400309577259581,-1.4214250768835357,-0.337051532053772,1.0
2011-04,-1.6715497750062167,-0.18864898728591795,-0.21270674753243873,-1.1613260119769095,-0.3495214813996553,-1.4188800991291732,-0.34044711600506944,1.0
2011-05,-1.1985006532636222,-0.5046783316071685,-0.6467393651867033,-1.1804506017819518,-0.3590268538068504,-1.4163351213748103,-0.34384269995636685,1.0
2011-06,-0.9825434455115681,-0.4860994067244945,-0.9790949910405398,-1.0326818491664553,-0.31216989022240754,-1.4137901436204472,-0.3472382839076643,1.0
2011-07,-0.7048841784017843,-0.5196438906786343,-1.0731683264787089,-0.7262584807079902,-0.23650515573208314,-1.4112451658660847,-0.3506338678589617,1.0
2011-08,-0.7665862377595141,-0.37369658008787743,-1.1772214298868058,-0.8980101643254017,-0.17477712870125947,-1.4087001881117218,-0.3540294518102592,1.0
2011-09,-1.044245504869298,0.2743253715641871,-1.3290851396011936,-0.8014353262366707,-0.1534572580227734,-1.406155210357359,-0.35742503576155665,1.0
2011-10,-1.2704863891809735,0.2841920454652862,-1.3270297290742978,-0.6792310718624165,-0.16922656751913556,-1.403610232602996,-0.36082061971285406,1.0
2011-11,-1.1059475642270273,0.5613065215815297,-1.203567410306219,-0.10941267510460519,-0.1954309211230483,-1.401065254848633,-0.36421620366415147,1.0
2011-12,-1.147082270465514,0.294787131533581,-1.024246196246234,0.4658052769743935,-0.27830449970372767,-1.3985202770942704,-0.3676117876154489,1.0
2012-01,-1.033961828309676,0.1314506359332352,-1.2560879289421707,0.16497940571187142,-0.3110279248376152,-1.3959752993399075,-0.37100737156674635,1.0
2012-02,-0.632898442484433,-0.37464191750862613,-1.2124295290149054,0.06472802800709185,-0.3258584441923774,-1.3935342762942187,-0.373825255525517,1.0
2012-03,-0.5300616768882167,-0.17815102283991663,-1.2784979741298936,0.009315604397732796,-0.3472879408190929,-1.3910932532485296,-0.37664313948428757,1.0
2012-04,-0.32438814569578434,-0.1754426539637084,-1.120794032065376,0.2632745316326132,-0.3451184567197923,-1.388652230202841,-0.3794610234430582,1.0
2012-05,-0.2626860863380546,0.0354061807241451,-0.8740839830640736,1.085111129933927,-0.3601842136672601,-1.3862112071571522,-0.38227890740182885,1.0
2012-06,-0.22155138009956815,0.04489099006486669,-0.35359986503411367,1.4642475664715637,-0.3767697941994225,-1.3837701841114634,-0.38509679136059943,1.0
2012-07,0.4160365665969724,0.3702771197701792,0.02915076237351045,1.5447197481979271,-0.3822960016394693,-1.3813291610657747,-0.38791467531937,1.0
2012-08,0.04582421045059401,-0.0806762310116066,0.32342080149357416,1.544807364986609,-0.38661464094412396,-1.3788881380200857,-0.3907325592781407,1.0
2012-09,-0.23183505665918971,0.03763777072727965,0.48561046672605485,1.5216044924160528,-0.38918078860719035,-1.3764471149743969,-0.39355044323691135,1.0
2012-10,-0.12899829106297353,-0.0018090590907391452,0.5983034464458399,1.521430390398292,-0.39780863042568543,-1.3740060919287083,-0.39636832719568194,1.0
2012-11,0.03554053389097239,-0.08689863676713226,0.8634117860465035,1.525199860877044,-0.39825031771429964,-1.3715650688830192,-0.3991862111544526,1.0
2012-12,0.03554053389097239,-0.3599891874870213,1.4088763970775022,1.2129435548890757,-0.4122007596838046,-1.3691240458373304,-0.40200409511322316,1.0
2013-01,0.004689504212107533,0.010640167039506985,1.290097685085526,0.9061562158984136,-0.41587335401539405,-1.3666830227916416,-0.4048219790719938,1.0
2013-02,-0.015877848907135714,-0.4261186063802472,1.293013596086947,0.6585219886750605,-0.43689686398380445,-1.364273536219125,-0.40779400069727617,1.0
2013-03,-0.05701255514562219,-0.25377344965236837,1.5246061545932177,0.43069484218603427,-0.43509257231938564,-1.3618640496466086,-0.4107660223225585,1.0
2013-04,-0.29353711601691945,0.06849816621078526,1.429567782864802,0.021659864262254264,-0.4185557220106324,-1.359454563074092,-0.41373804394784086,1.0
2013-05,-0.632898442484433,0.24075219258527902,1.4351837501007765,-0.2142263443842612,-0.4213678856732621,-1.3570450765015754,-0.4167100655731232,1.0
2013-06,-1.1059475642270273,-0.18160104774090483,1.439732180166073,-0.6268720289167996,-0.42200567629677177,-1.3546355899290587,-0.41968208719840555,1.0
2013-07,-0.7460188846402708,-0.06657152268318979,1.133263095438809,-0.7994178107622485,-0.42353966643731517,-1.3522261033565424,-0.42265410882368787,1.0
2013-08,-0.3963738816131357,-0.08617243190953436,1.1071070506705434,-0.784527967069035,-0.4269782738352225,-1.3498166167840255,-0.42562613044897024,1.0
2013-09,-0.27296976289767627,-0.38674398711906244,1.1091559494304224,-0.8058669431367768,-0.4337584147515534,-1.3474071302115092,-0.42859815207425267,1.0
2013-10,-0.06729623170524382,0.18492933286295224,0.9077491641975279,-0.8570296594543265,-0.44311343520486074,-1.3449976436389925,-0.431570173699535,1.0
2013-11,-0.09814726138410867,0.4637301935117323,0.5638537648308065,-1.0998167744072718,-0.4435985544704752,-1.342588157066476,-0.43454219532481736,1.0
2013-12,-0.28325343945729786,0.4225241379444569,0.14394626207482147,-1.2301326187914445,-0.4428584599388377,-1.3401786704939593,-0.4375142169500997,1.0
2014-01,-0.4477922644112438,0.667535503273768,0.12996965881343236,-1.3804863893499801,-0.4516307642441823,-1.3377691839214427,-0.44048623857538205,1.0
2014-02,-0.3655228519342708,0.89559000094467,0.0195630472570699,-1.3569517084950482,-0.4638743522568319,-1.3353567744317638,-0.44323502899522854,1.0
2014-03,0.014973180771729148,0.5305940158410615,-0.2003185468586136,-1.2725629678407768,-0.4164507719169478,-1.3329443649420847,-0.4459838194150751,1.0
2014-04,-0.09814726138410867,0.4657829914374642,-0.7919943189605843,-1.205751901263219,-0.36875229672368354,-1.3305319554524055,-0.44873260983492164,1.0
2014-05,-0.10843093794373031,0.2167145910678355,-1.10031332033538,-0.5533135902611716,-0.354614619728723,-1.3281195459627266,-0.4514814002547682,1.0
2014-06,0.06639156356983726,0.07116680351423686,-1.2896159085125136,0.00427187173882598,-0.3614284147424153,-1.3257071364730475,-0.4542301906746147,1.0
2014-07,0.4983059790739453,0.39722836995640337,-1.3968086759508294,0.29307195042238654,-0.3578326790926379,-1.3232947269833684,-0.4569789810944613,1.0
2014-08,0.3029161244411345,0.11943845710330611,-1.3990971029646635,0.30883111052139467,-0.3521599171542839,-1.3208823174936895,-0.45972777151430777,1.0
2014-09,-0.02616152546675733,0.549605573404857,-1.4550057180076534,0.42901686946182377,-0.3501358051120318,-1.3184699080040103,-0.46247656193415426,1.0
2014-10,0.1897956822852967,0.6471399625923009,-1.3078301744468175,0.7002474924446603,-0.3630266432782602,-1.3160574985143314,-0.4652253523540008,1.0
2014-11,0.44688759627583724,0.5903878255294011,-0.873839048119292,1.3239341622726557,-0.3656532773595573,-1.3136450890246523,-0.4679741427738473,1.0
2014-12,0.42632024315659395,0.6451533839544957,-0.395965042717347,1.6951364463869303,-0.37199082141707507,-1.3112326795349731,-0.4707229331936939,1.0
2015-01,0.3029161244411345,0.3018328637689969,-0.28888379703619155,1.6531005162117443,-0.3755585423047246,-1.3088202700452942,-0.4734717236135404,1.0
2015-02,0.12809362292756699,0.07007197795384626,0.05050398984489442,1.730845886486315,-0.3950465613417633,-1.3064260909673515,-0.4759535390036962,1.0
2015-03,0.22064671196416155,0.051828564130001864,0.3059150255936553,1.5709994067250155,-0.41224332756911586,-1.3040319118894086,-0.47843535439385193,1.0
2015-04,0.3851855369181075,0.15197861519055586,0.6514405036693538,1.513077902030779,-0.39313509956865217,-1.3016377328114659,-0.4809171697840077,1.0
2015-05,1.0433408367338912,0.0007734931384073404,1.047624814438221,1.1533996110829752,-0.3471095741030772,-1.2992435537335232,-0.48339898517416346,1.0
2015-06,2.020290109897945,0.16956425075432757,1.2843919353264228,0.4435033865868431,-0.2973228849077892,-1.2968493746555803,-0.48588080056431926,1.0
2015-07,1.9071696677421073,-0.24595957367700122,1.4493085524410965,-0.29455478943275326,-0.2584503104438432,-1.2944551955776376,-0.48836261595447494,1.0
2015-08,2.0717084926960534,-0.27403655175798186,1.3554992653826405,-0.6359030165697961,-0.23661362197830893,-1.2920610164996948,-0.4908444313446307,1.0
2015-09,2.3699351129250803,-0.3996766140511746,1.4738229613614042,-0.7830292246629432,-0.20820378803447176,-1.289666837421752,-0.4933262467347865,1.0
2015-10,2.2773820238884857,-0.39395968219349065,1.1054928139383693,-0.7470732501005444,-0.23194366118430662,-1.2872726583438092,-0.4958080621249422,1.0
2015-11,2.0614248161364315,-0.3155803256936841,0.7458828988540289,-1.0983371722210142,-0.23286623823711017,-1.2848784792658665,-0.498289877515098,1.0
2015-12,2.05114113957681,-0.27403655175798186,0.3435390760288439,-0.9613418329627672,-0.2467078956108197,-1.2824843001879238,-0.5007716929052538,1.0
2016-01,2.0614248161364315,-0.45958299652899004,0.34456701618604985,-0.8756216839165835,-0.2751178659901867,-1.2800901211099809,-0.5032535082954095,1.0
2016-02,1.9277370208613505,-0.4416763877040837,0.5086515890247753,-0.7705960351348031,-0.3005264366270307,-1.2776828857467681,-0.5057782489470543,1.0
2016-03,1.4238368694398913,-0.655923185232073,0.5787684328333176,-0.3107012314252167,-0.3407094970943811,-1.2752756503835552,-0.5083029895986989,1.0
2016-04,1.4341205459995128,-0.5836757347942922,0.8761043346218778,0.3175944035502133,-0.34467338128218694,-1.2728684150203422,-0.5108277302503436,1.0
2016-05,1.3415674569629183,-0.5595079020105926,1.0023270005411071,0.39222102610490184,-0.34769601948885565,-1.2704611796571295,-0.5133524709019882,1.0
2016-06,0.4366039197162156,-0.7808127622620947,0.9638191408640027,0.22267890320970793,-0.35783192869722374,-1.2680539442939165,-0.5158772115536329,1.0
2016-07,-0.4786432940901087,-0.6930722057590305,0.9845840239982396,-0.1983758217242639,-0.3690932718520181,-1.2656467089307035,-0.5184019522052775,1.0
2016-08,-0.21126770353994653,-0.7281022090723296,1.1214116560957654,-0.6496591747710766,-0.3753955245858162,-1.2632394735674906,-0.5209266928569223,1.0
2016-09,-0.23183505665918971,-0.6950058089664946,1.0871888429066003,-0.7934586211977324,-0.3668090909506288,-1.2608322382042778,-0.5234514335085669,1.0
2016-10,-0.4889269706497303,-0.7591590551100177,1.1150780201345358,-0.8322179840368036,-0.3701693161366409,-1.2584250028410648,-0.5259761741602116,1.0
2016-11,-0.4272249112920005,-0.9375780971905002,1.1686116050456807,-0.9557866905344569,-0.3845543734864632,-1.2560177674778519,-0.5285009148118562,1.0
2016-12,-0.3141044691361627,-1.0213212160123808,1.1113287715534463,-1.0722645477357662,-0.40053108772744284,-1.2536105321146391,-0.5310256554635009,1.0
2017-01,-0.37580652849389246,-0.9784773367237145,0.9729441065621461,-1.1434919229340623,-0.41383014099896376,-1.2512032967514262,-0.5335503961151455,1.0
2017-02,-0.3655228519342708,-0.9753153657252078,0.9810723168286016,-1.201621731840372,-0.42032597301035524,-1.2487427767115176,-0.5361037638909701,1.0
2017-03,-0.5300616768882167,-0.9989390966931084,0.6173178495013079,-1.3298070946679195,-0.4307665654961194,-1.2462822566716092,-0.5386571316667946,1.0
2017-04,-0.12899829106297353,-0.8397280627306051,-0.04451048595511973,-1.4439880191325993,-0.4198817844036939,-1.2438217366317006,-0.5412104994426191,1.0
2017-05,0.26178141820264805,-0.9715905307793232,-0.828420256301841,-1.0879485351152056,-0.41962787788265465,-1.2413612165917918,-0.5437638672184437,1.0
2017-06,-0.18041667386108162,-0.9332672215464627,-1.2584507936314748,-0.5494466621928114,-0.44463889812478885,-1.2389006965518834,-0.5463172349942682,1.0
2017-07,-0.5814800596863249,-0.8698114852357687,-1.448673879480496,-0.20284543335728877,-0.4350037300502024,-1.2364401765119748,-0.5488706027700927,1.0
2017-08,-0.684316825282541,-0.876367194740526,-1.4603432383451458,-0.11293942219569995,-0.4441250137016323,-1.2339796564720662,-0.5514239705459172,1.0
2017-09,-0.6946005018421627,-0.5775857676146201,-1.5045861016524045,-0.10327507426431716,-0.38741556298281676,-1.2315191364321576,-0.5539773383217417,1.0
2017-10,-0.5403453534478383,-0.9569560681474913,-1.5354774570969407,0.1037812347430067,-0.38781343172709615,-1.229058616392249,-0.5565307060975663,1.0
2017-11,-0.5711963831267032,-1.0656042611586567,-1.3456993240834854,0.39897903151580294,-0.3967654443645,-1.2265980963523404,-0.5590840738733908,1.0
2017-12,-0.6946005018421627,-1.0920434155182466,-1.0364540306140861,0.8162740131324698,-0.4086903644579445,-1.2241375763124318,-0.5616374416492153,1.0
2018-01,-0.7460188846402708,-1.1255503752092282,-1.1645041401916576,0.7638997464425273,-0.418583122812876,-1.2216770562725232,-0.5641908094250397,1.0
2018-02,-0.6637494721632978,-1.0718701824462484,-1.3299989606687819,0.3328315881650221,-0.432033232955189,-1.219157292035798,-0.5666660563823732,1.0
2018-03,-0.7563025611998925,-1.1283315853021554,-1.389966021719484,0.4377462243733155,-0.4420930111379042,-1.2166375277990729,-0.5691413033397067,1.0
2018-04,-1.2910537423002166,-1.068341325059633,-1.161924530806964,0.9980443892999176,-0.42023940466666937,-1.214117763562348,-0.5716165502970401,1.0
2018-05,-0.9002740330345951,-1.0287377762601868,-0.7968077720308823,1.5122249911065409,-0.41162857181089485,-1.2115979993256227,-0.5740917972543734,1.0
2018-06,-0.46835961753048705,-0.9813711196061174,-0.10057408145201088,1.8903805193089194,-0.4082900398741279,-1.2090782350888976,-0.5765670442117069,1.0
2018-07,0.014973180771729148,-1.039134204464701,0.4157494087581564,1.828626360827,-0.3862059710537319,-1.2065584708521722,-0.5790422911690403,1.0
2018-08,0.539440685312432,-1.061979858799461,0.8669442591569619,1.6939046390172021,-0.3479710507777657,-1.204038706615447,-0.5815175381263737,1.0
2018-09,0.7039795102663777,-1.0994754269332359,1.2540770939482646,1.2629595934827835,-0.28534634670555387,-1.2015189423787218,-0.5839927850837071,1.0
2018-10,0.6011427446701616,-1.0963476692334915,1.4214373249716274,0.8562099063495067,-0.2756364574391229,-1.1989991781419966,-0.5864680320410406,1.0
2018-11,0.40575289003735077,-1.131156941587034,1.7510014039056168,0.4044706975540195,-0.27192204561763633,-1.1964794139052715,-0.5889432789983741,1.0
2018-12,0.2514977416430264,-1.1237624544352034,1.7252969881518705,-0.10956867015541118,-0.28837280510705815,-1.1939596496685463,-0.5914185259557074,1.0
2019-01,0.15894465260643184,-1.0942948713077592,1.33425319810826,-0.3557078175645154,-0.3102525617215131,-1.191439885431821,-0.5938937729130408,1.0
2019-02,0.5805753915509183,-1.102588837120596,1.0217692547676065,-0.4465444718785916,-0.32629312779045966,-1.1888701215758901,-0.5962523217711853,1.0
2019-03,0.8479509821010804,-1.0616487623598267,1.2027047443223426,-0.7592267887563782,-0.3426519752112767,-1.1863003577199593,-0.5986108706293297,1.0
2019-04,0.3749018603584859,-1.019005748244539,1.023294281452054,-0.8783112259418826,-0.3542525425717726,-1.1837305938640283,-0.6009694194874741,1.0
2019-05,0.3029161244411345,-1.0201292688296975,0.5623084220391168,-1.3297484999965703,-0.36089372390095764,-1.1811608300080974,-0.6033279683456185,1.0
2019-06,0.42632024315659395,-1.073199613483865,-0.028711935202475242,-1.3473918984619646,-0.3390734304382596,-1.1785910661521666,-0.605686517203763,1.0
2019-07,0.3749018603584859,-1.0922420733820273,-0.16850443283823555,-1.314114237548281,-0.20199260601684435,-1.1760213022962354,-0.6080450660619074,1.0
2019-08,0.3954692134777291,-1.1059494659828832,-0.24861393962629963,-1.2652399891850354,-0.025787028793821852,-1.1734515384403046,-0.6104036149200518,1.0
2019-09,0.2309303885237832,-1.1030336100045044,-0.0994186750310402,-1.1029289225829495,0.06337731919689378,-1.1708817745843736,-0.6127621637781963,1.0
2019-10,0.3851855369181075,-1.1398537414014258,-0.4798371670486474,-0.8937572387475687,0.02888032313205717,-1.1683120107284428,-0.6151207126363407,1.0
2019-11,0.5497243618720534,-1.1059075271005296,-0.6675648091182536,-0.7384179406471977,-6.22915558199041e-05,-1.1657422468725118,-0.6174792614944851,1.0
2019-12,0.4366039197162156,-1.1050223959519074,-0.8762556164889956,-0.6724057371918568,-0.011479307650165988,-1.1631724830165808,-0.6198378103526295,1.0
2020-01,0.32348347756037776,-1.0803888208431227,-0.9046371199916384,-0.4410025509902436,0.05076981214764095,-1.1606027191606498,-0.622196359210774,1.0
2020-02,0.3337671541199994,-1.0935459083270693,-0.8906936217164027,-0.31988131793737523,0.08533807303756595,-1.1579928510891309,-0.6244568678782083,1.0
2020-03,0.20007935884491834,-1.089527082577027,-0.8148049971840869,-0.1693934319088181,0.060855763212831274,-1.1553829830176119,-0.6267173765456426,1.0
2020-04,-0.08786358482448706,-1.077715768920476,-0.49946892059531467,0.06208964637799438,0.003863322465864775,-1.152773114946093,-0.6289778852130768,1.0
2020-05,-0.17013299730146003,-1.0644961917406808,0.3295765712951073,0.7635396288944729,-0.053335590716265285,-1.1501632468745737,-0.6312383938805112,1.0
2020-06,-0.632898442484433,-1.0443235893285676,0.6350794673922469,0.5240973905587735,-0.10086572720495732,-1.1475533788030547,-0.6334989025479455,1.0
2020-07,-0.9002740330345951,-1.042445168861043,0.6631110804440671,0.0008191364592997836,-0.14174567761949464,-1.1449435107315356,-0.6357594112153799,1.0
2020-08,-0.9208413861538383,-1.0090706477459153,0.5861925065876041,-0.5703637035181609,-0.1631427708078723,-1.1423336426600166,-0.6380199198828143,1.0
2020-09,-1.1162312407866493,-1.0488397447651783,0.6056239243756796,-0.9619895203307874,-0.19112333309631102,-1.1397237745884976,-0.6402804285502485,1.0
2020-10,-1.1367985939058924,-0.9930455800676197,0.48363251659356643,-1.2873102480231364,-0.21665997121716837,-1.1371139065169786,-0.6425409372176828,1.0
2020-11,-1.0956638876674059,-0.711086059384729,0.13329121742195552,-1.367005200561981,-0.23383033716949614,-1.1345040384454594,-0.6448014458851171,1.0
2020-12,-1.1059475642270273,-0.7875671296306325,-0.16213997395141647,-1.244294144765801,-0.26537445906192414,-1.1318941703739405,-0.6470619545525514,1.0
2021-01,-1.167649623584757,-1.0044352975910362,-0.19140734096114004,-1.012164398793145,-0.27817856970968186,-1.1292843023024215,-0.6493224632199858,1.0
2021-02,-0.9208413861538383,-1.0390987298461685,-0.21012619266444843,-1.0790933804415657,-0.31108468201803025,-1.1266236336483686,-0.6515983986185092,1.0
2021-03,-0.7460188846402708,-0.9894035192316433,-0.38935399183029185,-1.148047158985858,-0.32686361021924637,-1.1239629649943155,-0.6538743340170328,1.0
2021-04,-0.9105577095942167,-0.9693280384418229,-0.8149497873221393,-1.1201179242604427,-0.3242073241494631,-1.1213022963402623,-0.6561502694155563,1.0
2021-05,-1.033961828309676,-0.933814634326658,-1.0729986045275537,-0.791034010961531,-0.2516147084846308,-1.1186416276862094,-0.6584262048140799,1.0
2021-06,-1.013394475190433,-0.8314484444301524,-1.148411321850623,-0.25487693064277195,-0.19066718364153337,-1.1159809590321565,-0.6607021402126034,1.0
2021-07,-1.4144578610156762,-0.798956847154049,-1.047138591091541,0.3442362055974671,-0.17165716648330223,-1.1133202903781034,-0.662978075611127,1.0
2021-08,-1.260202712621352,-0.8803403520161365,-0.9981711024949654,0.34521146290838817,-0.17732292473112424,-1.1106596217240503,-0.6652540110096505,1.0
2021-09,-1.3527558016579464,-0.7042433996322887,-1.172270889872802,0.5214806777219867,-0.19433388850608455,-1.1079989530699974,-0.667529946408174,1.0
2021-10,-1.4350252141349196,-0.6988332838086659,-1.1278128695125325,0.6609663660695632,-0.20157920636141774,-1.1053382844159445,-0.6698058818066975,1.0
2021-11,-1.3630394782175679,-0.7856710506863273,-0.681645162740234,1.1830340289671866,-0.2250797261133967,-1.1026776157618914,-0.672081817205221,1.0
2021-12,-1.167649623584757,-0.4676617496560643,-0.23996859255393155,1.4117420008671453,-0.25277009002985773,-1.1000169471078383,-0.6743577526037446,1.0
2022-01,-0.9722597689519464,-0.4514380241139884,-0.21609626628127832,1.358322969903834,-0.26965207675060576,-1.0973562784537854,-0.6766336880022681,1.0
2022-02,-0.9414087392730816,-0.32883064754287394,0.06002452683975072,1.4011435321817476,-0.13249744070754504,-1.0946221535820317,-0.6788670132587039,1.0
2022-03,-1.2807700657405952,-0.07749770519111851,0.032042381386029134,1.4423819121488268,0.05927406611535252,-1.0918880287102783,-0.6811003385151396,1.0
2022-04,-1.5892803625292438,0.18872369806116027,0.3196789520821429,1.4784357859486084,0.07870230365106475,-1.0891539038385247,-0.6833336637715753,1.0
2022-05,-1.609847715648487,0.296839929459313,0.783242266041557,1.3002973887886096,0.05370008350060543,-1.086419778966771,-0.685566989028011,1.0
2022-06,-1.8875069827582707,-0.056311947673724584,1.1573105214046708,0.6852900039580634,0.051822639652935334,-1.0836856540950177,-0.6878003142844468,1.0
2022-07,-2.1651662498680544,0.14374093577245678,1.3035960327821645,0.15495304313289396,0.07391678196328477,-1.080951529223264,-0.6900336395408825,1.0
2022-08,-1.7332518343639465,-0.03246858940086657,1.2980109024560822,-0.34680288422309963,0.06737069619840086,-1.0782174043515105,-0.6922669647973183,1.0
2022-09,-1.7126844812447033,0.28725799849629907,1.3339400922456004,-0.7580456877525794,0.05175910617453809,-1.0754832794797569,-0.694500290053754,1.0
2022-10,-1.7126844812447033,0.2092318115321023,1.3767161106839962,-0.8145936929124102,0.026984824315937753,-1.0727491546080032,-0.6967336153101897,1.0
2022-11,-1.5070109500522706,-0.0371525003668919,1.250757624477296,-0.8335988334869089,0.01257054702347391,-1.0700150297362498,-0.6989669405666254,1.0
2022-12,-1.24991903606173,0.43649640769701986,0.9354559818259398,-0.8829741094488675,-0.09748580982413775,-1.0672809048644962,-0.7012002658230612,1.0
2023-01,-1.0750965345481627,1.111006074519821,0.7030257128363714,-0.950763153520015,-0.09748580982413775,-1.0645467799927428,-0.703433591079497,1.0
2023-02,-0.8694230033557303,1.051822585935207,0.47802461362552323,-0.97513772842843,-0.09748580982413775,-1.061740793708568,-0.7055337590247786,1.0
2023-03,-0.7151678549614059,0.6875999475156006,0.38302150518237543,-1.3368697378709888,-0.09748580982413775,-1.0589348074243936,-0.70763392697006,1.0
2023-04,-0.3141044691361627,0.49623282733582347,0.12069267340284565,-1.5420369655005624,-0.09748580982413775,-1.0561288211402189,-0.7097340949153416,1.0
2023-05,0.004689504212107533,0.7660035844209806,-0.4836074662651264,-1.2166646769769085,-0.09748580982413775,-1.0533228348560444,-0.7118342628606231,1.0
2023-06,0.508589655633567,0.9087083572129193,-1.0471447795348823,-0.9147968448543554,-0.09748580982413775,-1.0505168485718697,-0.7139344308059047,1.0
2023-07,0.5805753915509183,1.2382795459152087,-1.3182627894763084,-0.5009513472569104,-0.09748580982413775,-1.0477108622876952,-0.7160345987511862,1.0
2023-08,0.5908590681105399,0.7191203285687767,-1.3918803008799638,-0.33414070289539594,-0.09748580982413775,-1.0449048760035204,-0.7181347666964678,1.0
2023-09,0.7656815696241075,0.6876904472091006,-1.4323552169110951,-0.06887571134952938,-0.09748580982413775,-1.042098889719346,-0.7202349346417494,1.0
2023-10,0.560008038431675,0.39769190497189144,-1.3067755278350865,0.2098340528155222,-0.09748580982413775,-1.0392929034351712,-0.7223351025870309,1.0
2023-11,1.0022061304954049,0.6213166476104302,-0.9250740370716245,0.8065410864580256,-0.09748580982413775,-1.0364869171509967,-0.7244352705323125,1.0
2023-12,1.22844701480708,0.49357743388995723,-0.4468176845307173,1.3845068105905647,-0.09748580982413775,-1.033680930866822,-0.7265354384775939,1.0
2024-01,0.7862489227433507,0.741038912872561,-0.2273274209032488,1.5889624648358152,-0.09748580982413775,-1.0308749445826475,-0.7286356064228756,1.0
2024-02,0.7656815696241075,0.9562789997194533,-0.1313156953969115,1.5620554644628302,-0.09748580982413775,-1.0280100794116267,-0.7305808826057976,1.0
2024-03,0.8685183352203237,0.6393923059048606,0.22724882451104425,1.5643360022207136,-0.09748580982413775,-1.0251452142406061,-0.7325261587887195,1.0
2024-04,0.4160365665969724,0.8221487113445505,0.8029198883803387,1.372704366521025,-0.09748580982413775,-1.0222803490695853,-0.7344714349716416,1.0
2024-05,0.1897956822852967,1.4244219642775582,1.2260939603412637,0.6238343350711973,-0.09748580982413775,-1.0194154838985647,-0.7364167111545636,1.0
2024-06,-0.17013299730146003,1.4156810182712156,1.216068329009824,0.11233925905763359,-0.09748580982413775,-1.0165506187275442,-0.7383619873374856,1.0
2024-07,-0.6740331487229194,1.7886942671631103,1.0280796768821134,-0.45594853512848604,-0.09748580982413775,-1.0136857535565234,-0.7403072635204077,1.0
2024-08,-0.684316825282541,2.684310136373632,0.9230101475057682,-0.6127398110892012,-0.09748580982413775,-1.0108208883855028,-0.7422525397033297,1.0
2024-09,-0.6020474128055682,1.5561608229888138,0.8710676329350219,-0.8597872114839415,-0.09748580982413775,-1.0079560232144822,-0.7441978158862517,1.0
2024-10,-0.46835961753048705,2.007615233049246,0.6266714872934379,-1.1401495584037824,-0.09748580982413775,-1.0050911580434614,-0.7461430920691736,1.0
2024-11,-0.632898442484433,1.5293375967592475,0.3491126648289195,-1.2957163635346942,-0.09748580982413775,-1.0022262928724408,-0.7480883682520957,1.0
2024-12,-0.8694230033557303,1.4091915280543847,0.10276574056784579,-1.1594519619316044,-0.09748580982413775,-0.9993614277014201,-0.7500336444350176,1.0
2025-01,-0.9619760923923248,1.2594697180517977,0.04825761802436978,-1.2452896377209888,-0.09748580982413775,-0.9964965625303994,-0.7519789206179397,1.0
2025-02,-0.7871535908787572,1.1977911812970832,-0.1204222687688816,-1.1904153203247532,-0.09748580982413775,-0.993585675925105,-0.7537870060214203,1.0
2025-03,-0.632898442484433,0.8223561984467217,-0.18582848107306202,-1.2402180903759974,-0.09748580982413775,-0.9906747893198106,-0.755595091424901,1.0
2025-04,-0.32438814569578434,0.8434978097721644,-0.7783948880566889,-1.0484646916603209,-0.09748580982413775,-0.9877639027145161,-0.7574031768283817,1.0
2025-05,-0.3038207925765411,0.32332764463004915,-1.1351260545969373,-0.46926864132468993,-0.09748580982413775,-0.9848530161092216,-0.7592112622318622,1.0
