time,linear_pre,linear_post,enso,trop,solar,qboA,qboB,qboC
1975-01,-1.7,0.0,-1.251,-1.4370876483816204,67.5,275.3001760337283,363.6054544512584,4.77721815111218
1975-02,-1.6916666666666667,0.0,-0.905,-1.7283218880809699,65.14,324.2680322319124,310.70483582512264,-60.14383250969736
1975-03,-1.6833333333333333,0.0,-0.5379999999999999,-0.9657184628582769,64.47,369.6884243229923,245.23730611387623,-99.36926054150884
1975-04,-1.675,0.0,-0.6,-1.90890423128846,64.09,459.7961900878653,103.21762599619846,-9.392099416528106
1975-05,-1.6666666666666667,0.0,-0.879,0.06710176366976839,64.46,486.11404914906313,14.813530914612645,-19.809655388476962
1975-06,-1.6583333333333332,0.0,-0.9590000000000001,0.14232130378276509,64.71,481.29219937588874,-120.01858127145515,16.365798147467448
1975-07,-1.65,0.0,-0.841,1.7299429928814902,71.74,447.53745412419704,-196.7877097576764,90.78017193504964
1975-08,-1.6416666666666666,0.0,-1.15,-0.27966252770785616,83.42,389.034046320261,-221.6098368572535,115.69728114859657
1975-09,-1.6333333333333333,0.0,-1.5190000000000001,0.49444943503290517,72.41,369.7841670647958,-224.28284182140177,105.80937768497866
1975-10,-1.625,0.0,-1.73,0.4947396532796944,67.74,328.92508398570357,-241.0633023665099,82.4217348245437
1975-11,-1.6166666666666667,0.0,-1.874,2.7102097886515963,71.17,280.0600187673759,-276.109043413868,23.174780074557027
1975-12,-1.6083333333333334,0.0,-1.9869999999999999,3.8262147376182583,65.06,264.2535740803854,-288.1545792905777,9.886004570924287
1976-01,-1.6,0.0,-1.7730000000000001,3.9519396998894933,65.12,215.83956261862488,-277.1597074178235,13.265426207902923
1976-02,-1.5916666666666666,0.0,-1.757,5.282487851349771,61.96,219.70792562538318,-285.62871471719745,-2.4942551870223917
1976-03,-1.5833333333333333,0.0,-1.61,4.088818232975299,68.35,131.53018262019668,-309.7940947065303,-80.65454756158591
1976-04,-1.575,0.0,-1.392,3.321882816344967,69.16,-7.005196287820719,-297.5182370094005,-58.39593173691972
1976-05,-1.5666666666666667,0.0,-1.234,1.8031666922190652,65.0,-232.38935613990745,-240.69121901640466,-5.865721185199603
1976-06,-1.5583333333333333,0.0,-1.18,3.5773207520645087,65.53,-335.15864319235476,-113.08133444651321,9.947062077388916
1976-07,-1.55,0.0,-0.486,1.9792715885021153,62.77,-390.1776771663543,-71.95365585545383,43.257335138054216
1976-08,-1.5416666666666667,0.0,0.307,1.85299932707143,68.96,-386.6163325811219,-34.58038378715421,48.234627690800366
1976-09,-1.5333333333333332,0.0,0.615,-1.615272773060795,66.46,-354.20402288089093,-32.98882799026943,30.068723488087226
1976-10,-1.525,0.0,0.664,-2.9631771716262705,67.86,-362.9515110425013,46.376724622298404,16.575143873740846
1976-11,-1.5166666666666666,0.0,1.038,-2.240669802831036,64.14,-338.45105607487824,112.23454225699523,34.67426177708956
1976-12,-1.5083333333333333,0.0,0.946,-3.0832297357896152,66.89,-324.8308130347151,166.5226275077948,26.788047093213944
1977-01,-1.5,0.0,0.493,-3.8001893603612444,67.46,-294.2233944294222,218.67695052857476,53.61647651897057
1977-02,-1.4916666666666667,0.0,0.55,0.1943398225875086,72.28,-302.1460926475733,225.83279289818964,18.735279121842378
1977-03,-1.4833333333333334,0.0,0.521,-0.3381956587392949,68.21,-321.41162650807814,249.30207184858892,-14.466671021055479
1977-04,-1.475,0.0,0.273,1.2948226078477347,70.36,-239.609339521127,333.89253029859606,86.8585327163142
1977-05,-1.4666666666666666,0.0,0.139,1.8591156031088758,73.28,-73.26032319014877,375.062260513461,27.314636638458406
1977-06,-1.4583333333333333,0.0,0.545,1.3735480659185697,85.0,143.22625801075,389.44056926655065,-80.30557730683837
1977-07,-1.45,0.0,0.318,-3.188320530785461,75.33,292.3837998517054,319.9538889689885,-134.65758133574946
1977-08,-1.4416666666666667,0.0,0.451,-0.7366765939095359,77.71,355.00908738717504,285.25121354526937,-127.51216520187302
1977-09,-1.4333333333333333,0.0,0.866,-2.661522657207044,91.1,397.39530346137775,190.11622915840934,-140.7625826761028
1977-10,-1.425,0.0,0.695,-2.5379221555819385,86.66,454.3036110512401,124.14301427634179,-89.2077118659546
1977-11,-1.4166666666666667,0.0,0.8,-0.7190954822144988,82.48,489.8167478648676,2.604611998963163,19.8618171384749
1977-12,-1.4083333333333332,0.0,0.986,0.7609602436223071,89.01,516.2137089791654,-133.11828109820127,119.40277298339849
1978-01,-1.4,0.0,0.975,1.2406896066413253,95.48,485.4340873675194,-189.61434375810651,116.69033108833072
1978-02,-1.3916666666666666,0.0,0.86,0.36325189777150513,127.72,395.9236484134641,-226.44396926348753,97.9761621341858
1978-03,-1.3833333333333333,0.0,0.773,2.3059942641586133,126.25,338.3226669933212,-223.23075620298388,98.18847094695498
1978-04,-1.375,0.0,0.899,2.0713503128637,135.43,258.2760168654847,-250.2362516174331,48.68532795328037
1978-05,-1.3666666666666667,0.0,0.9359999999999999,1.37362962551218,134.75,45.13767988721487,-284.7537587088008,29.98051541612477
1978-06,-1.3583333333333334,0.0,0.191,2.0163488562108256,132.05,-126.30811518487069,-295.09628256714313,16.505822134827344
1978-07,-1.35,0.0,-0.381,0.6998274061414946,121.84,-206.65031390881515,-310.95703589075345,5.457881490295615
1978-08,-1.3416666666666666,0.0,-0.579,-1.8973476690946711,105.2,-232.93696063291267,-296.90954150182205,-0.042384895953954844
1978-09,-1.3333333333333333,0.0,-0.433,-1.8529347175561242,143.63,-230.80597304346952,-299.560293353179,-33.82078265673896
1978-10,-1.325,0.0,-0.2,-1.8718808166966596,141.44,-277.491126575095,-268.67093340766763,4.506033542731752
1978-11,-1.3166666666666667,0.0,-0.389,1.0423626851088414,133.44,-301.90152825736413,-268.2150413682293,-5.964853257117683
1978-12,-1.3083333333333333,0.0,-0.02,3.013390717938961,153.04,-319.63354307039344,-243.88262428527764,23.422327949925084
1979-01,-1.3,0.0,0.18600000000000003,0.5502037759811031,176.87,-353.44123406881573,-241.43612499096065,-9.398290446619447
1979-02,-1.2916666666666667,0.0,0.38799999999999996,1.3427658784957117,179.25,-364.34671018205563,-268.06147131992554,-35.033276587313445
1979-03,-1.2833333333333332,0.0,0.6,0.2583550178184595,165.56,-406.61730053468983,-172.7000369118486,-7.819758662595658
1979-04,-1.275,0.0,0.36200000000000004,0.2476928885020726,157.46,-403.5208366349194,-105.03282432259222,-13.935786663946763
1979-05,-1.2666666666666666,0.0,-0.01,1.5010832882431941,151.95,-426.72288842824634,14.033982493691909,-38.67189655018357
1979-06,-1.2583333333333333,0.0,0.292,1.0760942209297895,167.37,-342.46936046127627,165.85945818183322,-55.904983281219536
1979-07,-1.25,0.0,0.382,0.48709570920024703,154.24,-280.6964324981311,260.73612358060365,-57.2659764991668
1979-08,-1.2416666666666667,0.0,0.423,-0.788829245237153,159.25,-203.57175092940346,330.32248920617116,-43.78618128685401
1979-09,-1.2333333333333334,0.0,0.369,-0.6631201146689136,182.07,-104.4426222044756,396.12571380776524,-14.71023435512802
1979-10,-1.225,0.0,0.625,-5.846487101085458,194.83,61.024472188921756,454.60155116169096,23.187368070930006
1979-11,-1.2166666666666666,0.0,0.7859999999999999,-2.0293502679641477,204.16,265.9651122151635,467.14819757165776,24.16903478004583
1979-12,-1.2083333333333333,0.0,0.6779999999999999,-1.0666092587490112,177.5,332.6868733233407,369.36637510397094,-50.68483152651635
1980-01,-1.2,0.0,0.746,0.4451112151776613,179.62,408.10576720241045,210.67622030704806,-139.84724544875394
1980-02,-1.1916666666666667,0.0,0.9890000000000001,-0.506771405790218,175.59,379.62724019581213,175.6484472940031,-143.12060048825154
1980-03,-1.1833333333333333,0.0,0.672,-2.366204702538795,149.82,403.20690425485026,128.3153904452362,-121.96336104641986
1980-04,-1.175,0.0,0.585,-3.5255014068866046,188.46,441.07188836691836,61.78050834053495,-91.60208877426456
1980-05,-1.1666666666666667,0.0,0.6890000000000001,-1.8531065315166018,206.25,451.3010608205454,-45.263674881486814,8.732518594503444
1980-06,-1.1583333333333332,0.0,0.927,-1.9464517525300948,179.4,380.7047614190948,-229.77215619460264,45.59448155006907
1980-07,-1.15,0.0,0.966,0.2975588374667666,171.73,289.91485993352575,-280.01571432032887,32.16350406765639
1980-08,-1.1416666666666666,0.0,0.907,2.456263235033802,153.24,247.99474174090508,-300.8008063545381,5.513210097196438
1980-09,-1.1333333333333333,0.0,0.7490000000000001,2.0864399942223173,167.22,189.19192780630996,-297.0414749350348,-10.124489853347802
1980-10,-1.125,0.0,0.336,2.0533737578317783,182.55,140.0499211398427,-308.366442438632,-11.74226190542689
1980-11,-1.1166666666666667,0.0,0.281,2.901876497703796,192.04,62.28156894703464,-301.96812083652117,-0.5470269529788735
1980-12,-1.1083333333333334,0.0,0.201,3.015936957721209,198.28,9.306258696614144,-310.4225415187165,-4.787962614098813
1981-01,-1.1,0.0,0.251,2.8007358732677687,152.13,-36.83217650187655,-314.70096514669603,-58.8792825352774
1981-02,-1.0916666666666666,0.0,0.08900000000000001,1.4299417069349403,179.7,-59.84004194176409,-308.1750554595124,-81.1967209581077
1981-03,-1.0833333333333333,0.0,-0.262,0.9364570872493516,182.91,-131.9176581737834,-294.79646241990474,-72.59360650030051
1981-04,-1.075,0.0,-0.151,0.5115354888653485,202.27,-229.41007468037648,-268.9195844001487,-22.95824221536859
1981-05,-1.0666666666666667,0.0,0.456,-0.6578519584009825,179.03,-292.49751558973753,-82.47841195458821,63.900593301194995
1981-06,-1.0583333333333333,0.0,0.6709999999999999,0.13725169474118104,145.67,-307.5163113864658,41.44995932720107,58.12356089411323
1981-07,-1.05,0.0,0.18899999999999997,2.289364567509395,178.35,-313.30887445974605,102.54657643687453,57.35237251815115
1981-08,-1.0416666666666667,0.0,-0.019,1.453693612570163,203.35,-322.90913419521235,130.1908907373888,49.94180779618327
1981-09,-1.0333333333333332,0.0,-0.048,0.3546114106109286,199.7,-346.0967814873204,145.35656818843958,38.19456609809383
1981-10,-1.025,0.0,-0.08800000000000001,0.048836899520381394,200.54,-366.79160302515095,146.3306448867828,35.08366105798348
1981-11,-1.0166666666666666,0.0,0.187,0.6442837666518102,183.0,-396.09518095272654,159.45618108176393,-37.8225586102422
1981-12,-1.0083333333333333,0.0,0.11199999999999999,-0.7514706891644067,181.21,-356.8225426382865,212.1956576627486,-37.208075564614454
1982-01,-1.0,0.0,-0.038,-0.45560641414904524,156.04,-325.66522287952085,238.75043489021974,-2.590391377631803
1982-02,-0.9916666666666667,0.0,-0.141,0.7169788146145066,188.1,-251.0631833008643,307.9547800857941,98.24995760762197
1982-03,-0.9833333333333333,0.0,-0.27,1.4854385242260264,187.48,-241.63949400464344,350.96495300215133,119.31716994655322
1982-04,-0.975,0.0,-0.13699999999999998,-0.37487667250255186,146.66,-186.84223018248062,405.6322445787528,102.57265723946098
1982-05,-0.9666666666666667,0.0,0.10300000000000001,-0.26590740869916374,133.1,-20.10656325912343,433.727866478753,38.93789145201292
1982-06,-0.9583333333333334,0.0,0.013000000000000001,-0.8581416697766002,159.62,194.7514598128983,401.777559956777,-63.04240624668792
1982-07,-0.95,0.0,0.445,1.114156157882121,148.33,336.47980370855163,310.3088813146586,-142.52122963140863
1982-08,-0.9416666666666667,0.0,0.9440000000000001,3.3160315903680555,154.86,487.53641670072375,154.07944043976516,-94.20092981459887
1982-09,-0.9333333333333333,0.0,1.604,4.183106506888237,150.34,487.68827791906057,-8.324562385542214,9.115356115212528
1982-10,-0.9249999999999999,0.0,1.7990000000000002,4.024693044743358,144.78,445.761252406815,-110.28546469778776,111.89674782962938
1982-11,-0.9166666666666666,0.0,1.811,5.061668320490483,147.31,439.1194879994619,-146.10439830332325,181.502643099118
1982-12,-0.9083333333333333,0.0,2.024,5.278830404890769,173.85,429.75413022623763,-235.7323466338534,166.64031951781598
1983-01,-0.9,0.0,2.428,3.40596754689696,123.98,353.19988091110525,-257.5929800250031,137.87096806997837
1983-02,-0.8916666666666666,0.0,2.411,3.186492389850528,107.67,268.05397931974505,-306.92455720529495,60.50489771205835
1983-03,-0.8833333333333333,0.0,2.6830000000000003,2.3691423564991396,105.55,145.5172440280256,-330.9378964504466,4.858222020645909
1983-04,-0.875,0.0,2.91,1.7199151637062045,107.86,66.57397931896185,-344.35372726164604,-48.375922581033436
1983-05,-0.8666666666666667,0.0,3.012,1.4265462229491561,126.11,-162.88733396533925,-296.441491747575,4.831074375654273
1983-06,-0.8583333333333333,0.0,2.8080000000000003,0.5914183720042416,128.71,-348.6426729147314,-186.29694181006454,11.800561436499056
1983-07,-0.85,0.0,2.5380000000000003,0.8089245160420688,116.19,-422.38412077391354,-124.46742227574622,30.53759133540169
1983-08,-0.8416666666666667,0.0,2.24,1.5248045675612474,114.79,-445.9446717326438,-106.39308573808567,33.24582595467192
1983-09,-0.8333333333333334,0.0,1.7630000000000001,3.2706993559132655,99.18,-417.0372421949746,-27.203450338188166,89.51703592208334
1983-10,-0.825,0.0,1.178,3.0733968741907916,100.59,-417.5972004107841,-8.175881125205429,87.85264735577137
1983-11,-0.8166666666666667,0.0,0.49700000000000005,1.8592841841492458,81.41,-431.16016381672523,83.74691469408245,41.635485274597706
1983-12,-0.8083333333333333,0.0,0.038,3.106654538304582,81.48,-449.93107955786235,91.6098081598731,1.671134550128048
1984-01,-0.8,0.0,-0.132,5.068282368069589,101.19,-430.9972653924724,147.46578637925163,37.20467968843923
1984-02,-0.7916666666666666,0.0,-0.188,3.228552747403512,123.49,-418.1766315627175,154.60607480325658,47.86081503133065
1984-03,-0.7833333333333333,0.0,-0.33,0.42895698623050293,108.77,-446.1065075798656,117.05443295411551,-0.038444148961726356
1984-04,-0.775,0.0,-0.529,0.38118837825835783,116.73,-402.85241755946544,212.00969862055175,57.910983705101955
1984-05,-0.7666666666666666,0.0,0.139,0.8618471206180516,118.04,-358.180100662339,358.8879510600348,25.92087947035262
1984-06,-0.7583333333333333,0.0,0.373,1.0174830575431884,93.11,-220.19717874885612,474.1894913923414,12.320652795649675
1984-07,-0.75,0.0,0.18899999999999997,1.251493860174108,82.96,-82.2077499732228,502.58161488107214,-37.908237053240846
1984-08,-0.7416666666666667,0.0,-0.079,-0.6646629155354304,77.17,76.91400630515393,505.71600514333227,-65.93385364589311
1984-09,-0.7333333333333333,0.0,-0.084,0.12595409433238558,71.02,208.86219833424286,493.9484209788594,-90.94877863130877
1984-10,-0.725,0.0,-0.154,-1.649774218654997,65.75,277.78867366706794,437.56676276211005,-111.56510062783053
1984-11,-0.7166666666666667,0.0,-0.106,0.6128023063630934,67.13,439.8926044965506,283.3186004850026,-97.20093763182915
1984-12,-0.7083333333333334,0.0,0.001,-0.41052141870406444,66.13,547.1655988986512,193.4544666061447,-87.1665401559452
1985-01,-0.7,0.0,-0.35200000000000004,-1.1504676319303968,64.88,518.5240514337439,66.51561437752177,-41.45979213347791
1985-02,-0.6916666666666667,0.0,-0.603,-2.1041786584904543,64.7,399.965957208707,-17.14280219638819,10.355759085755581
1985-03,-0.6833333333333333,0.0,-0.561,-2.819584103993023,65.29,488.39547175884604,-99.97392231487974,125.07643906856217
1985-04,-0.675,0.0,-0.595,0.4585493615064564,68.14,477.26715472871643,-181.894154899957,149.1375259560699
1985-05,-0.6666666666666666,0.0,-0.7090000000000001,0.22855997337863698,73.83,456.811679051893,-208.34767066604383,146.73186515042624
1985-06,-0.6583333333333333,0.0,-0.47200000000000003,-0.6230261240092574,70.64,374.7082446258538,-183.55584974499442,88.97787831284273
1985-07,-0.65,0.0,-0.715,4.307674496262166,73.15,254.24595519246014,-236.5337054783361,12.37536200538973
1985-08,-0.6416666666666666,0.0,-0.133,4.731633567963613,65.94,218.01770856165794,-230.28014822169544,18.570691225349393
1985-09,-0.6333333333333333,0.0,-0.14300000000000002,4.474148340271299,63.2,172.7892760199473,-264.19880208645685,7.301887455334696
1985-10,-0.625,0.0,-0.36700000000000005,3.090156040201876,66.74,46.4877730296308,-293.9239447122384,-22.779283406247927
1985-11,-0.6166666666666667,0.0,-0.526,1.571599001789778,65.35,-92.36931843470231,-285.4295887521779,-3.245297434453147
1985-12,-0.6083333333333333,0.0,-0.139,0.8695249206841851,65.19,-170.28556276824273,-281.24213092818314,21.050173753208366
1986-01,-0.6,0.0,-0.059000000000000004,0.6363148800279816,63.83,-155.37283489757223,-348.4378232913623,-39.74685433761126
1986-02,-0.5916666666666667,0.0,-0.293,2.5442239794150794,73.39,-139.8264102417459,-386.65821876860167,-89.51815992763832
1986-03,-0.5833333333333334,0.0,-0.301,5.006549782980045,68.58,-247.70550767529366,-367.6370077033942,-83.82039436991371
1986-04,-0.575,0.0,-0.195,0.16787831316547397,68.04,-353.6221481627346,-327.9371600187842,-31.414629585169582
1986-05,-0.5666666666666667,0.0,0.027999999999999997,-0.3207453773135427,66.81,-426.1421672081476,-224.3018904975383,7.075169980409853
1986-06,-0.5583333333333333,0.0,-0.099,1.0157932702789907,62.76,-485.6498362621367,-88.8789297673285,-29.81703016700881
1986-07,-0.55,0.0,0.355,0.42667922267207814,65.26,-488.6187089866834,-42.31794017972691,-30.255757992590183
1986-08,-0.5416666666666666,0.0,0.306,-2.29683844939521,63.07,-516.4516915072192,-38.95333484121213,-55.2106093548882
1986-09,-0.5333333333333333,0.0,0.38299999999999995,-1.9896013333601559,62.5,-514.4395819347108,-36.34836727737456,-47.48493650635954
1986-10,-0.525,0.0,0.775,-0.6413481881780996,74.15,-502.0953530389382,-18.110608640934615,-31.8322124919091
1986-11,-0.5166666666666666,0.0,1.088,-0.9148361996432044,67.94,-436.93576529629723,91.35239927510555,30.813683921327094
1986-12,-0.5083333333333333,0.0,0.9790000000000001,0.26670104511563864,63.34,-400.6551917905947,142.42372341252425,64.22340783586647
1987-01,-0.5,0.0,0.873,0.606754755595361,63.18,-425.21777517621473,131.37103826779062,38.56908259254768
1987-02,-0.49166666666666664,0.0,1.19,-1.3095024605907355,62.8,-405.6954562196252,148.9128314000481,16.344553451741554
1987-03,-0.48333333333333334,0.0,1.25,-1.91426022771806,65.93,-375.4426211845529,204.00951162243067,5.096923669481866
1987-04,-0.475,0.0,1.205,-1.4987885654287965,76.94,-326.9889346728407,322.2378684136935,22.014868675235167
1987-05,-0.4666666666666667,0.0,1.722,-1.2058612480365696,80.76,-38.78201410223046,450.698960116657,63.42884075014952
1987-06,-0.4583333333333333,0.0,1.859,-4.554600133092194,72.38,190.11050866413504,395.35648512440775,-91.26530469984179
1987-07,-0.45,0.0,2.134,-3.14785780730071,78.31,329.65574087398613,282.6912591898713,-197.59995435552707
1987-08,-0.44166666666666665,0.0,1.964,-2.3428801323096735,83.0,433.12327088056753,43.830616211458924,-48.69116532031184
1987-09,-0.43333333333333335,0.0,1.859,-2.2208743840215988,78.33,438.08125753169196,-104.43984374058452,64.81230245539044
1987-10,-0.425,0.0,1.999,-1.1900056407967412,87.74,399.27836314204706,-154.54749233064388,137.3641279165584
1987-11,-0.4166666666666667,0.0,1.8940000000000001,-1.405970737234071,89.12,362.3052036522547,-139.1156445882709,125.90917146505667
1987-12,-0.4083333333333333,0.0,1.6469999999999998,-2.095359325152998,82.31,322.1267565461835,-98.23734996251572,149.9260172347915
1988-01,-0.4,0.0,1.271,-0.22931005992587927,94.11,278.98646779661925,-144.2964960263124,109.27940818210321
1988-02,-0.39166666666666666,0.0,1.2819999999999998,-0.35380827964297623,92.19,124.00250536212931,-167.77888225574247,57.763542510414986
1988-03,-0.3833333333333333,0.0,1.119,-2.732848254965745,102.45,-16.583001930785223,-197.6556226623693,42.33555460210893
1988-04,-0.375,0.0,0.706,-3.786265016737431,111.2,-131.95507067282878,-190.59613447911215,33.686887617195985
1988-05,-0.36666666666666664,0.0,0.491,-2.6239167823993625,106.06,-270.8459491059943,-209.43557214264362,53.80668929356254
1988-06,-0.35833333333333334,0.0,0.387,-0.16462303116576038,129.42,-330.3749621803187,-166.03763164923245,50.50183182840625
1988-07,-0.35,0.0,0.196,0.21679502063325629,141.88,-389.93624898167457,-116.60242717453059,66.09006128978096
1988-08,-0.3416666666666667,0.0,-0.622,-1.0245469303714856,142.24,-448.2763905257254,-166.10536272183282,14.898960679505223
1988-09,-0.3333333333333333,0.0,-1.145,-1.79568967496715,138.7,-463.737107005739,-181.48604354505002,-9.560908261506777
1988-10,-0.325,0.0,-1.3030000000000002,-1.9079686828793427,151.85,-461.5031303219794,-162.91057513915192,-9.490979093554362
1988-11,-0.31666666666666665,0.0,-1.506,-1.7374057995012464,137.49,-366.70759182723424,-106.93242779341965,110.81590522700007
1988-12,-0.30833333333333335,0.0,-1.3259999999999998,1.1818165605066753,174.15,-338.92282917097424,-105.59664953424686,166.92409200129484
1989-01,-0.3,0.0,-1.4680000000000002,3.1778193690789465,205.06,-417.3988950791358,-145.71979319795827,79.95064535774985
1989-02,-0.2916666666666667,0.0,-1.328,2.3251729538831825,195.26,-425.86515037867554,-198.01521685307165,-15.493714530440107
1989-03,-0.2833333333333333,0.0,-1.12,1.753424486281375,182.72,-444.68294106068186,-223.33666130824324,-19.253930321478585
1989-04,-0.275,0.0,-1.262,1.1995910041546551,171.84,-490.388333577193,-139.43470287534785,-24.19098775258518
1989-05,-0.26666666666666666,0.0,-1.054,0.5794167190632322,174.95,-493.533830977661,6.65048941876438,-27.839192830267926
1989-06,-0.2583333333333333,0.0,-0.763,0.5889417327864379,222.49,-409.03085606919,226.19000447468122,18.44313427963371
1989-07,-0.25,0.0,-0.402,0.7938552255983637,169.04,-359.1765002864642,335.808028690753,71.40663147597387
1989-08,-0.24166666666666667,0.0,-0.253,2.292813929958612,200.27,-170.72217036358143,376.1209205451655,97.02702614089439
1989-09,-0.23333333333333334,0.0,-0.45899999999999996,3.111763985644629,205.58,-152.68987589425822,406.52602806918435,72.50267155141425
1989-10,-0.225,0.0,-0.49700000000000005,2.351313641169881,186.63,-4.437750983137172,425.66438298541647,46.880806363203526
1989-11,-0.21666666666666667,0.0,-0.311,-0.1578457492433074,207.01,148.4842775978616,425.4225337058466,43.496657648272695
1989-12,-0.20833333333333334,0.0,-0.341,1.510613176813692,185.7,390.97473443675403,403.2603727937542,-13.450556760275955
1990-01,-0.2,0.0,-0.073,0.7304583413260417,183.07,416.2649031997,281.3512200793223,-119.38340765114353
1990-02,-0.19166666666666665,0.0,0.115,-0.7231598785945152,156.68,450.259059091059,263.3731348413521,-109.08519338126379
1990-03,-0.18333333333333332,0.0,0.237,-0.8162742359928359,168.3,524.7640505644273,80.45853136859674,-48.06692184400172
1990-04,-0.175,0.0,0.563,-0.08165881923898155,167.95,480.524410347561,-40.97203856574933,20.320541448855252
1990-05,-0.16666666666666666,0.0,0.956,-0.44187965847198996,174.6,363.21479253718906,-155.0161045770689,48.32007059242885
1990-06,-0.15833333333333333,0.0,0.469,-0.803604956282399,158.71,365.8182468262703,-247.2029116587486,76.19006110986575
1990-07,-0.15,0.0,0.6579999999999999,1.2080681412308252,167.95,275.951247556587,-219.5623593804343,39.995803780205165
1990-08,-0.14166666666666666,0.0,0.484,0.504897375613595,205.28,268.8904676515473,-256.93143149432393,-13.720308499750232
1990-09,-0.13333333333333333,0.0,0.12,0.4085465675390907,161.35,300.3047576393489,-253.70370642230094,28.26661438534549
1990-10,-0.125,0.0,0.131,1.1686284425625928,162.76,230.80639553797448,-267.78038253152187,-53.32898833888123
1990-11,-0.11666666666666667,0.0,0.37799999999999995,1.8203719055147047,162.24,100.42833781081795,-334.3150416855808,-107.46605561733242
1990-12,-0.10833333333333334,0.0,0.285,1.9755434815882182,178.69,-19.61149273129102,-329.761308899142,-118.88788128670835
1991-01,-0.1,0.0,0.389,0.3906668844677199,199.89,-58.447594839971146,-296.15446631211796,-127.20264670265725
1991-02,-0.09166666666666666,0.0,0.348,-0.38774345564462465,213.49,-53.89773336222242,-342.32856162057453,-134.18658358855538
1991-03,-0.08333333333333333,0.0,0.313,-0.30078831349732127,204.86,-95.20662855120122,-286.64133439129074,-165.8565317603368
1991-04,-0.075,0.0,0.314,-0.04779287292844003,180.06,-237.874104808709,-264.6866501239719,-68.41107584109277
1991-05,-0.06666666666666667,0.0,0.402,-1.1779444280755627,175.05,-339.852303167582,-147.70354909940522,-22.089609041367936
1991-06,-0.058333333333333334,0.0,0.45399999999999996,-3.4375398426496275,191.99,-415.46759176250134,6.864503306164087,-64.61356665026749
1991-07,-0.05,0.0,0.748,-0.28591336144341994,197.01,-436.77617447354385,88.15980056789124,-132.6584719355374
1991-08,-0.041666666666666664,0.0,1.1,1.8296659894995315,193.97,-405.1261570635397,104.42258877018934,-142.12793885045005
1991-09,-0.03333333333333333,0.0,1.023,1.2969956712830282,164.29,-377.6790455844755,108.41439377586954,-111.53152495110311
1991-10,-0.025,0.0,1.024,4.034484754501975,179.98,-322.1225488015316,141.27964218724227,-23.23581187264112
1991-11,-0.016666666666666666,0.0,0.76,2.4165294210052224,151.49,-180.54995590610068,269.399779065951,152.64240733832736
1991-12,-0.008333333333333333,0.0,1.0090000000000001,2.183043462514732,195.25,-10.030633446927757,346.6110099932836,225.71049867017794
1992-01,0.0,0.0,1.189,1.6173794468874547,189.57,-33.75807620416743,328.3406322001237,205.14455912108497
1992-02,0.0,0.008333333333333333,1.32,2.485473985772913,203.82,-33.45930341708813,334.1494572430408,217.28736398504242
1992-03,0.0,0.016666666666666666,1.743,1.7532163556921319,152.69,-9.572924756182147,347.80700841337034,210.71369804685887
1992-04,0.0,0.025,1.87,-0.47265414510454207,143.71,53.20473509645037,373.49260166993713,160.42340801837912
1992-05,0.0,0.03333333333333333,1.9909999999999999,-0.14870841162547777,115.34,178.63458358098185,371.2433666090299,-13.704470286630361
1992-06,0.0,0.041666666666666664,2.258,-1.0297852624697725,108.4,234.1141179679992,383.1632233724221,-146.83936833929167
1992-07,0.0,0.05,2.112,1.700452310067618,122.85,298.68662971198495,298.3742205176748,-181.86344807553684
1992-08,0.0,0.058333333333333334,1.7480000000000002,3.375082574220855,112.61,457.7947848593036,258.4908878478739,-150.77907318013612
1992-09,0.0,0.06666666666666667,1.018,3.9604679351843544,106.21,487.91389921018674,121.94884679333519,-67.94993805973374
1992-10,0.0,0.075,0.57,2.829716467691,117.66,490.87531279532436,44.62027849784001,-24.201015285706646
1992-11,0.0,0.08333333333333333,0.49700000000000005,4.294608040644306,127.82,528.9760888845356,-65.4743359311784,84.19481297656456
1992-12,0.0,0.09166666666666666,0.6409999999999999,3.582580372395199,121.27,487.8567712430323,-193.1921034420312,127.92971714782715
1993-01,0.0,0.1,0.5820000000000001,4.289601690302462,105.43,441.3110032324768,-203.82228981943314,130.48764207841865
1993-02,0.0,0.10833333333333334,0.648,5.684895356243885,125.22,480.82072160607356,-228.431581466053,124.8325415267934
1993-03,0.0,0.11666666666666667,0.687,5.175971208552184,121.51,429.1066238722967,-244.91694562461657,73.20325699281909
1993-04,0.0,0.125,0.9740000000000001,4.267854782134762,105.0,234.04827034590508,-280.94619570544273,-24.772380309377986
1993-05,0.0,0.13333333333333333,0.99,2.0713379496619666,103.39,-104.2627462250741,-313.18072669954864,-59.32461810142682
1993-06,0.0,0.14166666666666666,1.4169999999999998,0.1293581324242865,101.49,-308.75036741408854,-256.2786292673636,-12.127613537651392
1993-07,0.0,0.15,2.019,0.12760522630480864,92.0,-356.4204073296695,-203.95723912080524,-17.344860403926578
1993-08,0.0,0.15833333333333333,1.591,-0.2834127459933171,86.39,-370.8051232202641,-193.8022705500088,-25.211573096559842
1993-09,0.0,0.16666666666666666,1.17,1.1843567739170453,79.1,-418.290517460873,-184.4504734518447,-10.945052509784475
1993-10,0.0,0.175,1.042,0.42499413032142286,89.72,-436.2900350136899,-134.7135711014709,-14.904704754629195
1993-11,0.0,0.18333333333333332,0.992,0.11354327598569114,84.43,-474.0436369308655,-40.61824630898577,-24.815651551123697
1993-12,0.0,0.19166666666666665,1.069,-1.1801277087442656,91.36,-433.7699268546238,14.526500527423913,5.784395002800186
1994-01,0.0,0.2,0.8340000000000001,-0.12347656482111802,100.2,-471.47426233217936,10.25062009049023,-52.87098962522968
1994-02,0.0,0.20833333333333334,0.589,0.21265005157107453,87.45,-471.5340450252046,19.95186377554286,-55.64069847061262
1994-03,0.0,0.21666666666666667,0.353,0.7581472051206646,80.55,-500.8603954923043,59.62450995704109,-71.4385610265273
1994-04,0.0,0.225,0.182,-0.23763130001290733,71.71,-522.2516525464217,125.4076381081965,-137.49975103841703
1994-05,0.0,0.23333333333333334,0.157,-1.4835000189523981,73.51,-443.64582607067706,298.64567944694664,-113.7509442404564
1994-06,0.0,0.24166666666666667,0.473,-2.0020306024638472,71.77,-237.18693742904267,479.6485319729562,28.820836808566128
1994-07,0.0,0.25,0.585,-1.2791540181195273,74.83,-48.26768207744074,526.92494784616,9.187628815248452
1994-08,0.0,0.2583333333333333,0.7879999999999999,0.09748989756363358,70.21,175.40320157340227,506.2830062461372,-76.00818250144579
1994-09,0.0,0.26666666666666666,0.88,-0.9267775256084718,71.92,326.93592038451635,455.8801657431048,-120.88596644987048
1994-10,0.0,0.275,0.773,0.5105266896103018,78.41,424.2732375467052,265.6436654839008,-118.95225841782715
1994-11,0.0,0.2833333333333333,0.9079999999999999,-0.9104150714761516,71.24,506.7460807493778,68.79646578166528,-30.210122250766705
1994-12,0.0,0.2916666666666667,1.4069999999999998,-1.3977433484661645,73.34,516.8227962251385,-90.71400997680365,61.34376125991217
1995-01,0.0,0.3,1.2990000000000002,-0.6059304938745242,72.01,482.3716676078852,-178.15721213758442,146.14509047071323
1995-02,0.0,0.30833333333333335,1.237,0.3064234872343832,75.15,325.6321296358344,-132.89957107117178,82.23896104844712
1995-03,0.0,0.31666666666666665,1.22,0.8914570462766562,75.77,291.43401653949206,-125.23830353740685,58.27594192674456
1995-04,0.0,0.325,0.946,-1.2291589810104,70.39,299.36777540681067,-192.91344997236007,-19.330683982496442
1995-05,0.0,0.3333333333333333,0.853,-1.9433840797061208,69.43,158.068961527672,-351.1685353482838,-122.48111747132543
1995-06,0.0,0.3416666666666667,0.469,-2.415548925302531,70.29,12.019152860100478,-378.2313582731187,-131.80179117909992
1995-07,0.0,0.35,0.5760000000000001,-0.9747327345389039,68.68,-104.95547404583914,-347.83760748866075,-136.39855121639658
1995-08,0.0,0.35833333333333334,0.508,-0.6623015472854519,68.07,-169.5690635664923,-306.2442035938176,-152.33180704356064
1995-09,0.0,0.36666666666666664,0.207,-2.102055041302421,65.48,-187.12942991998088,-258.3293093639177,-122.11345700261505
1995-10,0.0,0.375,-0.14300000000000002,0.05710078770283644,69.71,-236.67759518272095,-191.01740017376497,-73.63336747399757
1995-11,0.0,0.3833333333333333,-0.426,-0.2811789031445926,65.32,-267.5474108705653,-100.8109603336177,-25.739364806154256
1995-12,0.0,0.39166666666666666,-0.47700000000000004,0.657256426890541,63.26,-267.37335709970085,-32.5944518987244,59.82433702098225
1996-01,0.0,0.4,-0.478,2.2524027405592477,64.92,-363.58267823606263,-44.39616395692522,-6.7544837618041775
1996-02,0.0,0.4083333333333333,-0.5539999999999999,1.4877425650440301,63.26,-403.31999519166595,-46.12554958688153,-13.512418511499321
1996-03,0.0,0.4166666666666667,-0.612,-0.33095022408420505,62.99,-442.03090455581327,-1.3705500387992964,-20.547102779524103
1996-04,0.0,0.425,-0.58,-2.1155708421475055,62.95,-480.32003181115596,69.68334067209543,-39.683795653383086
1996-05,0.0,0.43333333333333335,-0.23800000000000002,-2.543708357230699,64.54,-494.6321404385157,204.00952745323212,-128.329607395307
1996-06,0.0,0.44166666666666665,-0.386,-3.6849705733986866,64.87,-348.65702847096134,414.0820378693318,4.698841551750212
1996-07,0.0,0.45,-0.044000000000000004,-4.6926490465800015,66.43,-312.4153136439713,440.9952213358459,-15.161872605497656
1996-08,0.0,0.4583333333333333,0.068,-4.318991226466579,66.85,-214.17308378049867,498.2552844969843,21.601245119016607
1996-09,0.0,0.4666666666666667,-0.204,-4.231591952595707,63.16,-6.144533682453228,518.4069558412406,24.64141663672112
1996-10,0.0,0.475,-0.374,-1.9760473067569677,61.9,196.63332867459604,499.30635078218404,-17.69109986530908
1996-11,0.0,0.48333333333333334,-0.43700000000000006,-0.5473598246285007,69.53,352.3515726951244,466.97373235492233,2.318937437551898
1996-12,0.0,0.49166666666666664,-0.349,-2.050266724789722,66.0,476.4332351511429,291.1613791215545,-104.96683459373267
1997-01,0.0,0.5,-0.146,-1.064448875346514,64.12,466.6851035006128,214.84502184886247,-76.31619387211308
1997-02,0.0,0.5083333333333333,-0.336,0.6012610326999095,64.7,479.5122560955108,108.91409552696788,-31.00709799755071
1997-03,0.0,0.5166666666666666,-0.49,-0.08463112437536324,65.28,514.9320198374508,58.611255751713045,-0.5849518472677623
1997-04,0.0,0.525,-0.621,0.009359663251828465,67.58,505.21826184747465,-110.16108160369619,111.78282286382834
1997-05,0.0,0.5333333333333333,-0.252,-2.079379573700919,68.78,461.6253693214279,-162.09452988079997,132.02322400815606
1997-06,0.0,0.5416666666666666,0.5429999999999999,-1.9984889916048019,66.76,424.3982884265003,-231.79892206461503,138.60796824416104
1997-07,0.0,0.55,1.14,-1.6257049066049234,66.21,278.0802256665636,-262.76737753815365,86.54644863180272
1997-08,0.0,0.5583333333333333,2.292,-1.7067692437225617,72.93,224.25589818134173,-275.467033869061,48.04321051594955
1997-09,0.0,0.5666666666666667,2.805,-1.9661753304338419,87.4,178.10860248940403,-283.40766279799186,-33.647260295718546
1997-10,0.0,0.575,3.04,-0.8578994567203466,76.01,32.196703793934574,-288.14800283777504,-73.21750287375363
1997-11,0.0,0.5833333333333334,3.0439999999999996,-1.352197369387639,87.13,-113.55892373257325,-240.56402955762437,-7.718903336236776
1997-12,0.0,0.5916666666666667,2.401,-2.1114472810516958,84.52,-184.19078361703077,-150.77846496577584,20.473569867091708
1998-01,0.0,0.6,2.542,-3.759749878272814,80.76,-216.90369744120412,-144.8561693552228,84.21972634481892
1998-02,0.0,0.6083333333333333,2.335,-3.150706309111669,81.88,-285.15109398278275,-148.00983565558778,89.60304968085939
1998-03,0.0,0.6166666666666667,2.4659999999999997,-2.2429408842924374,97.23,-360.42044664825596,-98.44873679465161,58.00138402697075
1998-04,0.0,0.625,2.761,-4.362677058719456,103.37,-447.1231466676873,19.04112544399269,-15.35768194417436
1998-05,0.0,0.6333333333333333,2.755,-6.23634687807197,98.55,-433.64666903104614,213.9908303633817,-155.0330436176959
1998-06,0.0,0.6416666666666666,2.661,-5.654692632436635,100.8,-305.5146793405317,391.8486580137088,-20.202076622707274
1998-07,0.0,0.65,2.237,-2.7183902528551016,105.85,-184.46613008915784,460.7316412927068,12.6957367781595
1998-08,0.0,0.6583333333333333,1.2919999999999998,-1.808667295796866,128.99,52.28605608895773,510.359650342343,40.151466387316226
1998-09,0.0,0.6666666666666666,0.34700000000000003,-0.7872173206433644,125.59,217.06209230760737,475.1954656336878,-67.17346430437513
1998-10,0.0,0.675,-0.331,-1.327829858275166,105.29,304.1133315131933,458.3833670082253,-89.1816246889088
1998-11,0.0,0.6833333333333333,-0.6,-1.4113180067868,123.19,494.51664752428997,354.36229370814056,-98.16437616634788
1998-12,0.0,0.6916666666666667,-0.7979999999999999,-1.1944100765918364,130.95,546.9532303191996,195.00432025869512,-115.03742831654178
1999-01,0.0,0.7,-1.0859999999999999,-0.8851203630840985,123.5,443.30991496503833,68.90631436684488,-80.01833203905086
1999-02,0.0,0.7083333333333334,-0.922,-1.9965859521633718,125.52,515.8173277797711,-47.80253400464614,-21.91207625359127
1999-03,0.0,0.7166666666666667,-1.053,-1.2272235544901093,108.67,333.214055555863,-120.25316713081233,52.038578328316426
1999-04,0.0,0.725,-1.14,-1.258348479346651,106.27,418.3028995096635,-180.04043450281898,85.68042531488028
1999-05,0.0,0.7333333333333333,-0.971,2.1725416561913846,135.24,301.16884358994486,-203.98975830006148,32.015145525803696
1999-06,0.0,0.7416666666666667,-0.903,3.474103326894749,157.8,168.14021305331832,-318.86249069390254,-79.57982557199256
1999-07,0.0,0.75,-0.601,4.1623271129749355,153.05,97.57007912433195,-270.88472047298495,-85.40521287012834
1999-08,0.0,0.7583333333333333,-0.361,3.8955916936078836,156.71,86.37206562189259,-289.39615543116963,-85.85142557358463
1999-09,0.0,0.7666666666666666,-0.507,4.043361483372749,123.53,63.51910769303231,-286.28999276002384,-89.7494107546691
1999-10,0.0,0.775,-0.745,2.6931653171217818,147.82,-74.65837647399586,-305.2092649204126,-61.069556319032706
1999-11,0.0,0.7833333333333333,-0.953,1.5152329643503606,168.97,-159.53574818228472,-255.93562402508374,-35.160281380954586
1999-12,0.0,0.7916666666666666,-0.973,1.1504970835666626,148.55,-227.5097577691386,-258.67400063324163,7.491335700566485
2000-01,0.0,0.8,-1.05,2.9561991272779977,138.28,-292.68872971071045,-277.0046699591663,-5.2796892233887665
2000-02,0.0,0.8083333333333333,-1.161,4.08197900958794,151.78,-302.36203638028087,-296.4443684140055,-17.591994512612843
2000-03,0.0,0.8166666666666667,-1.139,3.2013879359714394,186.09,-325.5104772457564,-318.80266159479453,-16.75724172242303
2000-04,0.0,0.825,-1.21,2.131975177230018,166.94,-403.8696686482475,-277.05178234689424,-7.627047665333378
2000-05,0.0,0.8333333333333334,-1.113,2.1961991723883045,175.84,-485.32115826405476,-205.4171344986872,-2.670678415591996
2000-06,0.0,0.8416666666666667,-0.409,1.6877146647684071,167.46,-544.8939954157144,-82.62455149399455,7.722770882883912
2000-07,0.0,0.85,0.257,0.616794815769893,190.99,-498.0835674532644,33.42632637165439,97.96776443057911
2000-08,0.0,0.8583333333333333,-0.053,-0.4876950297762761,150.86,-510.6519516010472,41.42580245879547,72.68290827719984
2000-09,0.0,0.8666666666666667,-0.184,-1.0485365517473468,166.1,-539.4264650979627,20.72525060960173,17.866002979438008
2000-10,0.0,0.875,-0.145,-3.230792737173502,150.36,-508.9474590970378,79.96356926194812,-1.1200171328757111
2000-11,0.0,0.8833333333333333,-0.22699999999999998,-5.602984450929469,158.97,-389.89675143610503,169.2743004756613,142.76034169185183
2000-12,0.0,0.8916666666666666,-0.387,-5.653298766268762,151.46,-315.4959734196217,210.98574888946385,184.00934686997766
2001-01,0.0,0.9,-0.7140000000000001,-1.6148886922806156,145.95,-312.4338823415207,199.13980108582598,191.35707791464563
2001-02,0.0,0.9083333333333333,-0.5660000000000001,-4.898020921182365,128.87,-367.7964767305492,154.09781463182287,114.8081700825577
2001-03,0.0,0.9166666666666666,-0.505,-3.6201165332996226,158.9,-341.21914351850404,168.30220852310777,162.90922661805757
2001-04,0.0,0.9249999999999999,-0.6609999999999999,-1.677607815606251,174.36,-290.15056148083613,250.4389145446605,215.09689498444703
2001-05,0.0,0.9333333333333333,-0.56,-2.039541771802959,135.71,-127.08280964259659,371.64497832470323,192.3513185967292
2001-06,0.0,0.9416666666666667,-0.055,-1.3846925808675792,161.68,-55.60403738554344,388.85604841118226,63.69451065498744
2001-07,0.0,0.95,0.28800000000000003,-2.15589000560621,122.41,112.32435148237991,398.2869773812418,-83.26291410356848
2001-08,0.0,0.9583333333333334,0.006,-2.7154495520292414,153.82,172.53286388070552,416.8058688645944,-102.65906312078364
2001-09,0.0,0.9666666666666667,0.27,-1.5205736905096359,212.82,234.28292225526152,406.71133117443037,-104.44502096759967
2001-10,0.0,0.975,0.33799999999999997,-3.107390106332204,188.15,343.77573711914573,322.563068392458,-106.28255640287087
2001-11,0.0,0.9833333333333333,-0.165,-2.2729380797520804,188.94,441.26714366611446,235.0650892429376,-131.88298729096354
2001-12,0.0,0.9916666666666667,-0.275,-2.9507524523118462,210.26,549.908516737285,99.18010572281692,-114.80607121978896
2002-01,0.0,1.0,-0.153,-2.0600274469486664,198.35,520.250283754876,10.175083024899772,-31.00214165213952
2002-02,0.0,1.0083333333333333,0.019,-2.358599963263856,180.24,518.4131577666941,-81.56688528266542,44.61442659593719
2002-03,0.0,1.0166666666666666,0.009000000000000001,-1.164584441664374,160.99,545.29218249559,-165.3071128190617,159.86321629922705
2002-04,0.0,1.025,-0.171,0.0676465420495731,172.27,385.1257601667072,-213.92995660153358,115.5732969921542
2002-05,0.0,1.0333333333333332,-0.121,-2.000328750206691,165.11,255.5267490343082,-282.78737204809784,-23.523284056736614
2002-06,0.0,1.0416666666666667,0.414,-1.5762436127573096,138.67,67.86885689931135,-277.3656761706116,-100.85285003842898
2002-07,0.0,1.05,0.8909999999999999,-4.610473314921066,164.17,73.2037340589784,-282.32592492402205,-128.28592823048496
2002-08,0.0,1.0583333333333333,0.9129999999999999,-2.8540607274250505,169.33,61.60871409535504,-276.71359037814494,-113.44622982637824
2002-09,0.0,1.0666666666666667,0.685,-3.0658977158403644,160.45,79.24251069228667,-254.42682367071959,-91.44648738053823
2002-10,0.0,1.075,1.0170000000000001,-4.0203066783378745,150.1,-50.03232127443598,-253.77960095419726,-68.74738774224843
2002-11,0.0,1.0833333333333333,0.9079999999999999,-2.3384473107543187,149.16,-178.05900283448833,-159.9951513000246,-56.18586504587078
2002-12,0.0,1.0916666666666666,1.0,-3.334085976380024,137.33,-202.865865950137,-137.06682038644945,-22.64691481543076
2003-01,0.0,1.1,1.09,-2.8024351750732137,125.22,-235.7717313210746,-125.10824108764268,38.71407055164285
2003-02,0.0,1.1083333333333334,1.145,-1.50897047280003,109.39,-305.4723875068987,-150.5540612552893,33.63807057903636
2003-03,0.0,1.1166666666666667,1.218,-1.1566216496563726,117.82,-386.1687915453586,-120.98196140570383,-12.408807528971424
2003-04,0.0,1.125,0.935,-2.2737884488686007,110.17,-444.8299270607965,-48.42964513105718,-42.32071687759533
2003-05,0.0,1.1333333333333333,0.833,-2.9657685996363625,113.82,-434.4724190668711,99.44018378619542,-38.859172371174736
2003-06,0.0,1.1416666666666666,0.42100000000000004,-1.4726788911906539,123.39,-306.4687417494141,269.7879699245375,107.51267163734173
2003-07,0.0,1.15,0.214,-1.6658209341543824,119.0,-112.01193637837541,392.6927049566964,186.10214061104432
2003-08,0.0,1.1583333333333332,0.09699999999999999,-2.3482736903880124,112.72,27.84167865735356,417.89757253247546,128.62228770949648
2003-09,0.0,1.1666666666666667,0.14400000000000002,-1.6261293308362355,102.45,125.50125600475988,392.7911227640416,51.617827598545375
2003-10,0.0,1.175,0.316,-3.9216956060801635,139.89,183.7011392381224,395.8732498866347,14.15425060217129
2003-11,0.0,1.1833333333333333,0.47700000000000004,-3.9905074309483695,131.08,294.3114004670287,410.00370818503023,2.772004855684019
2003-12,0.0,1.1916666666666667,0.516,-3.9167943704659507,100.69,476.74746250009093,340.71908799058946,-14.661801978221428
2004-01,0.0,1.2,0.57,-5.112874814694507,99.22,516.1489683891488,235.15280341504993,-106.75314609360021
2004-02,0.0,1.2083333333333333,0.35100000000000003,-4.417627741041642,94.0,433.1732243296432,88.11959988748156,-71.39903936679173
2004-03,0.0,1.2166666666666666,0.327,-3.489051941715232,100.09,480.41345045940005,19.504105551284425,-4.075028935941895
2004-04,0.0,1.225,0.359,-2.7638116909713375,91.63,417.5876654654098,-153.34760519755193,100.87245638918543
2004-05,0.0,1.2333333333333334,-0.035,-2.840236219779527,92.06,364.4386723505811,-191.16295234944474,106.70994434101812
2004-06,0.0,1.2416666666666667,0.374,-0.7218918273094488,90.09,290.7635616109188,-199.8133612636738,104.1607096202878
2004-07,0.0,1.25,0.56,1.2913550977353623,111.73,247.07649497965372,-190.55604075238017,93.26767379238223
2004-08,0.0,1.2583333333333333,0.267,-0.7862828818304308,101.21,179.3217376006554,-190.04509010027044,86.63862766730581
2004-09,0.0,1.2666666666666666,0.541,0.09347719232435736,94.99,48.52439183015625,-183.2861900364418,41.30101281746614
2004-10,0.0,1.275,0.627,-1.5521120346814854,94.64,-59.027246223385866,-210.1120715800365,39.7996110753303
2004-11,0.0,1.2833333333333332,0.5720000000000001,-0.9783086295545047,102.0,-156.7975522215036,-166.54809542307126,55.8971369094822
2004-12,0.0,1.2916666666666667,0.508,-0.41989642576831443,83.05,-237.26613104114105,-156.6176249594693,65.7514442323427
2005-01,0.0,1.3,0.805,-0.5000741459074476,89.63,-319.53814563991705,-152.39040867078373,8.35794159217902
2005-02,0.0,1.3083333333333333,0.667,-2.0296877757582195,85.45,-365.3740461511766,-222.22729224770632,0.39878789313119367
2005-03,0.0,1.3166666666666667,0.32,-2.8810891920927304,80.22,-423.41546483293416,-262.53907667936284,12.938035061662173
2005-04,0.0,1.325,0.81,-3.6775844505855133,77.9,-474.1626769129841,-80.7393606595898,-22.501550010956365
2005-05,0.0,1.3333333333333333,1.067,-3.849240530104879,93.5,-514.0314925733826,40.10841610442202,-85.74773346634284
2005-06,0.0,1.3416666666666666,0.637,-4.15358151355484,87.36,-509.5830769582365,157.63806326717065,-176.36187446972104
2005-07,0.0,1.35,0.893,-2.652232699924056,93.54,-441.10418783253726,279.24991269371486,-111.4732902979254
2005-08,0.0,1.3583333333333334,0.585,-3.146236638516058,90.6,-417.795916892522,324.08466237279987,-124.96992829650877
2005-09,0.0,1.3666666666666667,0.49,-4.7695086482258375,99.69,-307.0735228588944,409.4736872956939,14.719428669499385
2005-10,0.0,1.375,0.35200000000000004,-3.4333854279592373,68.6,-87.37068383676359,471.9062524975326,93.69859568777346
2005-11,0.0,1.3833333333333333,0.315,-5.168794336590267,76.02,146.97480551442976,463.444270941006,73.24483436076645
2005-12,0.0,1.3916666666666666,-0.16699999999999998,-4.911771049949991,79.21,303.91072219154495,445.0027754414985,2.4798040487701605
2006-01,0.0,1.4,-0.392,-4.042087490848772,72.6,318.39424780409587,397.6804210911617,-27.10683605881058
2006-02,0.0,1.4083333333333332,-0.57,-5.760844990311455,67.2,391.0284383120208,248.3771834999715,-99.71035681443304
2006-03,0.0,1.4166666666666667,-0.43799999999999994,-2.760463855127824,67.28,450.1985748658428,136.09050722984776,-129.18292935119433
2006-04,0.0,1.425,-0.424,-2.3657097960275593,80.91,339.3280321587441,10.373935467480424,-130.217588476897
2006-05,0.0,1.4333333333333333,-0.527,-2.782041741426667,74.36,387.4287904247427,-107.98080443018361,15.487984440207077
2006-06,0.0,1.4416666666666667,-0.575,-2.1641370811196197,71.18,360.9074892389997,-215.29594837007213,36.395790970296346
2006-07,0.0,1.45,0.043,-1.6090845002068335,70.53,293.25040517983973,-244.1375892510623,40.315476630851244
2006-08,0.0,1.4583333333333333,0.53,0.28383259612004963,73.43,205.65115928425013,-187.79176220088348,50.73496116982599
2006-09,0.0,1.4666666666666666,0.691,1.1844261978751547,70.99,205.13468998290762,-253.11355402867704,49.08513590242057
2006-10,0.0,1.475,0.759,-0.38387146984065623,66.55,83.12075303217539,-245.81394616897433,-1.8590259074649766
2006-11,0.0,1.4833333333333334,0.823,1.7854416056851647,76.1,-113.81931741148729,-246.17778068182537,-19.95115191567944
2006-12,0.0,1.4916666666666667,0.955,0.4604277789944575,78.83,-201.14822193370392,-238.23443002668554,54.19681037819719
2007-01,0.0,1.5,1.286,-2.3751898054092777,72.98,-255.38536432667846,-210.01908135586743,23.371678588027308
2007-02,0.0,1.5083333333333333,0.951,-1.068900479463025,68.18,-313.68106932634606,-257.05825820900816,-33.90830744294939
2007-03,0.0,1.5166666666666666,0.985,0.39738307251499805,64.36,-356.2060344397933,-234.6712856824508,-27.362408588639465
2007-04,0.0,1.525,0.528,-0.3280942672144249,65.59,-434.96924946958194,-142.99327444935003,-3.8556504346198457
2007-05,0.0,1.5333333333333332,0.12,-0.39701874798568326,68.38,-484.6614627786315,19.235755983274252,-83.61166537555405
2007-06,0.0,1.5416666666666667,0.02,-3.5001787612083746,68.76,-412.44364032618853,235.5795647894006,-70.07749776763983
2007-07,0.0,1.55,0.354,-5.085334495261861,66.44,-314.78170649168163,366.1455104839921,27.620716169850127
2007-08,0.0,1.5583333333333333,-0.215,-2.0918617141035867,63.68,-228.8522814268892,430.85492254562854,50.60093359193919
2007-09,0.0,1.5666666666666667,-0.28800000000000003,-2.0084208067680294,60.94,-106.85300524247972,472.6641903353034,94.28914377840178
2007-10,0.0,1.575,-0.441,-2.361556797723779,60.54,-23.472312994173617,475.565453668122,86.40084408993404
2007-11,0.0,1.5833333333333333,-1.181,-2.8487945358022415,61.09,237.5992431267917,450.06244535220065,0.21273358384987356
2007-12,0.0,1.5916666666666666,-1.217,-1.6967944036679512,68.2,387.52290530650106,419.06518044142643,-34.508010583597596
2008-01,0.0,1.6,-1.165,-2.554564288305855,64.49,398.11750714936926,327.57221102342004,-72.14032259981266
2008-02,0.0,1.6083333333333334,-1.193,-2.037025805125154,62.39,446.60909640213464,224.13650768261343,-99.04721910927502
2008-03,0.0,1.6166666666666667,-1.02,-0.0638203789948335,65.07,504.0965012900979,94.41765860942971,-77.50742692642173
2008-04,0.0,1.625,-1.3880000000000001,-1.8082793520872116,63.59,448.5006264708198,-20.686679137967875,-44.57320909577077
2008-05,0.0,1.6333333333333333,-1.579,-2.723199082430085,62.87,358.2903005736754,-136.52676215581334,45.378749615834174
2008-06,0.0,1.6416666666666666,-0.879,-0.28441501572386585,61.14,370.4086351533474,-218.8362057283935,44.87124119863655
2008-07,0.0,1.65,-0.349,1.7820959267792915,61.03,272.05693761699155,-265.05508616415193,30.245504005475134
2008-08,0.0,1.6583333333333332,0.133,2.5216566299278753,61.03,167.4803718429631,-279.50346544874594,-79.20834844574442
2008-09,0.0,1.6666666666666667,0.054000000000000006,1.6669724567309032,60.93,140.07837214448645,-293.543194294281,-135.78826090183495
2008-10,0.0,1.675,-0.266,0.6936747911343701,60.98,-8.401083480549886,-306.1695888306795,-120.72264663279338
2008-11,0.0,1.6833333333333333,-0.551,-0.6494890191000735,60.32,-113.15555756159779,-266.6788034123723,-76.4039720941957
2008-12,0.0,1.6916666666666667,-0.6920000000000001,-1.2588546715049063,60.2,-153.47287560498515,-300.7160862821616,-60.169857759705
2009-01,0.0,1.7,-0.597,0.6236760285796379,60.73,-165.27952769761467,-348.5622986194213,-96.1075837080729
2009-02,0.0,1.7083333333333333,-0.6629999999999999,-1.7041322922580378,61.35,-157.53840834019812,-434.9317376731431,-142.131575969112
2009-03,0.0,1.7166666666666666,-0.726,-0.6253020314312607,61.57,-181.5419785943889,-336.59295650186095,-123.95261136660419
2009-04,0.0,1.7249999999999999,-0.7070000000000001,-0.24943658712682293,63.1,-304.5188680720528,-326.3663804865392,-44.79425546759767
2009-05,0.0,1.7333333333333334,-0.723,-0.271810299505006,64.73,-391.24048788857186,-284.0266781167084,-0.762260421505807
2009-06,0.0,1.7416666666666667,-0.105,-1.3092064506829928,63.66,-450.6723715098887,-118.20258689092277,3.692908444853601
2009-07,0.0,1.75,0.32799999999999996,-1.9596865088851416,63.38,-438.65874739795873,15.764637586710506,94.49973416142534
2009-08,0.0,1.7583333333333333,0.8190000000000001,-1.4784823416128035,62.13,-398.7535622380665,50.074775990040926,137.29655697940402
2009-09,0.0,1.7666666666666666,1.035,-2.6723560089074425,63.95,-463.21139760178517,-14.03161711123108,89.95568027846664
2009-10,0.0,1.775,1.067,-2.9733852308665405,64.5,-454.75339736835,3.8554584401517116,111.02054543708793
2009-11,0.0,1.7833333333333332,0.735,-3.5168500525043953,64.85,-380.40069240674546,127.84588602525048,155.88421080674746
2009-12,0.0,1.7916666666666667,0.909,-3.8644100645826285,67.0,-416.0413180031302,108.94936698509085,124.55209645471379
2010-01,0.0,1.8,1.121,-2.753962788253858,70.84,-431.0951223913383,131.09637640724998,39.59560872792014
2010-02,0.0,1.8083333333333333,1.045,-5.3490627785839,74.42,-458.0129191970985,98.05644101992743,-50.81019272152256
2010-03,0.0,1.8166666666666667,1.067,-3.597038144661667,73.91,-429.2092708121707,179.5399345441769,-89.8137602170512
2010-04,0.0,1.825,1.52,-3.967700177904163,68.61,-402.55460685189234,290.6447510638033,-154.9632820942809
2010-05,0.0,1.8333333333333333,1.469,-5.9331989086494445,67.73,-195.13057495224666,437.3211836374096,19.28131355824284
2010-06,0.0,1.8416666666666666,0.99,-4.757030663922862,67.2,156.21772778967562,461.9319749573119,-23.562911868474302
2010-07,0.0,1.8499999999999999,0.6679999999999999,-2.748459533408834,73.98,395.9758238254244,319.6075307925641,-132.84620150705285
2010-08,0.0,1.8583333333333334,-0.325,-3.294755059547853,73.04,445.5023909721344,19.812917270036948,1.7804669090037155
2010-09,0.0,1.8666666666666667,-1.156,-2.2496707212905562,73.63,429.567432452807,-149.4043056069727,127.78056948351559
2010-10,0.0,1.875,-1.683,-1.20789922006783,72.79,384.0074706950069,-144.35656173276723,160.54457159583586
2010-11,0.0,1.8833333333333333,-1.868,1.5694922822429191,72.7,373.21842955666733,-158.97406548601438,147.19957164490557
2010-12,0.0,1.8916666666666666,-1.899,2.410126845297853,73.43,211.76669047582192,-149.1285245090643,116.12753028772069
2011-01,0.0,1.9,-1.49,4.008398190755685,72.65,101.56329432049941,-202.81350867932218,-23.41345988356848
2011-02,0.0,1.9083333333333332,-1.577,5.280474362297667,83.03,122.36495862885693,-225.20911179251857,-60.74266623986332
2011-03,0.0,1.9166666666666667,-1.739,5.305160841109256,110.61,34.3449379824321,-282.88340743304394,-138.86815737712513
2011-04,0.0,1.925,-1.5630000000000002,0.6306559807408973,102.25,-90.43393080473483,-287.67403653794815,-161.7379395957614
2011-05,0.0,1.9333333333333333,-1.575,-2.7191714155611066,88.0,-231.65905426112496,-294.17538197996873,-76.72977068579489
2011-06,0.0,1.9416666666666667,-1.399,-2.2815677327490533,88.99,-334.1396055045824,-270.3120751439801,8.034302374836498
2011-07,0.0,1.95,-0.20199999999999999,-1.7388760072213643,87.69,-363.7212577001938,-194.6137472502775,51.52607445268296
2011-08,0.0,1.9583333333333333,-0.075,0.06473540568696023,93.74,-406.14218459927685,-233.5972132299112,3.4130846062870828
2011-09,0.0,1.9666666666666666,-0.228,0.5977134136378339,123.01,-441.9434670601077,-213.57490072492908,27.041366059065684
2011-10,0.0,1.9749999999999999,-0.519,0.5094154824253252,122.87,-430.7110050619327,-168.90550668279187,32.78857282692618
2011-11,0.0,1.9833333333333334,-0.769,1.4090757144758044,135.21,-407.6592572594813,-32.37437080714042,109.13777997760178
2011-12,0.0,1.9916666666666667,-0.9329999999999999,-1.4011229936371734,123.36,-335.7474558376943,118.00706036511004,143.27867248955835
2012-01,0.0,2.0,-0.9490000000000001,-2.622110885539385,117.44,-443.7683105717558,45.4995385412899,-5.450186382424596
2012-02,0.0,2.0083333333333333,-0.9570000000000001,-2.8317250501541906,93.85,-429.7383941839086,24.364821519133923,-23.187723157965433
2012-03,0.0,2.0166666666666666,-0.993,-3.025487210258632,103.07,-454.1352908421805,3.169303821422645,-54.65993934517183
2012-04,0.0,2.025,-0.695,-2.9437187833130167,102.72,-420.8248301559956,71.02419497862816,32.34796465474049
2012-05,0.0,2.033333333333333,-0.39799999999999996,-0.7966252231093449,111.71,-307.12527892700416,278.3998195932699,148.60197769167172
2012-06,0.0,2.0416666666666665,0.11199999999999999,-2.006937804301458,111.78,-126.81804778551427,379.51547339824174,148.10856370994236
2012-07,0.0,2.05,0.769,-1.9724641552677866,128.09,5.009913100167766,401.0327121345047,52.09573104568961
2012-08,0.0,2.058333333333333,0.835,-2.3639681849886784,106.88,111.80036645364864,411.4225306167815,19.11192224831586
2012-09,0.0,2.0666666666666664,1.0979999999999999,-2.949786490288318,112.22,168.17739084502327,402.180746870691,-4.885244866895444
2012-10,0.0,2.075,0.619,-4.65843149749297,109.99,190.68934069535936,406.2203004365284,-0.8848644587468989
2012-11,0.0,2.0833333333333335,0.33899999999999997,-5.581734450223038,106.61,269.64000027329917,404.80073148493733,-12.044404822644251
2012-12,0.0,2.091666666666667,0.081,-4.033206497925434,94.38,442.2887370476178,334.03814211790336,-47.3002088602815
2013-01,0.0,2.1,0.125,-6.160258970815661,110.5,412.19930140984053,251.87554144983537,-102.86899064176656
2013-02,0.0,2.1083333333333334,0.094,-4.260845043293386,91.71,426.7393302710059,185.85105920436078,-93.16031220664094
2013-03,0.0,2.1166666666666667,0.096,-4.288357327728676,99.2,502.78632384585467,137.35016833650732,-64.36869474937377
2013-04,0.0,2.125,-0.08,-4.179482474402775,113.26,464.7616718071499,4.205215968263417,-16.267878781640405
2013-05,0.0,2.1333333333333333,-0.037000000000000005,-3.353754482572043,120.9,430.0134188853346,-50.03923900447786,2.303631684298549
2013-06,0.0,2.1416666666666666,0.095,-2.230410293552495,102.82,438.94030423942087,-172.6946152432217,73.68360048951533
2013-07,0.0,2.15,0.203,0.19735081990559422,107.36,357.05198178246934,-213.79142108049365,93.01475786035843
2013-08,0.0,2.158333333333333,-0.168,1.000105815617161,105.97,352.4834714654416,-208.60228372627,81.82192401690224
2013-09,0.0,2.1666666666666665,-0.355,-0.38073580737274426,93.51,371.0574496666613,-215.95349856604696,77.61368414573461
2013-10,0.0,2.175,-0.48,-0.39343182527436227,118.73,303.1134906347484,-223.93942394712806,90.69320315620875
2013-11,0.0,2.183333333333333,-0.133,0.5072470369098454,131.0,183.27998344818397,-282.74832233143997,-48.72199749957778
2013-12,0.0,2.1916666666666664,0.13,1.4467240971899429,129.14,47.90062775283881,-314.10159334270105,-120.21189290031596
2014-01,0.0,2.2,-0.053,1.3206203712988014,141.75,45.56946082093529,-354.30516864334555,-103.21423742036953
2014-02,0.0,2.2083333333333335,-0.248,2.675033957617643,149.41,2.5521507692696788,-341.38912492896964,-96.79849980823776
2014-03,0.0,2.216666666666667,-0.275,1.4969663274351177,134.07,-69.05461685415213,-309.8677177200303,-108.89593726976324
2014-04,0.0,2.225,-0.266,-1.0393440072498663,130.42,-255.5568140833012,-314.92191076295126,-5.716800554720995
2014-05,0.0,2.2333333333333334,0.027000000000000003,-1.279495342698695,119.65,-379.29445464281264,-142.77552347617228,32.23613097064462
2014-06,0.0,2.2416666666666667,0.312,-2.6216370797067725,113.6,-437.03385857243177,-4.9378608874687036,-20.870436593911254
2014-07,0.0,2.25,1.01,-2.9707048204210196,128.19,-470.8050463994192,111.16683956140206,-91.07416470838484
2014-08,0.0,2.2583333333333333,0.98,-0.08605161227659153,114.9,-473.7614393417564,99.01422163941741,-82.5384286213681
2014-09,0.0,2.2666666666666666,0.882,-0.9821933502160078,133.3,-485.99180828302747,126.86187691206312,-75.16374320374246
2014-10,0.0,2.275,0.9540000000000001,-2.6625767841943144,138.52,-485.6777828143067,187.56279610728026,-74.5676609201805
2014-11,0.0,2.283333333333333,0.585,-2.350478159504675,137.07,-321.539606505539,348.3326722405055,126.24459052485959
2014-12,0.0,2.2916666666666665,0.43799999999999994,-3.113771544306516,138.67,-142.92840565479167,442.55095722050146,172.42888030884066
2015-01,0.0,2.3,0.763,-4.581552300125196,123.73,-106.85764395425622,425.9621601698526,147.10364496415846
2015-02,0.0,2.308333333333333,0.5579999999999999,-1.1703585874466569,113.19,8.500567988490799,451.41874818615764,157.257282420725
2015-03,0.0,2.3166666666666664,0.42,-2.0309401610541187,113.03,92.02291589101289,420.43655925792984,36.25541457228631
2015-04,0.0,2.325,0.45899999999999996,-2.665331766592786,116.94,199.34303119309547,413.52180844679503,-32.27840506214235
2015-05,0.0,2.3333333333333335,0.631,-4.019355630117758,110.39,322.4619171351094,324.6875961088766,-134.9493863016808
2015-06,0.0,2.341666666666667,0.943,-4.049918333945342,119.34,418.12786044196076,114.9277640602464,-95.37990228355302
2015-07,0.0,2.35,1.5919999999999999,-5.055824615337244,99.45,449.3896087929489,-65.98769355740683,-23.828792628413503
2015-08,0.0,2.3583333333333334,2.045,-2.1071595331705026,97.73,439.4315377857047,-161.9995432708448,108.82096687713786
2015-09,0.0,2.3666666666666667,1.9480000000000002,-0.7557979374883672,92.73,479.70330979641716,-219.37977114834698,171.4106770934117
2015-10,0.0,2.375,2.366,0.6637633790012529,92.97,354.6323058976001,-198.35260033127253,143.78740710947199
2015-11,0.0,2.3833333333333333,2.53,1.784216487401281,96.59,265.6094988791492,-264.3169769569506,13.482386127638488
2015-12,0.0,2.3916666666666666,2.241,0.6239146305806855,98.12,115.07455968743986,-231.5795421778491,-138.72150548629514
2016-01,0.0,2.4,2.2969999999999997,-1.464181500389472,90.3,97.74315987965055,-207.19932922710032,-169.5752718875655
2016-02,0.0,2.408333333333333,2.112,-2.353288968656429,91.05,168.72373075868725,-172.58769566898465,-186.801994464862
2016-03,0.0,2.4166666666666665,2.227,-4.910347443282944,81.44,191.57119009467755,-56.64719741868127,-165.48493346130348
2016-04,0.0,2.425,2.169,-5.411495982528365,84.7,278.21691617054995,104.43455633830413,-137.38072652616873
2016-05,0.0,2.433333333333333,1.984,-6.114723750523154,85.91,312.5761234727003,127.64228070752482,-140.75352025406895
2016-06,0.0,2.4416666666666664,2.124,-5.463469028728866,76.09,299.6843544598638,77.60709618816956,-132.47385153098685
2016-07,0.0,2.45,1.77,-5.383190278653757,80.22,304.25245014786964,-45.469284439090394,-68.7965406447057
2016-08,0.0,2.4583333333333335,1.001,-6.370323029117316,78.53,339.4025764539555,-174.47835373899377,5.539019701791096
2016-09,0.0,2.466666666666667,0.312,-5.985160866797244,79.54,327.16386337728113,-215.99022280494972,37.40039783925278
2016-10,0.0,2.475,0.175,-5.282123868720092,77.05,332.10327931290675,-220.1941953275171,59.64131833727187
2016-11,0.0,2.4833333333333334,-0.10099999999999999,-4.323473705633688,69.16,351.9997954619759,-249.57072826593466,67.09803374743599
2016-12,0.0,2.4916666666666667,-0.379,-2.3723122629502598,65.65,366.1119773581466,-285.7361735911048,76.795433875557
2017-01,0.0,2.5,-0.212,0.07870044758711003,67.42,311.1395428121901,-303.9885271803935,77.98398578069072
2017-02,0.0,2.5083333333333333,-0.121,0.6228045178469017,67.59,327.47275854900374,-316.903550911492,84.52618702886947
2017-03,0.0,2.5166666666666666,-0.055,2.17411896110211,66.56,207.99486574515515,-339.0384620693099,-45.314828526519655
2017-04,0.0,2.525,-0.055999999999999994,1.6385728021147372,73.31,-24.666229541087578,-363.9756429775839,-94.2814856276311
2017-05,0.0,2.533333333333333,-0.08,0.024392554368915853,67.73,-282.55309870979494,-284.86944060738614,9.553904067608805

