time,enso,trop,solar,qboA,qboB,aod,linear_pre,linear_post,constant
1979-01,0.47086467094744283,0.56796694,1.534011054549541,-0.9804299478791348,-0.9507625620114248,-0.05772950195667783,-1.8,0.0,1.0
1979-02,0.25352798176693114,0.8881863,1.5875761204272334,-1.011758409323407,-1.0536367716261221,-0.05398144257651099,-1.7916666666666667,0.0,1.0
1979-03,-0.09835046738246878,0.41937107,1.2780775470046981,-1.1365457859318937,-0.6874246971785711,-0.09325458651652015,-1.7833333333333332,0.0,1.0
1979-04,0.19143178485821355,0.408157,1.093279955820528,-1.128625648192973,-0.4277563481876318,-0.13187589404258718,-1.775,0.0,1.0
1979-05,0.2638773479183841,0.92543745,0.968475238419372,-1.1975587543847923,0.02845814092766749,-0.16348996011877717,-1.7666666666666666,0.0,1.0
1979-06,-0.17079603044263933,0.7709348,1.3189991826319991,-0.9518868784823498,0.6113378261320015,-0.19428923067753953,-1.7583333333333333,0.0,1.0
1979-07,-0.1604466642911864,0.5300039,1.0205597206099526,-0.7710789593713121,0.9757306524650948,-0.22541441944327287,-1.75,0.0,1.0
1979-08,0.43981657249308403,0.007718995,1.13410257151971,-0.5462789451342791,1.2435448020424702,-0.24920644855215804,-1.7416666666666667,0.0,1.0
1979-09,0.3777203755843664,0.0795178,1.652359672637337,-0.257590203440557,1.4975286735026874,-0.2760947006272681,-1.7333333333333334,0.0,1.0
1979-10,0.23282924946402528,-2.0500076,1.9418411318288875,0.22387217061684486,1.7239297370374043,-0.29662754766644295,-1.7249999999999999,0.0,1.0
1979-11,0.5226115017047076,-0.4845639,2.154071643987709,0.8210156622232802,1.7737459173022088,-0.32025661767184277,-1.7166666666666666,0.0,1.0
1979-12,0.6571532616735958,-0.09029177,1.548269924198673,1.0174305084307833,1.3975645199237454,-0.3362266098134232,-1.7083333333333333,0.0,1.0
1980-01,0.34667227713000753,0.52496195,1.596525635835319,1.2393970661640852,0.7870063841498391,-0.3551298658177429,-1.7,0.0,1.0
1980-02,0.1810824187067606,0.13135791,1.5047216427080041,1.1565191770479617,0.6522741874926712,-0.3709368988558379,-1.6916666666666667,0.0,1.0
1980-03,0.4087684740387252,-0.6546045,0.9192953407869493,1.2257227557679928,0.4713857893212766,-0.3870698501009039,-1.6833333333333333,0.0,1.0
1980-04,0.5950570647648781,-1.1358387,1.7969045628197224,1.3367765770774107,0.2165923250463046,-0.3986399464483754,-1.675,0.0,1.0
1980-05,0.5536596001590663,-0.4471004,2.2018674630693154,1.3658720391778705,-0.19202026719384707,-0.409884124588876,-1.6666666666666667,0.0,1.0
1980-06,0.6261051632192369,-0.4658977,1.5918540956709513,1.159012114825219,-0.8996466720419278,-0.4058101470017381,-1.6583333333333332,0.0,1.0
1980-07,0.6261051632192369,0.45244822,1.4184217917919906,0.89438278161622,-1.0936628006997045,-0.3867439318939329,-1.65,0.0,1.0
1980-08,0.13968495410094883,1.335616,0.9986433098529538,0.7722136158788405,-1.1742547837403132,-0.36735179857915656,-1.6416666666666666,0.0,1.0
1980-09,0.19143178485821355,1.2046436,1.3167481295994292,0.6009266697618838,-1.1606621020132335,-0.3590408843013953,-1.6333333333333333,0.0,1.0
1980-10,0.07758875719223118,1.1826243,1.664981412808237,0.4576142179253599,-1.2047294273095286,-0.35480394761077194,-1.625,0.0,1.0
1980-11,-0.046603636625204066,1.5333015,1.8803981662096405,0.23091667097253168,-1.1803661505800171,-0.34763374705740924,-1.6166666666666667,0.0,1.0
1980-12,-0.07765173507956288,1.580287,1.9895687371822333,0.07663579951618181,-1.2131972529336057,-0.35545578402471395,-1.6083333333333334,0.0,1.0
1981-01,-0.35708462116879225,1.4888916,0.9712477964067054,-0.05744244619630322,-1.231006832941761,-0.35806312968048215,-1.6,0.0,1.0
1981-02,-0.2639403258057158,0.923864,1.596419543055192,-0.12444627780681544,-1.2065711468008402,-0.36539628933733037,-1.5916666666666666,0.0,1.0
1981-03,0.3259735448271017,0.6968507,1.671450714778676,-0.3346238548467578,-1.155520505720249,-0.3732183263046351,-1.5833333333333333,0.0,1.0
1981-04,0.4087684740387252,0.51612365,2.1112334226405935,-0.6191908414477997,-1.055840236048797,-0.3812033223754253,-1.575,0.0,1.0
1981-05,-0.29498842426007466,0.041998096,1.5839831116069176,-0.8059207508403499,-0.3387953120752691,-0.38918831844621565,-1.5666666666666667,0.0,1.0
1981-06,-0.6365175072580216,0.38675284,0.8255410724010561,-0.8509296973711595,0.13654769733827823,-0.3670258803721856,-1.5583333333333333,0.0,1.0
1981-07,-0.5433732118949451,1.2674979,1.5692621489598964,-0.8682307287201805,0.37103805039636134,-0.3419301784354162,-1.55,0.0,1.0
1981-08,-0.3363858888658864,0.9253656,2.1377685629336316,-0.896061573758703,0.4769504117921089,-0.3437227285737569,-1.5416666666666667,0.0,1.0
1981-09,-0.02590490432229819,0.49597457,2.0548206693697906,-0.9633979573674899,0.5347235529902896,-0.3572483341630547,-1.5333333333333332,0.0,1.0
1981-10,-0.11904919968537465,0.36236724,2.0732075698000614,-1.0239816081080244,0.5382923420515324,-0.3590408843013953,-1.525,0.0,1.0
1981-11,-0.24324159350280988,0.60949206,1.6741880656804538,-1.108263784042265,0.5866378831015495,-0.35790017057699663,-1.5166666666666666,0.0,1.0
1981-12,-0.18114539659409226,0.038663846,1.6335590889518148,-0.9936408480543341,0.7894306207439552,-0.3577372114735112,-1.5083333333333333,0.0,1.0
1982-01,-0.40883145192605697,0.15638977,1.0603657317137813,-0.9032386865832742,0.8924495493588196,-0.3350858960890246,-1.5,0.0,1.0
1982-02,-0.5019757472891334,0.6321201,1.7881244815108623,-0.6864327779481979,1.160918772829099,-0.3362266098134232,-1.4916666666666667,0.0,1.0
1982-03,-0.3053377904115276,0.9214944,1.776081772157725,-0.6589209436263962,1.3263464460830774,-0.3360636507099377,-1.4833333333333334,0.0,1.0
1982-04,-0.36743398732024524,0.15340206,0.847437679172433,-0.498701978699353,1.5358641239120838,0.17073916113001425,-1.475,0.0,1.0
1982-05,-0.046603636625204066,0.20238248,0.539784962949627,-0.012152583021577425,1.6436377334819017,0.6966081880777718,-1.4666666666666666,0.0,1.0
1982-06,0.791695021642484,-0.020562826,1.142803122537098,0.6139966532891924,1.5206080968486995,1.009815584976932,-1.4583333333333333,0.0,1.0
1982-07,1.8369810029392308,0.7866039,0.8858926183681483,1.0290033497403948,1.1690933007766082,1.4193318120360312,-1.45,0.0,1.0
1982-08,2.0750164244226488,1.6874357,1.034290483975783,1.4713262564552785,0.5714910955530664,1.6489411888471222,-1.4416666666666667,0.0,1.0
1982-09,1.8576797352421366,2.0626016,0.9315452061166899,1.4720808419315288,-0.04992544054448206,1.7864786721888968,-1.4333333333333333,0.0,1.0
1982-10,1.9818721290595718,1.9892884,0.80469627731059,1.3487727146878803,-0.439171747733736,2.012665907826792,-1.425,0.0,1.0
1982-11,2.344099944360425,2.4170904,0.8623764856613165,1.328364998196178,-0.5753126910308878,2.359931757354425,-1.4166666666666667,0.0,1.0
1982-12,2.5510872673894838,2.5062692,1.465555277576623,1.3010092206016366,-0.9198321733021654,2.9775467595645275,-1.4083333333333332,0.0,1.0
1983-01,2.64423156275256,1.7365503,0.33177710061436944,1.078135356290474,-1.0049049801243148,3.069292734826872,-1.4,0.0,1.0
1983-02,2.8201707873272603,1.6426481,-0.03990598766688069,0.8303865592605962,-1.196572374256232,3.1313801532548524,-1.3916666666666666,0.0,1.0
1983-03,2.7580745904185426,1.2831047,-0.08621902261852742,0.47348568510697564,-1.29055377996278,3.5317706705187635,-1.3833333333333333,0.0,1.0
1983-04,2.8719176180845247,1.010592,-0.03395190367163826,0.24374113016652066,-1.3437063626453336,3.297109561499622,-1.375,0.0,1.0
1983-05,2.9754112795990544,0.89493906,0.3809569982467933,-0.4249025557583337,-1.1606080571887811,3.0657076345501904,-1.3666666666666667,0.0,1.0
1983-06,2.0750164244226488,0.57260305,0.44006529400527933,-0.9678558483842234,-0.7390145184855583,2.778573694208713,-1.3583333333333334,0.0,1.0
1983-07,0.7606469231881251,0.6617006,0.15512554885011975,-1.183806696707695,-0.5017926554581302,2.510994846285497,-1.35,0.0,1.0
1983-08,-0.12939856583682757,0.9544623,0.12264701242709553,-1.2525999602836788,-0.4325914817543882,2.2662302728502537,-1.3416666666666666,0.0,1.0
1983-09,-0.4398795503804157,1.6892464,-0.2319763568096562,-1.169020499073672,-0.12697687918364475,2.0426503828681266,-1.3333333333333333,0.0,1.0
1983-10,-0.4605782826833216,1.6000178,-0.2006200462386486,-1.1707859437397417,-0.053971878767363514,1.833573853096211,-1.325,0.0,1.0
1983-11,-0.4605782826833216,1.1066703,-0.6363896774888533,-1.2107052643356933,0.29783805163718485,1.6425857838111868,-1.3166666666666667,0.0,1.0
1983-12,-0.4605782826833216,1.6174133,-0.6343273313997548,-1.2652206131657668,0.32713443735799624,1.503092791227586,-1.3083333333333333,0.0,1.0
1984-01,-0.5330238457434922,2.4167688,-0.18622915001868987,-1.2102984671154224,0.5425262794719217,1.3701181627834058,-1.3,0.0,1.0
1984-02,-0.5537225780463981,1.6598563,0.32013144653950365,-1.173288490845311,0.5703223916924262,1.223454969646442,-1.2916666666666667,0.0,1.0
1984-03,-0.12939856583682757,0.4891812,-0.014330554804151874,-1.2546117175889744,0.42494579890111017,1.0807027949931307,-1.2833333333333332,0.0,1.0
1984-04,0.07758875719223118,0.4627819,0.16618717504243252,-1.129055859844398,0.7910562636939259,0.9490318393768347,-1.275,0.0,1.0
1984-05,-0.5019757472891334,0.66386414,0.19651587880385107,-0.9985166149323788,1.3542617903337022,0.8295828165219519,-1.2666666666666666,0.0,1.0
1984-06,-0.7607099010754569,0.7469488,-0.369972729079106,-0.5958642840180776,1.7968714533757686,0.7510365286419336,-1.2583333333333333,0.0,1.0
1984-07,-0.3363858888658864,0.84280235,-0.6005945425538906,-0.1934507629273117,1.9056807601694863,0.684060337109387,-1.25,0.0,1.0
1984-08,-0.17079603044263933,0.05853199,-0.7321590203813015,0.2703666734394461,1.9183357627324242,0.5846552839832228,-1.2416666666666667,0.0,1.0
1984-09,-0.12939856583682757,0.40240633,-0.8716847004294772,0.6547562470389091,1.873779013865481,0.4929093087208777,-1.2333333333333334,0.0,1.0
1984-10,-0.17079603044263933,-0.33271185,-0.9919212984800763,0.855959714138562,1.6575564405849383,0.40963720683977967,-1.225,0.0,1.0
1984-11,-0.6158187749551157,0.59660774,-0.9604307608953958,1.3314235866958104,1.0669188947186579,0.33337234640855845,-1.2166666666666666,0.0,1.0
1984-12,-0.3363858888658864,0.17818417,-0.9832075448056066,1.6449087953090746,0.7228590354385184,0.2764996192921136,-1.2083333333333333,0.0,1.0
1985-01,-0.27428969195716874,-0.12795195,-1.0120553505309342,1.5621979625164344,0.23621788270785404,0.15949498298951384,-1.2,0.0,1.0
1985-02,-0.6158187749551157,-0.52230525,-1.0164098697508333,1.216293141352348,-0.08466233052822222,0.15542100540237588,-1.1916666666666667,0.0,1.0
1985-03,-0.6365175072580216,-0.8401268,-1.0026154507169256,1.4729026184215182,-0.3990382824788815,0.08306716345480726,-1.1833333333333333,0.0,1.0
1985-04,-0.8021073656812686,0.49443543,-0.9381930854827208,1.4398405190696777,-0.7131074852755411,0.07410441276310382,-1.175,0.0,1.0
1985-05,-1.2781782086481037,0.4047197,-0.8082063251766733,1.3797476462193048,-0.8149737252171784,0.02195749964773897,-1.1666666666666667,0.0,1.0
1985-06,-0.6054694088036627,0.07564344,-0.8807571262880219,1.1407586000872423,-0.7215599725661735,-0.0018345294611461281,-1.1583333333333332,0.0,1.0
1985-07,-0.036254270473751134,2.0933933,-0.823653433963233,0.7898487351904354,-0.927647977660771,-0.016011971464386012,-1.15,0.0,1.0
1985-08,-0.398482085774604,2.2666996,-0.987696448213667,0.6842958764546516,-0.903821899636595,-0.038011450434930504,-1.1416666666666666,0.0,1.0
1985-09,-0.47092764883477456,2.1816947,-1.0498589586439118,0.5524822961886698,-1.0346038860861622,-0.1317129349391017,-1.1333333333333333,0.0,1.0
1985-10,-0.056953002776657005,1.6068735,-0.9692787415835378,0.18492429676614303,-1.1502291138219225,-0.14377190859702985,-1.125,0.0,1.0
1985-11,-0.015555538170845254,0.98894745,-1.0011543566664591,-0.2193965940574734,-1.1180254094504039,-0.15240874108176214,-1.1166666666666667,0.0,1.0
1985-12,-0.36743398732024524,0.701977,-1.0048599024209557,-0.44597576635052744,-1.1016426766984238,-0.07206990306340322,-1.1083333333333334,0.0,1.0
1986-01,-0.38813271962315105,0.6032045,-1.036216212991964,-0.4020988729931725,-1.3605533755221484,0.005987507506158618,-1.1,0.0,1.0
1986-02,-0.3260365227144334,1.3798292,-0.8192234709885773,-0.35678282341056333,-1.5083401084013977,0.0628602346226033,-1.0916666666666666,0.0,1.0
1986-03,-0.4191808180775099,2.3623376,-0.9272282787756803,-0.6710378205102833,-1.4360803747259359,-0.01813043980969768,-1.0833333333333333,0.0,1.0
1986-04,-0.5537225780463981,0.37549195,-0.9400348561457341,-0.9800874150635782,-1.2834159141027588,0.0048467937817600025,-1.075,0.0,1.0
1986-05,-0.20184412889699813,0.17994808,-0.9676944227336344,-1.1932753564603182,-0.8855982252801713,-0.01405646222255984,-1.0666666666666667,0.0,1.0
1986-06,0.10863685564659,0.74625885,-1.0601592316111321,-1.3682859624131982,-0.3670396379415607,-0.045996446505720746,-1.0583333333333333,0.0,1.0
1986-07,0.5640089663105193,0.50528425,-1.0030115304294016,-1.3774852380981062,-0.18820829547739992,-0.01568605325741495,-1.05,0.0,1.0
1986-08,1.0711279077317133,-0.60936105,-1.0529835874867775,-1.4583846458149734,-0.17582784883560473,0.0783413494537273,-1.0416666666666667,0.0,1.0
1986-09,1.3402114276694896,-0.46327838,-1.06588918478495,-1.4526047719267774,-0.16571906885212379,-0.043715019056923515,-1.0333333333333332,0.0,1.0
1986-10,0.5743583324619722,0.07993614,-0.8016049966354081,-1.4169541822583571,-0.09539779686287045,-0.09243979099909252,-1.025,0.0,1.0
1986-11,0.6571532616735958,-0.028501969,-0.9426951915478642,-1.2276866324697493,0.326823596779296,-0.0857584677561864,-1.0166666666666666,0.0,1.0
1986-12,1.0814772738831664,0.45530167,-1.0471084050850512,-1.1221116961293878,0.5240255257664341,-0.0679959254762653,-1.0083333333333333,0.0,1.0
1987-01,0.9986823446715427,0.5911069,-1.0508711623535727,-1.193405778704875,0.48079599328385364,-0.02562655857003136,-1.0,0.0,1.0
1987-02,1.1021760061860721,-0.19712207,-1.0589460017299412,-1.136617549498343,0.5477966055248694,-0.07777347168539615,-0.9916666666666667,0.0,1.0
1987-03,1.5058012860927368,-0.4696659,-0.9874323950720161,-1.0485752154669923,0.7594472276959939,-0.08201040837601963,-0.9833333333333333,0.0,1.0
1987-04,1.7024392429703425,-0.30650613,-0.7370308008447544,-0.9068486008459369,1.21401411022429,-0.1074320285197599,-0.975,0.0,1.0
1987-05,1.961173396756666,-0.18224281,-0.650302546469615,-0.06657603153686424,1.7090603699089648,-0.12535752990316662,-0.9666666666666667,0.0,1.0
1987-06,2.0750164244226488,-1.533158,-0.8416024462669326,0.6011024506863402,1.4953167077319989,-0.09586193217228837,-0.9583333333333334,0.0,1.0
1987-07,1.971522762908119,-0.9574188,-0.7068099187828436,1.01048742867457,1.0618808213142419,-0.055773992714851665,-0.95,0.0,1.0
1987-08,1.5161506522441897,-0.628199,-0.6003965026976528,1.313899808514151,0.1485272245652549,-0.04925562857543103,-0.9416666666666667,0.0,1.0
1987-09,1.2574164984578662,-0.5579206,-0.7068803329539501,1.3273038513466704,-0.4178823277399747,-0.0810326537551065,-0.9333333333333333,0.0,1.0
1987-10,1.1539228369433367,-0.14457014,-0.4935870068999863,1.212573585428871,-0.6086806697749562,-0.1660973057745454,-0.9249999999999999,0.0,1.0
1987-11,0.8641405847026545,-0.22947492,-0.4615837661319333,1.1040678499535086,-0.5502479651936577,-0.1815784206056693,-0.9166666666666666,0.0,1.0
1987-12,0.7606469231881251,-0.51125664,-0.6155135450571494,0.9867711563854792,-0.3932196615341117,-0.16137149177346544,-0.9083333333333333,0.0,1.0
1988-01,0.5950570647648781,0.24898706,-0.3474335929963808,0.8610507367587791,-0.571202239859189,-0.17228975170699495,-0.9,0.0,1.0
1988-02,0.3052748125241958,0.19395006,-0.3909613876053697,0.40991684509976944,-0.6636912865330692,-0.14589037694234158,-0.8916666666666666,0.0,1.0
1988-03,0.1810824187067606,-0.8046364,-0.15757938414960052,0.0010682436045073352,-0.7792848289272055,-0.20048167660998908,-0.8833333333333333,0.0,1.0
1988-04,-0.02590490432229819,-1.2425473,0.04128783859885265,-0.33486847372246087,-0.7532298675836754,-0.2174294233724827,-0.875,0.0,1.0
1988-05,-0.38813271962315105,-0.7625181,-0.075392843810852,-0.7396833601812806,-0.8261460976526792,-0.2441547163441071,-0.8666666666666667,0.0,1.0
1988-06,-1.2471301101937449,0.26322943,0.4557544515050187,-0.9140916607268483,-0.6602886349357989,-0.2503471622765567,-0.8583333333333333,0.0,1.0
1988-07,-1.8473933469780155,0.41939917,0.7390130583250031,-1.088651436523877,-0.47056235713317945,-0.15957894163512476,-0.85,0.0,1.0
1988-08,-1.8680920792809212,-0.08873391,0.7469346525745214,-1.25786213560198,-0.6619427430373538,-0.03263380001990855,-0.8416666666666667,0.0,1.0
1988-09,-1.8473933469780155,-0.3839338,0.6665348718276091,-1.3026532405716613,-0.7216014779121832,-0.25425818076020906,-0.8333333333333334,0.0,1.0
1988-10,-1.6093579254945978,-0.43836203,0.9655706538612158,-1.2965011095918488,-0.6502930201340921,-0.28554632862942797,-0.825,0.0,1.0
1988-11,-1.6818034885547686,-0.36509904,0.6391811667954541,-1.0211329309638646,-0.4322212668779683,-0.25930991296826006,-0.8166666666666667,0.0,1.0
1988-12,-1.5576110947373332,0.8297682,1.4728167389720148,-0.9403515510267938,-0.4255399497518958,-0.25230267151838287,-0.8083333333333333,0.0,1.0
1989-01,-1.1436364486792157,1.6431913,2.175462148904255,-1.1685086809010699,-0.5821586365919357,-0.20716299985289516,-0.8,0.0,1.0
1989-02,-1.1125883502248568,1.2901914,1.9527144629832862,-1.1921075238010455,-0.7849283517598751,-0.27560582331681155,-0.7916666666666666,0.0,1.0
1989-03,-1.257479476345198,1.0311532,1.6675559309393309,-1.2469708032999676,-0.8822863194829679,-0.28733887876776865,-0.7833333333333333,0.0,1.0
1989-04,-1.1436364486792157,0.79767436,1.4200237141846712,-1.3813939664800094,-0.5608635157664399,-0.2907610199409645,-0.775,0.0,1.0
1989-05,-1.0918896179219508,0.54829234,1.4911024190313178,-1.3922219414806194,-6.200792624528626e-05,-0.3251453907764082,-0.7666666666666666,0.0,1.0
1989-06,-1.071190885619045,0.5715853,2.5716760883938243,-1.1464164924316187,0.8444747809990751,-0.29630162945947197,-0.7583333333333333,0.0,1.0
1989-07,-1.1746845471335745,0.65553474,1.3563032902186876,-1.0016182423052746,1.2667713900736992,-0.20879259088775032,-0.75,0.0,1.0
1989-08,-0.7710592672269098,1.2687311,2.066738267829621,-0.45254736372063376,1.4227457995361394,-0.08054377644464994,-0.7416666666666667,0.0,1.0
1989-09,-0.6468668734094745,1.6242036,2.187155302193683,-0.3994776976241504,1.538816198665537,-0.2518137942079263,-0.7333333333333333,0.0,1.0
1989-10,-0.5951200426522099,1.30454,1.7562117732485174,0.03266854892534523,1.6128352046947367,-0.33052304119143017,-0.725,0.0,1.0
1989-11,-0.35708462116879225,0.28126186,2.2196250368453163,0.47814745555665683,1.6130473038153519,-0.32335284063806746,-0.7166666666666667,0.0,1.0
1989-12,-0.036254270473751134,0.9643121,1.735549614914359,1.184744282715939,1.5283691037628737,-0.318789985740473,-0.7083333333333334,0.0,1.0
1990-01,0.10863685564659,0.6417294,1.6754775251888485,1.2617935729100407,1.0586250794172842,-0.25800624014037593,-0.7,0.0,1.0
1990-02,0.4294672063416311,0.042809807,1.0753884693798317,1.3610949918435227,0.9902851712463172,-0.12829079376590585,-0.6916666666666667,0.0,1.0
1990-03,0.6157557970677839,-0.020372387,1.3394699024384622,1.5803505234521982,0.2894259013155447,-0.29809417959781265,-0.6833333333333333,0.0,1.0
1990-04,0.16038368640385472,0.27338517,1.3318233635448296,1.4513756073733302,-0.17533502224319722,-0.34714486974695263,-0.675,0.0,1.0
1990-05,0.01549256028351356,0.13037762,1.4827187317839132,1.1082732269739946,-0.6127197508973781,-0.3513818064375761,-0.6666666666666666,0.0,1.0
1990-06,0.025841926434966505,0.0017529322,1.1215886530483197,1.1151565788155233,-0.9659564467471021,-0.29369428380370377,-0.6583333333333333,0.0,1.0
1990-07,0.16038368640385472,0.825029,1.337555517161496,0.8534192432139721,-0.8615525781023288,-0.19542994440193814,-0.65,0.0,1.0
1990-08,0.04654065873787238,0.53711885,2.180479158595615,0.833242985869274,-1.0063562800037649,-0.19836320826467735,-0.6416666666666666,0.0,1.0
1990-09,0.20178115100966645,0.5180437,1.18148030646037,0.924370099085963,-0.9928989579693053,-0.23535492475588934,-0.6333333333333333,0.0,1.0
1990-10,-0.07765173507956288,0.82058334,1.21384662029819,0.7221847389307496,-1.0493410377192545,-0.323515799741553,-0.625,0.0,1.0
1990-11,0.10863685564659,1.0907483,1.2079472330251475,0.3424224687032536,-1.306681453089034,-0.3106420305661973,-0.6166666666666667,0.0,1.0
1990-12,0.27422671406983706,1.1545612,1.5758634775011604,-0.006550940412699623,-1.2900885822645167,-0.29825713870129816,-0.6083333333333333,0.0,1.0
1991-01,0.15003432025240176,0.50268364,2.0580905274405645,-0.11970129816597255,-1.161333619267429,-0.2791909235934929,-0.6,0.0,1.0
1991-02,0.06723939104077825,0.18006359,2.366966689886351,-0.10680738006269593,-1.3386608179024546,-0.3005385661500954,-0.5916666666666667,0.0,1.0
1991-03,0.20178115100966645,0.19056898,2.171039258781606,-0.22681477222646032,-1.1259024523873862,-0.3072198893930015,-0.5833333333333334,0.0,1.0
1991-04,0.20178115100966645,0.28724042,1.6071339708011325,-0.6427123225677871,-1.0407778320971217,-0.3143900899463642,-0.575,0.0,1.0
1991-05,0.34667227713000753,-0.1708227,1.493280857449935,-0.9421147002321064,-0.5915637577425221,-0.30379774821980565,-0.5666666666666667,0.0,1.0
1991-06,0.9055380493084663,-1.0760595,1.8784199680901092,-1.163716287021533,0.00035337181208433495,0.020979745026825918,-0.5583333333333333,0.0,1.0
1991-07,0.8951886831570134,0.2136902,1.9923412951695654,-1.2257621020023175,0.31086020274592274,0.576507328808947,-0.55,0.0,1.0
1991-08,0.4191178401901781,1.0792158,1.9231593720571072,-1.1333066904880698,0.37343892397272976,1.5016261592962163,-0.5416666666666666,0.0,1.0
1991-09,0.6261051632192369,0.88160205,1.248125118970132,-1.0534803650886126,0.3896112641757859,2.2463492622250203,-0.5333333333333333,0.0,1.0
1991-10,1.112525372337525,1.993294,1.6051073629389638,-0.8921646420854349,0.5181357666920112,3.1403429039465562,-0.525,0.0,1.0
1991-11,1.1953203015491485,1.334695,0.957739277768428,-0.4808326663319015,1.0147449286650683,3.988870955795634,-0.5166666666666666,0.0,1.0
1991-12,1.3195126953665839,1.239469,1.9526012973511493,0.015341043038530372,1.3134392513450832,4.515228860053847,-0.5083333333333333,0.0,1.0
1992-01,1.7438367075761543,1.004654,1.8235453243694209,-0.053485419126037055,1.2427558379548784,5.073200830388251,-0.5,0.0,1.0
1992-02,1.629993679910172,1.35579,2.1472243969889475,-0.05292799657137173,1.2651009381282574,5.127140293641956,-0.49166666666666664,0.0,1.0
1992-03,1.7645354398790603,1.031072,0.9845164667746463,0.01664424337094126,1.3177894928202505,4.951959257395028,-0.48333333333333334,0.0,1.0
1992-04,2.0336189598168364,0.11339104,0.7805200117496306,0.19976670073458222,1.4154197001512812,4.845709921922473,-0.475,0.0,1.0
1992-05,1.7334873414247014,0.2503451,0.13545358979715008,0.5663845913858084,1.4039311504418313,4.782807707977064,-0.4666666666666667,0.0,1.0
1992-06,1.619644313758719,-0.09079753,-0.02256021105226108,0.7287890196830409,1.4475221024053853,4.465526333490765,-0.4583333333333333,0.0,1.0
1992-07,0.7709962893395781,1.0265139,0.30616394587426204,0.9195537688433845,1.1220672505782983,4.323263036147911,-0.45,0.0,1.0
1992-08,0.06723939104077825,1.7115997,0.07353312808008455,1.384149484036741,0.970731566727703,4.034010627461121,-0.44166666666666665,0.0,1.0
1992-09,0.5019127694018016,1.9714965,-0.0720151640405719,1.4730834827709989,0.44821269913383216,3.6973371196600477,-0.43333333333333335,0.0,1.0
1992-10,0.8227431200968428,1.5003024,0.23427547805988594,1.482275113170512,0.15226312696851546,3.4704980476082103,-0.425,0.0,1.0
1992-11,0.7399481908852192,2.1032088,0.41941770412031426,1.5920906644339927,-0.2674079127512332,3.2586512130770404,-0.4166666666666667,0.0,1.0
1992-12,0.791695021642484,1.8121611,0.26734813405162344,1.4715599709660785,-0.7567479947017033,2.870808546781515,-0.4083333333333333,0.0,1.0
1993-01,0.8434418523997486,2.0981355,-0.08958570017457268,1.335270968493671,-0.7980645989268486,2.699538529018238,-0.4,0.0,1.0
1993-02,0.9469355139142781,2.664996,0.36024061471390195,1.450392123686682,-0.8924303421424189,2.4228339712998332,-0.39166666666666666,0.0,1.0
1993-03,0.791695021642484,2.4316638,0.27573182129903046,1.2999889482514346,-0.9573750146885406,2.2225572331161354,-0.3833333333333333,0.0,1.0
1993-04,0.9986823446715427,2.0532138,-0.0995735102575053,0.7314724760556475,-1.099282858111891,2.0129918260337627,-0.375,0.0,1.0
1993-05,1.5161506522441897,1.1587851,-0.1365211461029653,-0.2540042979281036,-1.2257785043893712,1.8205371248173692,-0.36666666666666664,0.0,1.0
1993-06,1.5368493845470956,0.38352787,-0.17945178604965822,-0.8500978906416161,-1.0078742412905004,1.6363933378787374,-0.35833333333333334,0.0,1.0
1993-07,0.9262367816113721,0.38290036,-0.3952272116351386,-0.9894448742222808,-0.8073529265714047,1.451108837215707,-0.35,0.0,1.0
1993-08,0.6261051632192369,0.21453625,-0.522896905623203,-1.0312683246954053,-0.7686015024889253,1.3476298065024044,-0.3416666666666667,0.0,1.0
1993-09,0.6468038955221428,0.8355063,-0.6882579851390418,-1.170152873246712,-0.7327027183745332,1.2138403825407966,-0.3333333333333333,0.0,1.0
1993-10,0.9676342462171839,0.516286,-0.4472456805403064,-1.2234094126667794,-0.5421305568195203,1.1147612476216033,-0.325,0.0,1.0
1993-11,0.7089000924308604,0.3923068,-0.5674514723910462,-1.3349821605098457,-0.18134025355702463,0.994334470145808,-0.31666666666666665,0.0,1.0
1993-12,0.25352798176693114,-0.13674027,-0.40968412114050906,-1.218033396629843,0.031318533647274695,0.8667374921166496,-0.30833333333333335,0.0,1.0
1994-01,0.005143194132060624,0.292298,-0.20880569362981666,-1.327807265537194,0.013409018197415074,0.7381627594665782,-0.3,0.0,1.0
1994-02,-0.19149476274554522,0.4257461,-0.4985945861220027,-1.327912155932838,0.05051552685827471,0.6676014676573501,-0.2916666666666667,0.0,1.0
1994-03,-0.23289222735135695,0.6238843,-0.6555836093026278,-1.4140025648237258,0.20225469908651308,0.570803760186954,-0.2833333333333333,0.0,1.0
1994-04,0.01549256028351356,0.20955986,-0.8566776802123346,-1.4761275582865976,0.4533297558937743,0.47922074402809456,-0.275,0.0,1.0
1994-05,-0.015555538170845254,-0.29585713,-0.8158638662845404,-1.2466897194577624,1.1192481214503818,0.4120815933920623,-0.26666666666666666,0.0,1.0
1994-06,0.2431786156154782,-0.4886443,-0.85517697819062,-0.6448490930728795,1.818490385415412,0.3125135811624125,-0.2583333333333333,0.0,1.0
1994-07,0.8951886831570134,-0.19274196,-0.785497754994722,-0.09430455750327177,2.000562130928069,0.24830769438911957,-0.25,0.0,1.0
1994-08,0.8537912185512015,0.37040627,-0.8908549585133103,0.5574126583064948,1.921272922605275,0.2090345504491104,-0.24166666666666667,0.0,1.0
1994-09,1.0814772738831664,-0.028367724,-0.8517662917776339,0.9997092680716567,1.7280532002207196,0.15965794209299936,-0.23333333333333334,0.0,1.0
1994-10,1.5058012860927368,0.55128944,-0.7043014139371632,1.2865952087513215,0.9984778944013938,0.1720428339578985,-0.225,0.0,1.0
1994-11,1.0090317108229956,-0.026691232,-0.8675236630056329,1.5284316527054265,0.2451147435732232,0.17008732471607238,-0.21666666666666667,0.0,1.0
1994-12,0.8848393170055604,-0.22579414,-0.819758650123887,1.5566482075702441,-0.3649177359588533,0.2333154568684522,-0.20833333333333334,0.0,1.0
1995-01,0.7813456554910311,0.09487471,-0.8496626684158173,1.4555216052971018,-0.6991111194694132,-0.0019974885646316253,-0.2,0.0,1.0
1995-02,0.48121403709889576,0.46411496,-0.7785144924449976,0.9982770844474775,-0.5276649272181132,-0.016011971464385807,-0.19166666666666665,0.0,1.0
1995-03,0.1293355879494959,0.6784406,-0.7643074903772616,0.8981715025188215,-0.4987430206524217,-0.03784849133144501,-0.18333333333333332,0.0,1.0
1995-04,0.17073305255530766,-0.19617611,-0.8866235069183599,0.9217643835306413,-0.7602581596130509,-0.05854429747410539,-0.175,0.0,1.0
1995-05,0.15003432025240176,-0.48403943,-0.9085465190039006,0.5107611335532081,-1.371042223111961,-0.08021785823767888,-0.16666666666666666,0.0,1.0
1995-06,-0.015555538170845254,-0.65785444,-0.8888745599509309,0.08542130621695335,-1.475817222390464,-0.1137874335556951,-0.15833333333333333,0.0,1.0
1995-07,-0.27428969195716874,-0.068175815,-0.9251158536424753,-0.2555346659345837,-1.3602735319959336,-0.12503161169619556,-0.15,0.0,1.0
1995-08,-0.6882643380152863,0.059496675,-0.9389786435791319,-0.44428313922336077,-1.2014594476606144,-0.16805281501637157,-0.14166666666666666,0.0,1.0
1995-09,-0.9056010271957979,-0.50929916,-0.9982893800795498,-0.49601115258224987,-1.0169554314975362,-0.1258464072136231,-0.13333333333333333,0.0,1.0
1995-10,-0.6882643380152863,0.3657452,-0.9020772170334604,-0.6412751269005376,-0.7579927874912277,-0.1434459903900587,-0.125,0.0,1.0
1995-11,-0.7089630703181922,0.23078917,-1.0009497154816793,-0.7324429025795939,-0.4110148029974743,-0.19021525309040163,-0.11666666666666667,0.0,1.0
1995-12,-0.8642035625899862,0.61511475,-1.04882475050578,-0.7327564664902311,-0.1473650186274717,-0.23861410682559964,-0.10833333333333334,0.0,1.0
1996-01,-0.8745529287414392,1.2645103,-1.010999137964332,-1.0127838715829758,-0.19472209741202448,-0.23421421103149068,-0.1,0.0,1.0
1996-02,-0.8538541964385333,0.9475128,-1.0587267433176777,-1.1286786570514942,-0.20185790680149585,-0.23910298413605613,-0.09166666666666666,0.0,1.0
1996-03,-0.6779149718638333,0.17822787,-1.0550299993345693,-1.241856755063184,-0.030412552022207343,-0.23144390627223696,-0.08333333333333333,0.0,1.0
1996-04,-0.729661802621098,-0.55889773,-1.0574306824807427,-1.3542516994236464,0.24188222727797398,-0.25230267151838287,-0.075,0.0,1.0
1996-05,-0.8745529287414392,-0.7296969,-1.020240997922103,-1.3956334839744091,0.7555406052261449,-0.25311746703581045,-0.06666666666666667,0.0,1.0
1996-06,-0.9469984918016098,-1.1773014,-1.0180713612748742,-0.9703009001365738,1.5656381076846833,-0.2860352059398845,-0.058333333333333334,0.0,1.0
1996-07,-0.8021073656812686,-1.589553,-0.9822173455244169,-0.864035803435207,1.6686931183073086,-0.2681097045564779,-0.05,0.0,1.0
1996-08,-0.6365175072580216,-1.4368236,-0.9681565157315232,-0.5781719685201088,1.8898329138580634,-0.2881536742851962,-0.041666666666666664,0.0,1.0
1996-09,-0.28463905810862167,-1.3807064,-1.0525192940460417,0.027574650960319233,1.9683169869423756,-0.2977682613908416,-0.03333333333333333,0.0,1.0
1996-10,-0.3363858888658864,-0.4662224,-1.080841193930916,0.6183465082064269,1.895685271501307,-0.28636112414685555,-0.025,0.0,1.0
1996-11,-0.3260365227144334,0.12186716,-0.9124765099287999,1.0723988519785268,1.77326550418679,-0.28636112414685555,-0.016666666666666666,0.0,1.0
1996-12,-0.48127701498622755,-0.492809,-0.9454479455495709,1.436631569450966,1.0971354712939696,-0.2910869381479355,-0.008333333333333333,0.0,1.0
1997-01,-0.6986137041667393,-0.092751876,-1.021363223774118,1.4092676434996618,0.8048498155347475,-0.2910869381479355,0.0,0.0,1.0
1997-02,-0.7607099010754569,0.5847662,-1.0141441994907774,1.4477398657698386,0.3988920274784824,-0.3106420305661973,0.0,0.008333333333333333,1.0
1997-03,-0.31568715656298046,0.2790203,-0.9982585738796906,1.5515316312705816,0.2067942266834318,-0.3244935543624661,0.0,0.016666666666666666,1.0
1997-04,0.16038368640385472,0.310627,-0.9517676174064091,1.5223705998729282,-0.4386502762677471,-0.3269379409147488,0.0,0.025,1.0
1997-05,0.6882013601279546,-0.53968835,-0.9263040927799031,1.3948126442760924,-0.6375868042867383,-0.3078717258069436,0.0,0.03333333333333333,1.0
1997-06,2.3130518459060663,-0.4871957,-0.9728456594386681,1.2856991570306548,-0.9052520066767936,-0.31308641711848006,0.0,0.041666666666666664,1.0
1997-07,2.1681607197857247,-0.3345538,-0.9844617972284475,0.8590373509862677,-1.0266208037769953,-0.32172324960321236,0.0,0.05,1.0
1997-08,2.2613050151488014,-0.36789945,-0.8297926695066093,0.7021478039204415,-1.076596462929873,-0.3425820148493583,0.0,0.058333333333333334,1.0
1997-09,2.2302569166944424,-0.4536971,-0.498078110750893,0.5679123812372074,-1.1092415860456482,-0.33736732353782184,0.0,0.06666666666666667,1.0
1997-10,2.064667058271195,-0.0086712865,-0.7610728393920413,0.14324268445035615,-1.1292514016638389,-0.3388339554691915,0.0,0.075,1.0
1997-11,2.1164138890284603,-0.20747136,-0.4948038517944262,-0.28228372630042076,-0.9461658727653296,-0.35529282492122843,0.0,0.08333333333333333,1.0
1997-12,2.085365790574101,-0.51783776,-0.5291681677374043,-0.4882218564629154,-0.6015414541462484,-0.37126281706280895,0.0,0.09166666666666666,1.0
1998-01,2.29235311360316,-1.1956742,-0.6374959690995617,-0.5837111756618079,-0.5775176995522524,-0.38641801368696177,0.0,0.1,1.0
1998-02,2.4993404366322194,-0.9505474,-0.6224025029134266,-0.7828672811648559,-0.5898868857536281,-0.399780660172774,0.0,0.10833333333333334,1.0
1998-03,2.333750578208972,-0.60416615,-0.2762712713215444,-1.0026241331747898,-0.400905928804178,-0.41135075652024566,0.0,0.11666666666666667,1.0
1998-04,2.6235328304496544,-1.4784081,-0.2568061538962011,-1.2573717743286632,0.04802723012725801,-0.42210605735028967,0.0,0.125,1.0
1998-05,2.3234012120575187,-2.240728,-0.25587316612903593,-1.2171595666772002,0.7935667291335784,-0.4348168674221598,0.0,0.13333333333333333,1.0
1998-06,0.36737100943291345,-1.9833162,-0.19882448487542384,-0.8437201507411977,1.4800751691696277,-0.4434536999068921,0.0,0.14166666666666666,1.0
1998-07,-1.4851655316771626,-0.7816807,-0.07823141508359625,-0.49101280647706097,1.7456681260122633,-0.4517646141846534,0.0,0.15,1.0
1998-08,-1.8163452485236566,-0.40959942,0.36531184960399565,0.1983211130091723,1.938102178141297,-0.45795706011710297,0.0,0.15833333333333333,1.0
1998-09,-1.3713225040111803,0.02873914,0.37410261877811246,0.6785299801302287,1.8022706721107367,-0.46366062873909597,0.0,0.16666666666666666,1.0
1998-10,-1.2678288424966508,-0.20096833,-0.10193018454673677,0.9321329651692609,1.7380491958316795,-0.4667568517053208,0.0,0.175,1.0
1998-11,-1.3609731378597274,-0.23166342,0.3186448577029455,1.4894936374441197,1.3401844945836745,-0.46887532005063254,0.0,0.18333333333333332,1.0
1998-12,-1.3092263071024626,-0.14258769,0.48961486603601423,1.64432165441878,0.7283017370838818,-0.47001603377503104,0.0,0.19166666666666665,1.0
1999-01,-1.3195756732539154,-0.019373361,0.3387084955826983,1.3434288108305505,0.24400536767098974,-0.4708308292924587,0.0,0.2,1.0
1999-02,-1.236780744042292,-0.4782794,0.349131521825888,1.5546068005952658,-0.20234364288031517,-0.47164562480988625,0.0,0.20833333333333334,1.0
1999-03,-1.1643351809821216,-0.18852732,0.06963834424073799,1.0206120899857967,-0.47970414165263414,-0.4721345021203428,0.0,0.21666666666666667,1.0
1999-04,-1.2264313778908391,-0.20812072,-0.07221980522534976,1.2683901677599085,-0.7078535048812971,-0.4721345021203428,0.0,0.225,1.0
1999-05,-1.423069334768445,1.2002041,0.6220375165737889,0.9271769271393694,-0.8019162583900452,-0.4721345021203428,0.0,0.23333333333333334,1.0
1999-06,-1.3195756732539154,1.7521976,1.0974409932443723,0.5398808486379689,-1.2461857915679104,-0.4721345021203428,0.0,0.24166666666666667,1.0
1999-07,-1.2471301101937449,2.033917,1.0115159005084204,0.3340747325607573,-1.0625841253047144,-0.4721345021203428,0.0,0.25,1.0
1999-08,-1.1229377163763097,1.9245921,1.093966493988819,0.3014171977651311,-1.133664614141932,-0.4721345021203428,0.0,0.2583333333333333,1.0
1999-09,-1.2264313778908391,2.0054166,0.3204184146376994,0.2347554387440519,-1.1219620114495543,-0.4721345021203428,0.0,0.26666666666666666,1.0
1999-10,-1.3713225040111803,1.4444287,0.8631840481861978,-0.1679829031443144,-1.1947791303630249,-0.4721345021203428,0.0,0.275,1.0
1999-11,-1.3920212363140863,0.9658824,1.3471714524032712,-0.41563377040175276,-1.005706548296662,-0.4721345021203428,0.0,0.2833333333333333,1.0
1999-12,-1.4955148978286155,0.81695247,0.8792912898268829,-0.613532039186113,-1.0157976230438348,-0.4721345021203428,0.0,0.2916666666666667,1.0
2000-01,-1.3195756732539154,1.5525047,0.6452741930390413,-0.803170723722339,-1.087021283391459,-0.4721345021203428,0.0,0.3,1.0
2000-02,-1.3299250394053685,2.0090785,0.9737130511688386,-0.8310328669563443,-1.161814297174385,-0.4721345021203428,0.0,0.30833333333333335,1.0
2000-03,-1.423069334768445,1.6236634,1.7309286849354741,-0.8982985625026789,-1.2476685297361634,-0.4721345021203428,0.0,0.31666666666666665,1.0
2000-04,-0.9780465902559686,1.179209,1.308767123393039,-1.1270839401634871,-1.0879619556485551,-0.4721345021203428,0.0,0.325,1.0
2000-05,-1.0194440548617802,1.2098854,1.3749850499904672,-1.3661430085570163,-0.8136065331504495,-0.4721345021203428,0.0,0.3333333333333333,1.0
2000-06,-1.1953832794364803,1.0212066,1.3092446194908567,-1.5418553463200997,-0.34241687632699924,-0.4721345021203428,0.0,0.3416666666666667,1.0
2000-07,-0.6158187749551157,0.58308035,1.8384643268726788,-1.4065089294813422,0.10537991603938401,-0.4721345021203428,0.0,0.35,1.0
2000-08,-0.09835046738246878,0.13094893,0.9337522502923191,-1.4432131234677361,0.13553503519049043,-0.4721345021203428,0.0,0.35833333333333334,1.0
2000-09,-0.38813271962315105,-0.07819418,1.2750013279044692,-1.526593116069033,0.05468553555533787,-0.4721345021203428,0.0,0.36666666666666664,1.0
2000-10,-0.584770676500757,-0.9796628,0.922133912059693,-1.4374206491125552,0.2818994655163582,-0.4721345021203428,0.0,0.375,1.0
2000-11,-0.9573478579530628,-1.9469017,1.0913699714292553,-1.0908747533322625,0.6289046680116014,-0.4721345021203428,0.0,0.3833333333333333,1.0
2000-12,-0.8435048302870805,-1.9671725,0.9543483953410656,-0.8742888908557644,0.7905964301681712,-0.4721345021203428,0.0,0.39166666666666666,1.0
2001-01,-0.8642035625899862,-0.31799182,0.813806110697535,-0.8658120369017106,0.7451726199310024,-0.4721345021203428,0.0,0.4,1.0
2001-02,-0.9159503933472509,-1.6655508,0.44136622725137586,-1.026567728503067,0.5702259379521204,-0.4721345021203428,0.0,0.4083333333333333,1.0
2001-03,-0.8331554641356275,-1.1677077,1.1170051305978341,-0.949182046678389,0.6261653683442776,-0.4721345021203428,0.0,0.4166666666666667,1.0
2001-04,-0.6468668734094745,-0.37967858,1.1823670849277452,-0.8013431219960996,0.9425943903484165,-0.4721345021203428,0.0,0.425,1.0
2001-05,-0.6158187749551157,-0.52338856,0.6067884476434674,-0.3263709834591776,1.4078637617381355,-0.4721345021203428,0.0,0.43333333333333335,1.0
2001-06,-0.7503605349240039,-0.23602791,1.180388886808213,-0.1174222264013139,1.4714341889510227,-0.4721345021203428,0.0,0.44166666666666665,1.0
2001-07,-0.036254270473751134,-0.5515049,0.2875481993878944,0.372511586680929,1.5059152229726238,-0.4721345021203428,0.0,0.45,1.0
2001-08,0.33632291097855466,-0.7806567,0.9321019181570027,0.5480991960792884,1.5773264596302026,-0.4721345021203428,0.0,0.4583333333333333,1.0
2001-09,-0.08800110123101584,-0.271356,2.346843640049728,0.728568690343782,1.5388869501336329,-0.4721345021203428,0.0,0.4666666666666667,1.0
2001-10,-0.27428969195716874,-0.9291682,1.74030257146407,1.0494795838645374,1.2167748671507645,-0.4721345021203428,0.0,0.475,1.0
2001-11,-0.3467352550173393,-0.5842418,1.7713926284505823,1.3353731444666452,0.8810788302152753,-0.47343817494822693,0.0,0.48333333333333334,1.0
2001-12,0.005143194132060624,-0.8612843,2.18331772986836,1.653651025066219,0.3604535830624839,-0.4698530746715456,0.0,0.49166666666666664,1.0
2002-01,0.056890024889325326,-0.50014246,2.0160400646327066,1.5672220416972993,0.020026743550946063,-0.4701789928785166,0.0,0.5,1.0
2002-02,-0.28463905810862167,-0.6264132,1.6073093775309415,1.5615113831761787,-0.33032667291975365,-0.4706678701889732,0.0,0.5083333333333333,1.0
2002-03,-0.22254286119990402,-0.16289915,1.164138616382466,1.6384372365649273,-0.6487560640424226,-0.4750677659830821,0.0,0.5166666666666666,1.0
2002-04,-0.38813271962315105,0.3344819,1.4228204770433208,1.1710613940311931,-0.8376168784765877,-0.4736011340517124,0.0,0.525,1.0
2002-05,-0.11904919968537465,-0.50734484,1.2453349574400243,0.7939095004326044,-1.1058250460664545,-0.48011949819113303,0.0,0.5333333333333333,1.0
2002-06,0.3984191078872723,-0.3144078,0.6516642790669858,0.24743278574263117,-1.088004041946272,-0.4817490892259882,0.0,0.5416666666666666,1.0
2002-07,0.4191178401901781,-1.5559232,1.179189645456551,0.2632424445078985,-1.1074221857400979,-0.4977190813675687,0.0,0.55,1.0
2002-08,0.9883329785200897,-0.83737636,1.3627065789037152,0.22913142612040102,-1.085773144823942,-0.4711567474994297,0.0,0.5583333333333333,1.0
2002-09,0.8537912185512015,-0.9037024,1.1509205562000069,0.2802488378164034,-0.9998061241112104,-0.4711567474994297,0.0,0.5666666666666667,1.0
2002-10,0.8020443877939369,-1.3027323,0.9078750424105603,-0.09667966369519132,-0.9977586241581655,-0.4713197066029152,0.0,0.575,1.0
2002-11,0.7709962893395781,-0.6110469,0.8914355338999644,-0.4703509634119822,-0.6382479230586864,-0.46561613798092216,0.0,0.5833333333333334,1.0
2002-12,0.8744899508541074,-1.0181471,0.6291009381129424,-0.5425695089123093,-0.5497960131193905,-0.45877185563453055,0.0,0.5916666666666667,1.0
2003-01,0.8123937539453898,-0.80393714,0.3654438761748202,-0.6381177140824035,-0.5028046035773229,-0.4516016550811679,0.0,0.6,1.0
2003-02,0.6261051632192369,-0.27874255,-0.0019011962078838798,-0.8409673593190163,-0.6009482130410129,-0.4460610455626604,0.0,0.6083333333333333,1.0
2003-03,0.5329608678561605,-0.1596367,0.1901125901188235,-1.076569886050507,-0.4889889950790757,-0.4524164505985955,0.0,0.6166666666666667,1.0
2003-04,-0.09835046738246878,-0.6236378,0.11495866511936985,-1.2489847331110597,-0.21138524611915266,-0.44899430942539964,0.0,0.625,1.0
2003-05,-0.6054694088036627,-0.90240365,-0.05710716375154759,-1.2203000056669162,0.35642540894464547,-0.45388308252996507,0.0,0.6333333333333333,1.0
2003-06,-0.08800110123101584,-0.27203345,0.24354154288897512,-0.8483481597956722,1.0144984741904803,-0.4566533872892189,0.0,0.6416666666666666,1.0
2003-07,-0.005206172019392315,-0.35096905,0.21143488130710908,-0.28227302403363946,1.4887321860262146,-0.4493202276323707,0.0,0.65,1.0
2003-08,-0.005206172019392315,-0.6304062,0.0742592742196239,0.12561131029622993,1.5849609803767855,-0.4392167632162688,0.0,0.6583333333333333,1.0
2003-09,0.1293355879494959,-0.31454828,-0.16628653649552888,0.4103703385556248,1.4877582335454642,-0.43416503100821774,0.0,0.6666666666666666,1.0
2003-10,0.25352798176693114,-1.2623811,0.5840138641761031,0.580189698491514,1.4992167993696237,-0.44443145452780525,0.0,0.675,1.0
2003-11,0.28457608022128994,-1.2870727,0.3307186876049203,0.9025915621844923,1.5539820587987094,-0.4447573727347762,0.0,0.6833333333333333,1.0
2003-12,0.08793812334368413,-1.2565899,-0.2068913083528504,1.4359134570999132,1.2890125385109452,-0.4478535957010011,0.0,0.6916666666666667,1.0
2004-01,0.15003432025240176,-1.7493722,-0.2271573869745328,1.5531071770270743,0.8824057441012643,-0.45192757328813893,0.0,0.7,1.0
2004-02,-0.056953002776657005,-1.4689704,-0.35052711213002846,1.3129284938574823,0.3179605411971325,-0.45714226459967544,0.0,0.7083333333333334,1.0
2004-03,-0.47092764883477456,-1.1140724,-0.215935128454383,1.4510148923611625,0.056241764005289845,-0.4563274690822478,0.0,0.7166666666666667,1.0
2004-04,-0.25359095965426287,-0.82415485,-0.4008053342525073,1.266638709767818,-0.605062932905065,-0.4573052237031609,0.0,0.725,1.0
2004-05,-0.47092764883477456,-0.85103184,-0.3982638227641206,1.1108499114687527,-0.7504128987710865,-0.463334710532125,0.0,0.7333333333333333,1.0
2004-06,-0.36743398732024524,0.03519223,-0.4306147335020126,0.8956552844519207,-0.7844288976775117,-0.46480134246349464,0.0,0.7416666666666667,1.0
2004-07,0.4294672063416311,0.8591114,0.017223795623095506,0.768441903644051,-0.7494545146869462,-0.4621939968077264,0.0,0.75,1.0
2004-08,0.7502975570366722,0.008761729,-0.18048599418779024,0.5716848541153786,-0.7481553412604836,-0.4561645099787623,0.0,0.7583333333333333,1.0
2004-09,0.5433102340076135,0.38911617,-0.35646641088367803,0.1907606270747516,-0.7239640245221659,-0.4550237962543637,0.0,0.7666666666666666,1.0
2004-10,0.33632291097855466,-0.29274452,-0.3372015337574199,-0.12280144855555832,-0.8277362912452387,-0.4594236920484726,0.0,0.775,1.0
2004-11,0.5122621355532546,-0.05447354,-0.2111711696904365,-0.40739917971580186,-0.6608712533051334,-0.4600755284624147,0.0,0.7833333333333333,1.0
2004-12,0.5122621355532546,0.17434104,-0.6027729809725085,-0.6423000903921966,-0.623181096688932,-0.453231246116023,0.0,0.7916666666666666,1.0
2005-01,0.06723939104077825,0.13819501,-0.4615705634748511,-0.8818308231809533,-0.608563543929896,-0.4449203318382618,0.0,0.8,1.0
2005-02,0.6157557970677839,-0.49182245,-0.5458082308960641,-1.0151973513818626,-0.8770957329218078,-0.43986859963021074,0.0,0.8083333333333333,1.0
2005-03,0.8330924862482957,-0.86529917,-0.6656836419707632,-1.1850485074129329,-1.03206695004397,-0.42976513521410886,0.0,0.8166666666666667,1.0
2005-04,0.11898622179804295,-1.1980749,-0.7144520567907817,-1.3344257091907856,-0.3352542786448429,-0.4242245256956013,0.0,0.825,1.0
2005-05,0.17073305255530766,-1.2639202,-0.4050631911616228,-1.4520554655744224,0.1270637656017042,-0.42666891224788406,0.0,0.8333333333333334,1.0
2005-06,0.19143178485821355,-1.3690615,-0.5096062308267889,-1.4385838863984504,0.5763947982756722,-0.4304169716280509,0.0,0.8416666666666667,1.0
2005-07,-0.036254270473751134,-0.7546133,-0.4484999329631468,-1.239320479932436,1.0450685672202538,-0.42552819852348545,0.0,0.85,1.0
2005-08,-0.02590490432229819,-0.95693487,-0.5883160714671378,-1.1711286209268725,1.2170026838723202,-0.41721728424572424,0.0,0.8583333333333333,1.0
2005-09,-0.06730236892810995,-1.6008201,-0.6031954659991489,-0.8488519567506572,1.5486324245224166,-0.4147728976934415,0.0,0.8666666666666667,1.0
2005-10,-0.7503605349240039,-1.0625664,-0.9293407039088851,-0.20894095270476518,1.7908247827219614,-0.4193357525910359,0.0,0.875,1.0
2005-11,-0.7917579995298156,-1.7692279,-0.7609056057356632,0.47340894158362334,1.7594326048712374,-0.41542473410738356,0.0,0.8833333333333333,1.0
2005-12,-0.7710592672269098,-1.66374,-0.6880621457256514,0.9308211871015535,1.6881455478251122,-0.41705432514223867,0.0,0.8916666666666666,1.0
2006-01,-0.7193124364696452,-1.3112054,-0.8344796127709075,0.9729880633761332,1.5064280561997936,-0.41868391617709383,0.0,0.9,1.0
2006-02,-0.5330238457434922,-2.0186162,-0.9586718211881269,1.1870762067361618,0.932733653271098,-0.4204764663154345,0.0,0.9083333333333333,1.0
2006-03,-0.6468668734094745,-0.81593484,-0.9582545229196258,1.3617984774120975,0.5013454163902007,-0.4248763621095434,0.0,0.9166666666666666,1.0
2006-04,-0.8849022948928921,-0.6612543,-0.6527868464439781,1.0404113322243107,0.017616326357452174,-0.4193357525910359,0.0,0.9249999999999999,1.0
2006-05,-0.4605782826833216,-0.8272206,-0.7952017079503814,1.1796599997205035,-0.43296457708487895,-0.42748370776531164,0.0,0.9333333333333333,1.0
2006-06,-0.25359095965426287,-0.5549734,-0.8712754180599183,1.1011155926954912,-0.844245386663897,-0.42063942541891997,0.0,0.9416666666666667,1.0
2006-07,0.09828748949513706,-0.3277573,-0.8849797761115846,0.903715147855891,-0.9556700041578147,-0.4051583105877961,0.0,0.95,1.0
2006-08,0.5640089663105193,0.44665697,-0.8214089822592032,0.6480081072331301,-0.7399401495422347,-0.39244750051592586,0.0,0.9583333333333334,1.0
2006-09,0.6364545293706899,0.83554065,-0.8778239359728527,0.6467629460489507,-0.9909738202261126,-0.3859291363765053,0.0,0.9666666666666667,1.0
2006-10,0.6882013601279546,0.18530223,-0.976738242835167,0.2915143922447705,-0.9648780426837205,-0.3953807643786652,0.0,0.975,1.0
2006-11,0.9158874154599193,1.0764529,-0.7592002625291696,-0.282084248612529,-0.9678362498827748,-0.3859291363765053,0.0,0.9833333333333333,1.0
2006-12,0.5950570647648781,0.53457445,-0.811573002732718,-0.5369193011387574,-0.9364226979005925,-0.36621108485475795,0.0,0.9916666666666667,1.0
2007-01,0.6261051632192369,-0.6291043,-0.8334894134897178,-0.6947165790744954,-0.8289338235004794,-0.35708537505956917,0.0,1.0,1.0
2007-02,0.3880697417358194,-0.09866799,-0.9359420324501498,-0.8643776808659264,-1.0110357561824832,-0.35920384340488076,0.0,1.0083333333333333,1.0
2007-03,-0.24324159350280988,0.4762625,-1.0239377419052114,-0.9886450839206702,-0.9253911319870088,-0.3802255677545122,0.0,1.0166666666666666,1.0
2007-04,-0.38813271962315105,0.17253967,-0.9953561897643814,-1.2204376382904387,-0.5736821177541915,-0.377292303891773,0.0,1.025,1.0
2007-05,-0.47092764883477456,0.14873162,-0.9310570493296139,-1.3665020358385673,0.04709054970094752,-0.38935127754970117,0.0,1.0333333333333332,1.0
2007-06,-0.9056010271957979,-1.1016877,-0.9323267048523839,-1.1560545045336883,0.878366765395508,-0.39179566410198385,0.0,1.0416666666666667,1.0
2007-07,-0.8124567318327216,-1.750237,-0.9732395387082968,-0.8716617773197864,1.382531172792312,-0.3903290321706142,0.0,1.05,1.0
2007-08,-0.9780465902559686,-0.5254803,-1.0367443192752657,-0.6210235830664219,1.6318145819826186,-0.3888624002392445,0.0,1.0583333333333333,1.0
2007-09,-1.1539858148306685,-0.4709834,-1.1006781861974162,-0.2658467979509829,1.7935412811480378,-0.3872328092043894,0.0,1.0666666666666667,1.0
2007-10,-1.1953832794364803,-0.6239718,-1.1136497967810022,-0.022815050342035417,1.8047389895070296,-0.4020620876215713,0.0,1.075,1.0
2007-11,-1.1850339132850272,-0.8198809,-1.094266095741001,0.7377936862362688,1.7072234313280295,-0.39945474196580305,0.0,1.0833333333333333,1.0
2007-12,-1.2781782086481037,-0.34816554,-0.9298688101921861,1.175058376649584,1.5887893810088807,-0.4028768831389989,0.0,1.0916666666666666,1.0
2008-01,-1.1332870825277628,-0.7025078,-1.0148279085182659,1.2076970738492063,1.2371366510640007,-0.4035287195529409,0.0,1.1,1.0
2008-02,-1.3299250394053685,-0.49482578,-1.0661815293346348,1.3508128689369252,0.8397432433533885,-0.409884124588876,0.0,1.1083333333333334,1.0
2008-03,-1.6093579254945978,0.287537,-1.00994292539773,1.5199058855074978,0.34243938787092115,-0.4150988159004125,0.0,1.1166666666666667,1.0
2008-04,-1.1850339132850272,-0.43315148,-1.0407183190571068,1.3587020094505209,-0.0992430140175786,-0.4160765705213256,0.0,1.125,1.0
2008-05,-1.0297934210132333,-0.80314106,-1.0564822916136476,1.0942644221214224,-0.5418841318360816,-0.42096534362589105,0.0,1.1333333333333333,1.0
2008-06,-0.9056010271957979,0.21420845,-1.0954257291214167,1.1292888365118485,-0.8578838762698654,-0.4238986074886303,0.0,1.1416666666666666,1.0
2008-07,-0.9159503933472509,1.0599252,-1.0992589005610445,0.8418759421658809,-1.0365136510449244,-0.41721728424572424,0.0,1.15,1.0
2008-08,-1.1332870825277628,1.3623774,-1.096090262861237,0.5378718620361654,-1.0950672039777796,-0.4023880058285423,0.0,1.1583333333333332,1.0
2008-09,-1.1229377163763097,1.032992,-1.098904629262663,0.4583024237396571,-1.1503317054127038,-0.37126281706280895,0.0,1.1666666666666667,1.0
2008-10,-1.1746845471335745,0.6262351,-1.0991928872756316,0.025543703594175786,-1.199371283230861,-0.36784067588961317,0.0,1.175,1.0
2008-11,-1.102238984073404,0.08007975,-1.114525573034143,-0.27969649297956317,-1.0474956829583184,-0.3683295532000697,0.0,1.1833333333333333,1.0
2008-12,-1.102238984073404,-0.168962,-1.1156852064145586,-0.3967407297703414,-1.1778074815795743,-0.37338128540812066,0.0,1.1916666666666667,1.0
2009-01,-1.0608415194675922,0.59802824,-1.1038138172545175,-0.4311661419656428,-1.3622189908646036,-0.3862550545834763,0.0,1.2,1.0
2009-02,-0.8952516610443451,-0.35860226,-1.0900806962713503,-0.40837590376327865,-1.6947774572827052,-0.39684739631003485,0.0,1.2083333333333333,1.0
2009-03,-0.9883959564074215,0.057776473,-1.0842078714869603,-0.47843913631111357,-1.317171052213376,-0.3991288237588321,0.0,1.2166666666666666,1.0
2009-04,-0.8538541964385333,0.20473018,-1.0493132488178338,-0.8372541602584262,-1.2772984039837556,-0.40255096493202785,0.0,1.225,1.0
2009-05,-0.7607099010754569,0.19996919,-1.0113952176768077,-1.0908794463429499,-1.1146147898538268,-0.4066249425191657,0.0,1.2333333333333334,1.0
2009-06,-0.07765173507956288,-0.20513925,-1.038808334665834,-1.2658161735027804,-0.4785187198610074,-0.4067879016226512,0.0,1.2416666666666667,1.0
2009-07,0.4915634032503487,-0.47122064,-1.0457221260913852,-1.2324710571899846,0.03795878728328238,-0.31341233532545104,0.0,1.25,1.0
2009-08,0.5226115017047076,-0.27448732,-1.0745699318167137,-1.1161266940755386,0.17093200779059192,-0.26990225469481854,0.0,1.2583333333333333,1.0
2009-09,0.3880697417358194,-0.7426656,-1.0302134049051075,-1.3038618760074596,-0.07668674208249786,-0.2848944922154859,0.0,1.2666666666666666,1.0
2009-10,0.5640089663105193,-0.8743341,-1.0170723602222957,-1.2791403722801642,-0.0075153723789188115,-0.3316637549158288,0.0,1.275,1.0
2009-11,1.0711279077317133,-1.093249,-1.0133646140249515,-1.0635032560800755,0.47014772513171543,-0.34812262436786573,0.0,1.2833333333333332,1.0
2009-12,0.9779836123686368,-1.2351513,-0.9655159843150166,-1.1674900077197596,0.39674591152500815,-0.36637404395824347,0.0,1.2916666666666667,1.0
2010-01,0.9469355139142781,-0.78410333,-0.8810189789868252,-1.2108723006562951,0.4796617709800717,-0.3823440360998239,0.0,1.3,1.0
2010-02,1.309163329215131,-1.8501178,-0.7957628208763887,-1.2889224184172727,0.35073003666895264,-0.4015732103111148,0.0,1.3083333333333333,1.0
2010-03,1.3402114276694896,-1.1582638,-0.7979082526522998,-1.2046175565933748,0.6628892887838246,-0.420313507211949,0.0,1.3166666666666667,1.0
2010-04,0.4915634032503487,-1.3167875,-0.9225039279829812,-1.1256079946364421,1.0878430086415019,-0.41786912065966625,0.0,1.325,1.0
2010-05,-0.19149476274554522,-2.1166768,-0.944061666555906,-0.5210960407171754,1.656109886295046,-0.4216171800398331,0.0,1.3333333333333333,1.0
2010-06,-1.3920212363140863,-1.6159959,-0.9568836470258889,0.5019311628977963,1.7521842778893033,-0.4230838119712027,0.0,1.3416666666666666,1.0
2010-07,-2.5304515129739094,-0.79399055,-0.8002847309271551,1.2036056403031397,1.2054270900251443,-0.4196616707980069,0.0,1.35,1.0
2010-08,-2.4994034145195503,-1.017707,-0.8191645305551728,1.3497198994333952,0.05766646882307116,-0.415587693210869,0.0,1.3583333333333334,1.0
2010-09,-2.375211020702115,-0.5696997,-0.8104287724522323,1.301504452143226,-0.5887752558449882,-0.4144469794864704,0.0,1.3666666666666667,1.0
2010-10,-2.2717173591875857,-0.15189113,-0.8263599786651514,1.1677154000704721,-0.5694720153255086,-0.4243874847990869,0.0,1.375,1.0
2010-11,-2.1268262330672445,0.9880889,-0.835736065636595,1.136271310329265,-0.6263071191276633,-0.41998758900497796,0.0,1.3833333333333333,1.0
2010-12,-1.9922844730983564,1.3323972,-0.8169860921365554,0.665710090561338,-0.5901955656536275,-0.39619555989609273,0.0,1.3916666666666666,1.0
2011-01,-1.9094895438867332,1.9830633,-0.8346446459844393,0.34579452672553423,-0.799802105116741,-0.3882105638253025,0.0,1.4,1.0
2011-02,-1.702502220857674,2.4995039,-0.5985033359767116,0.4062645897893694,-0.8866349701354056,-0.3955437234821507,0.0,1.4083333333333332,1.0
2011-03,-1.8680920792809212,2.484531,-0.1395577572319476,0.15029729127797492,-1.1101794365233648,-0.410210042795847,0.0,1.4166666666666667,1.0
2011-04,-1.8163452485236566,0.56486684,-0.1675825973324642,-0.2129829944958315,-1.1295171974789497,-0.4136321839690429,0.0,1.425,1.0
2011-05,-1.3506237717082743,-0.80149573,-0.482628801521486,-0.6248527559249522,-1.153802865625536,-0.4196616707980069,0.0,1.4333333333333333,1.0
2011-06,-1.1332870825277628,-0.6030266,-0.4641076740775442,-0.9239558574735108,-1.061103667099339,-0.4204764663154345,0.0,1.4416666666666667,1.0
2011-07,-0.9056010271957979,-0.38086492,-0.49754780402474547,-1.0108322139016805,-0.7701059519131204,-0.35447802940380096,0.0,1.45,1.0
2011-08,-0.9262997594987039,0.3570037,-0.3520545229752659,-1.1343246368464555,-0.9208385667201547,-0.28342786028411626,0.0,1.4583333333333333,1.0
2011-09,-1.216082011739386,0.5954495,0.2939514880729214,-1.2392261187200277,-0.8440391318658858,-0.27984276000743497,0.0,1.4666666666666666,1.0
2011-10,-1.433418700919898,0.55083364,0.3037874675994065,-1.2070174505614653,-0.6724149157763493,-0.30200519808146503,0.0,1.475,1.0
2011-11,-1.2678288424966508,0.9224466,0.5800398643942618,-1.141665937905813,-0.1464781809970273,-0.3264490636042923,0.0,1.4833333333333334,1.0
2011-12,-1.2988769409510097,-0.22717091,0.3143495932654301,-0.93290834719852,0.4322474134654648,-0.34844854257483676,0.0,1.4916666666666667,1.0
2012-01,-1.1332870825277628,-0.7301465,0.15152122346658828,-1.2466229189569118,0.1501005158250128,-0.3675147576826421,0.0,1.5,1.0
2012-02,-0.7089630703181922,-0.8200152,-0.35299691953253615,-1.2056589380427787,0.06883765431783613,-0.39668443720654933,0.0,1.5083333333333333,1.0
2012-03,-0.6261681411065686,-0.9243822,-0.15711729115171238,-1.2766119762937018,-0.013521601392427137,-0.4036916786564264,0.0,1.5166666666666666,1.0
2012-04,-0.4605782826833216,-0.8977738,-0.15441734777833485,-1.180438575608801,0.24915366782918857,-0.4015732103111148,0.0,1.525,1.0
2012-05,-0.3777833534716981,-0.014787204,0.0557755543040826,-0.8508055651713037,1.0485487887898592,-0.41428402038298495,0.0,1.5333333333333332,1.0
2012-06,-0.3053377904115276,-0.4906486,0.06523085721802091,-0.32564971642042106,1.4371526790970786,-0.42129126183286203,0.0,1.5416666666666667,1.0
2012-07,0.29492544637274287,-0.47644994,0.38960473863585066,0.05915648103095499,1.5186755022769431,-0.41803207976315176,0.0,1.55,1.0
2012-08,-0.07765173507956288,-0.63682806,-0.05994573502429213,0.3699488871437971,1.5586132424519008,-0.41900983438406486,0.0,1.5583333333333333,1.0
2012-09,-0.3467352550173393,-0.85618615,0.058000202022489476,0.5344418868588134,1.5230824180296698,-0.4170543251422387,0.0,1.5666666666666667,1.0
2012-10,-0.24324159350280988,-1.5638561,0.018676087902173344,0.600085542932692,1.538724201674052,-0.4170543251422387,0.0,1.575,1.0
2012-11,-0.08800110123101584,-1.9382008,-0.06614878341023456,0.830127106405513,1.533733217578324,-0.4170543251422387,0.0,1.5833333333333333,1.0
2012-12,-0.08800110123101584,-1.3042278,-0.3383897728948474,1.3354306889454448,1.2624809435290512,-0.4170543251422387,0.0,1.5916666666666666,1.0
2013-01,-0.06730236892810995,-2.177967,0.031086585559751197,1.2489565790767092,0.9460609435098841,-0.4170543251422387,0.0,1.6,1.0
2013-02,-0.08800110123101584,-1.4048141,-0.40431346884872255,1.2923697348838783,0.6928235183496876,-0.4170543251422387,0.0,1.6083333333333334,1.0
2013-03,-0.1604466642911864,-1.4411507,-0.23250446309295805,1.5154223022956403,0.5077744496071156,-0.4170543251422387,0.0,1.6166666666666667,1.0
2013-04,-0.398482085774604,-1.4034499,0.08876459346762997,1.4058331336906222,-0.0030384500972494527,-0.4170543251422387,0.0,1.625,1.0
2013-05,-0.7503605349240039,-1.0611646,0.26048275236870777,1.3039199370684842,-0.21047816380392592,-0.4170543251422387,0.0,1.6333333333333333,1.0
2013-06,-1.236780744042292,-0.582097,-0.1605565833217112,1.328825122198846,-0.6793672066046236,-0.4170543251422387,0.0,1.6416666666666666,1.0
2013-07,-0.8952516610443451,0.41144443,-0.0458849052313978,1.0897144045300364,-0.8376248529699388,-0.4170543251422387,0.0,1.65,1.0
2013-08,-0.5330238457434922,0.7397558,-0.0654248377135417,1.075997124039805,-0.8180565568739191,-0.4170543251422387,0.0,1.6583333333333332,1.0
2013-09,-0.40883145192605697,0.19507085,-0.365061340644405,1.1302520997462686,-0.8464956452146771,-0.4170543251422387,0.0,1.6666666666666667,1.0
2013-10,-0.18114539659409226,0.18138729,0.2048335527658449,0.9319475884111192,-0.8773454015072529,-0.4170543251422387,0.0,1.675,1.0
2013-11,-0.20184412889699813,0.5534186,0.48276708789587525,0.5836420936699857,-1.1070503888825094,-0.4170543251422387,0.0,1.6833333333333333,1.0
2013-12,-0.3777833534716981,0.9381688,0.44168922082643075,0.18953880110814086,-1.2295594804716832,-0.4170543251422387,0.0,1.6916666666666667,1.0
2014-01,-0.5433732118949451,0.88322234,0.6859383768532336,0.18302360501605838,-1.3834060344349441,-0.4170543251422387,0.0,1.7,1.0
2014-02,-0.4605782826833216,1.4333551,0.9132834165797244,0.057479137851310515,-1.3338946682466313,-0.4170543251422387,0.0,1.7083333333333333,1.0
2014-03,-0.09835046738246878,0.9262148,0.5494229026198749,-0.1509607717505315,-1.2135475849993467,-0.4170543251422387,0.0,1.7166666666666666,1.0
2014-04,-0.18114539659409226,-0.11850179,0.4848134997436673,-0.6951305385598041,-1.23224155529467,-0.4170543251422387,0.0,1.7249999999999999,1.0
2014-05,-0.20184412889699813,-0.21237908,0.23651992976391573,-1.0583770964721766,-0.5716970707410144,-0.4170543251422387,0.0,1.7333333333333334,1.0
2014-06,-0.02590490432229819,-0.7421848,0.09142492886975993,-1.2279184225204958,-0.044201580025568316,-0.4170543251422387,0.0,1.7416666666666667,1.0
2014-07,0.3156241786756488,-0.8849301,0.41647214579879893,-1.3266391162374678,0.3998038685902372,-0.4170543251422387,0.0,1.75,1.0
2014-08,0.15003432025240176,0.29529506,0.13954641349273528,-1.3352960230889983,0.35353534335902986,-0.4170543251422387,0.0,1.7583333333333333,1.0
2014-09,-0.17079603044263933,-0.05104563,0.5683753168618467,-1.371076271790791,0.46031676831483576,-0.4170543251422387,0.0,1.7666666666666666,1.0
2014-10,0.056890024889325326,-0.7471487,0.6656062849461375,-1.3701162987754627,0.6935294438281373,-0.4170543251422387,0.0,1.775,1.0
2014-11,0.33632291097855466,-0.61597335,0.6090306989046489,-0.892513508307468,1.3161507675130752,-0.4170543251422387,0.0,1.7833333333333332,1.0
2014-12,0.33632291097855466,-0.9279944,0.6636258863837581,-0.371321899788059,1.6796593476881057,-0.4170543251422387,0.0,1.7916666666666667,1.0
2015-01,0.22247988331257235,-1.531959,0.32137340683333543,-0.26588451680686015,1.615654154643835,-0.4170543251422387,0.0,1.8,1.0
2015-02,0.03619129258641945,-0.1401869,0.09033350921760425,0.06974783791799986,1.714051760321399,-0.4170543251422387,0.0,1.8083333333333333,1.0
2015-03,0.11898622179804295,-0.51741314,0.07214684908641901,0.3133913569451831,1.5932700491968586,-0.4170543251422387,0.0,1.8166666666666667,1.0
2015-04,0.34667227713000753,-0.7838567,0.17198534194451018,0.626481299262118,1.5662430923608655,-0.4170543251422387,0.0,1.825,1.0
2015-05,0.9779836123686368,-1.3335336,0.021250606033266367,0.9878118592032568,1.2244328033649445,-0.4170543251422387,0.0,1.8333333333333333,1.0
2015-06,1.8990771998479485,-1.3266404,0.18951627010726255,1.269712357766283,0.42051808346710057,-0.4170543251422387,0.0,1.8416666666666666,1.0
2015-07,1.7748848060305131,-1.7381613,-0.22471489541426526,1.3607714192473181,-0.27205764627447165,-0.4170543251422387,0.0,1.8499999999999999,1.0
2015-08,1.971522762908119,-0.53173983,-0.2527045284292284,1.3300643785357085,-0.637612971859256,-0.4170543251422387,0.0,1.8583333333333334,1.0
2015-09,2.2716543813002543,0.041592244,-0.37795373528549503,1.4467437927480409,-0.8566430976890601,-0.4170543251422387,0.0,1.8666666666666667,1.0
2015-10,2.1681607197857247,0.6139971,-0.37225458831153685,1.0819935933561056,-0.7776227249527816,-0.4170543251422387,0.0,1.875,1.0
2015-11,1.9301252983023072,1.0759534,-0.2941190632542777,0.8232638136145882,-1.0344155929663101,-0.4170543251422387,0.0,1.8833333333333333,1.0
2015-12,1.950824030605213,0.6014749,-0.25270452842922814,0.38494533995791297,-0.9129404228608968,-0.4170543251422387,0.0,1.8916666666666666,1.0
2016-01,1.9922214952110249,-0.25632066,-0.43767375415547166,0.3346642206191937,-0.8196666519082325,-0.4170543251422387,0.0,1.9,1.0
2016-02,1.8576797352421366,-0.62424034,-0.41982285125181723,0.5411026206934234,-0.6867695588664219,-0.4170543251422387,0.0,1.9083333333333332,1.0
2016-03,1.3402114276694896,-1.6956714,-0.6334031454039777,0.606203760690857,-0.24100373228802086,-0.4170543251422387,0.0,1.9166666666666667,1.0
2016-04,1.3609101599723956,-1.90759,-0.561380450575929,0.8588796629877974,0.37851392191731936,-0.4170543251422387,0.0,1.925,1.0
2016-05,1.288464596912225,-2.190961,-0.5372878018431597,0.9610866616483039,0.46731781976371745,-0.4170543251422387,0.0,1.9333333333333333,1.0
2016-06,0.3570216432814605,-1.9050674,-0.7579042016922344,0.9249106611155574,0.2753996354250854,-0.4170543251422387,0.0,1.9416666666666667,1.0
2016-07,-0.5433732118949451,-1.8721246,-0.6704365985204738,0.9382658310831152,-0.19559282825119118,-0.4170543251422387,0.0,1.95,1.0
2016-08,-0.3053377904115276,-2.2762308,-0.7053576265037652,1.0401383253351397,-0.6886315009368572,-0.4170543251422387,0.0,1.9583333333333333,1.0
2016-09,-0.36743398732024524,-2.09827,-0.6723641864545231,1.0037890202155215,-0.8472789717043383,-0.4170543251422387,0.0,1.9666666666666666,1.0
2016-10,-0.6365175072580216,-1.81907,-0.7363178573622978,1.0173547314328906,-0.8628880527506461,-0.4170543251422387,0.0,1.9749999999999999,1.0
2016-11,-0.5433732118949451,-1.423318,-0.9141818531352935,1.0753205293554098,-0.9756373642090178,-0.4170543251422387,0.0,1.9833333333333334,1.0
2016-12,-0.36743398732024524,-0.6245837,-0.9976644543109771,1.1163899476585386,-1.1142099623429342,-0.4170543251422387,0.0,1.9916666666666667,1.0
2017-01,-0.4398795503804157,0.37502676,-0.9549538586489927,0.9560888338396959,-1.1846122683612441,-0.4170543251422387,0.0,2.0,1.0
2017-02,-0.4398795503804157,0.5935826,-0.9518017242705387,1.0035384286723346,-1.2339828066675491,-0.4170543251422387,0.0,2.0083333333333333,1.0
2017-03,-0.6158187749551157,1.2033043,-0.9753519638415015,0.656189908571008,-1.3225594307173179,-0.4170543251422387,0.0,2.0166666666666666,1.0
2017-04,-0.23289222735135695,0.97730565,-0.816636221723869,-0.02163150428698823,-1.4207012240895263,-0.4170543251422387,0.0,2.025,1.0
2017-05,0.16038368640385472,0.3211761,-0.9480884769660777,-0.7741550857375958,-1.1167764419510573,-0.4170543251422387,0.0,2.033333333333333,1.0
2017-06,-0.31568715656298046,0.44932938,-0.9098843882549302,-1.1707873147155847,-0.5803710505429908,-0.4170543251422387,0.0,2.0416666666666665,1.0
2017-07,-0.7400111687725509,-0.047005817,-0.8466260572868356,-1.3402999860203162,-0.20953880028139332,-0.4170543251422387,0.0,2.05,1.0
2017-08,-0.8124567318327216,-0.35367578,-0.8531613725426874,-1.405943399639923,-0.12639422334387868,-0.4170543251422387,0.0,2.058333333333333,1.0
2017-09,-0.8435048302870805,-1.0784446,-0.5553094287608132,-1.442644598301587,-0.1217407413867541,-0.4170543251422387,0.0,2.0666666666666664,1.0
2017-10,-0.6675656057123804,-0.72850126,-0.9334995408898814,-1.4916372176442783,0.08630308750944034,-0.4170543251422387,0.0,2.075,1.0
2017-11,-0.6675656057123804,-0.48649016,-1.0418097387092624,-1.294946470257628,0.38641296851887674,-0.4170543251422387,0.0,2.0833333333333335,1.0
2017-12,-0.7710592672269098,-0.8940212,-1.0681666431316865,-0.9959253915107766,0.7651775759637187,-0.4170543251422387,0.0,2.091666666666667,1.0
2018-01,-0.8124567318327216,0.28497076,-1.101569365550487,-1.1407488725155879,0.699523336675205,-0.4170543251422387,0.0,2.1,1.0
2018-02,-0.7400111687725509,-1.1538618,-1.04805616725419,-1.2868012207516122,0.3422545828050401,-0.4170543251422387,0.0,2.1083333333333334,1.0
2018-03,-0.8331554641356275,-0.649497,-1.1043419235378187,-1.3234747453853903,0.43735470951550043,-0.4170543251422387,0.0,2.1166666666666667,1.0
2018-04,-1.3506237717082743,0.23521611,-1.044538287839652,-1.1604264627147862,0.9526429719675583,-0.4170543251422387,0.0,2.125,1.0
2018-05,-0.9573478579530628,-0.11407173,-1.0050579422771935,-0.8252606147338675,1.4642288743185663,-0.4170543251422387,0.0,2.1333333333333333,1.0
2018-06,-0.5433732118949451,-0.7423128,-0.9578386392215256,-0.09667592788580084,1.8759162632933373,-0.4170543251422387,0.0,2.1416666666666666,1.0
2018-07,-0.19149476274554522,-1.0110635,-1.0154220280869797,0.4293846991798778,1.8278264073206787,-0.4170543251422387,0.0,2.15,1.0
2018-08,0.3570216432814605,-0.4284904,-1.0381966115543435,0.8452171649797107,1.7306467048701173,-0.4170543251422387,0.0,2.158333333333333,1.0
2018-09,0.5226115017047076,-0.17229626,-1.0755755341978328,1.221172800256963,1.3270016882179354,-0.4170543251422387,0.0,2.1666666666666665,1.0
2018-10,0.4087684740387252,-1.1530375,-1.072457506683509,1.3842494371466223,0.916218463036152,-0.4170543251422387,0.0,2.175,1.0
2018-11,0.25352798176693114,-1.5044608,-1.1071584903820917,1.674633029822897,0.38544176703219063,-0.4170543251422387,0.0,2.183333333333333,1.0
2018-12,0.11898622179804295,-1.2055365,-1.0997870068443456,1.6698072557735897,-0.10767921842196679,-0.4170543251422387,0.0,2.1916666666666664,1.0
2019-01,0.06723939104077825,-1.8428093,-1.0704110948357168,1.3538327071559655,-0.3470899586207367,-0.4170543251422387,0.0,2.2,1.0
2019-02,0.5226115017047076,-0.7397809,-1.0786792588336507,0.9996526365526625,-0.46919938071843026,-0.4170543251422387,0.0,2.2083333333333335,1.0
2019-03,0.7813456554910311,0.14324945,-1.0378665451272806,1.196210709965403,-0.7876172391161763,-0.4170543251422387,0.0,2.216666666666667,1.0
2019-04,0.3259735448271017,-0.2618184,-0.9953561897643811,0.9831669730449092,-0.892387813372335,-0.4170543251422387,0.0,2.225,1.0
2019-05,0.25352798176693114,-0.22010905,-0.9964762151735496,0.5453570462761885,-1.3200753321338705,-0.4170543251422387,0.0,2.2333333333333334,1.0
2019-06,0.34667227713000753,-1.0684981,-1.0493814625460935,-0.015907016577559465,-1.323982557997395,-0.4170543251422387,0.0,2.2416666666666667,1.0
2019-07,0.23282924946402528,-0.30989033,-1.0683646829879243,-0.14068431711651727,-1.2988298028209655,-0.4170543251422387,0.0,2.25,1.0
2019-08,0.29492544637274287,-0.5737114,-1.0820294330683426,-0.23421769003622542,-1.2596767902812775,-0.4170543251422387,0.0,2.2583333333333333,1.0
2019-09,0.13968495410094883,-1.5096933,-1.079122648067339,-0.06482684411801577,-1.0837380961108887,-0.4170543251422387,0.0,2.2666666666666666,1.0
2019-10,0.2638773479183841,-0.29336894,-1.1158282351996194,-0.42759280530662935,-0.8612338025338905,-0.4170543251422387,0.0,2.275,1.0
2019-11,0.45016593864453697,-0.42335168,-1.0819876246542484,-0.6429127375122434,-0.7498373969570344,-0.4170543251422387,0.0,2.283333333333333,1.0
2019-12,0.4087684740387252,-0.33638638,-1.081105247072566,-0.7927893608044643,-0.614634069562126,-0.4170543251422387,0.0,2.2916666666666665,1.0
2020-01,0.28457608022128994,-0.6924832,-1.0565483048990603,,,-0.4170543251422387,0.0,2.3,1.0
