time,enso,solar,qboA,qboB,aod,linear_pre,linear_post,constant
1979-01,0.5497243618720534,1.518254695269892,-1.0786314349467976,-0.9433088109501183,-0.4146765870261145,-1.8,0.0,1.0
1979-02,0.36461818379886424,1.5719869174733854,-0.8416446921939444,-0.882381358855603,-0.41525448245202273,-1.7916666666666667,0.0,1.0
1979-03,0.014973180771729148,1.2615225159775296,-1.1819344448226154,-0.6231583898395026,-0.4164019507365187,-1.7833333333333332,0.0,1.0
1979-04,0.28234877132189123,1.076148241355132,-1.244212136493489,-0.5567868862100852,-0.4193389983874654,-1.775,0.0,1.0
1979-05,0.34405083067962106,0.9509540556006468,-1.2437082058413509,-0.04989249704489207,-0.42340127533154365,-1.7666666666666666,0.0,1.0
1979-06,-0.046728878586000576,1.3025718525633783,-0.826412811245659,0.6756028688750143,-0.4224611435739002,-1.7583333333333333,0.0,1.0
1979-07,-0.046728878586000576,1.003201073774924,-0.7463539104877714,1.1951808560459796,-0.41919594573442426,-1.75,0.0,1.0
1979-08,0.5497243618720534,1.11709824900909,-0.6342321662765631,1.355632806068525,-0.4106769339902346,-1.7416666666666667,0.0,1.0
1979-09,0.45717127283545883,1.6369726346651323,-0.6266384622380757,1.3302213438758859,-0.4011401586719204,-1.7333333333333334,0.0,1.0
1979-10,0.3029161244411345,1.9273574560819142,0.03726947112735741,1.5982337146593943,-0.38884445228687053,-1.7249999999999999,0.0,1.0
1979-11,0.6114264212297832,2.1402502594571104,0.6984884817440669,1.8865938686897996,-0.3795082826759366,-1.7166666666666666,0.0,1.0
1979-12,0.7142631868259993,1.5325580614620895,1.1518317533368978,1.204009832817388,-0.36945700897458156,-1.7083333333333333,0.0,1.0
1980-01,0.40575289003735077,1.58096436093661,1.074230922392667,0.2904127071339316,-0.3438659785558265,-1.7,0.0,1.0
1980-02,0.2720650947622697,1.4888738822438694,1.1859529265803432,0.3786566630188047,-0.34414776340346387,-1.6916666666666667,0.0,1.0
1980-03,0.4674549493950805,0.9016206860951504,1.288104421586968,0.24780397997408307,-0.34744331814833,-1.6833333333333333,0.0,1.0
1980-04,0.5908590681105399,1.7819685948193411,1.3641797571013867,0.11698704812707823,-0.3520825809481175,-1.675,0.0,1.0
1980-05,0.5291570087528102,2.1881952312257407,1.1577115313562318,-0.21278908255336318,-0.3591997631016724,-1.6666666666666667,0.0,1.0
1980-06,0.6319937743490265,1.5762782426609874,0.9154876260015096,-0.8553974260653915,-0.3184479938674233,-1.6583333333333332,0.0,1.0
1980-07,0.5497243618720534,1.4023047221099942,0.53771874992137,-0.8649568758846049,-0.27142946787639044,-1.65,0.0,1.0
1980-08,0.09724259324870212,0.981216270183213,0.23000261499847732,-1.1298107804252862,-0.23939335946334578,-1.6416666666666666,0.0,1.0
1980-09,0.1897956822852967,1.3003137748450733,0.2694604190495518,-1.3020752886429752,-0.22762265699713471,-1.6333333333333333,0.0,1.0
1980-10,0.0869589166890805,1.6496337625167443,0.28619647975957635,-1.2366730279621774,-0.21696963439140377,-1.625,0.0,1.0
1980-11,-0.005594172347514097,1.8657227501892084,0.24895841568872207,-1.0631578496058565,-0.22604750880508845,-1.6166666666666667,0.0,1.0
1980-12,-0.05701255514562219,1.9752340012530205,0.31090934426791156,-0.767259725594201,-0.22336004721673594,-1.6083333333333334,0.0,1.0
1981-01,-0.3038207925765411,0.953735265693574,-0.10950878538730938,-0.8731354824863948,-0.2077003864078582,-1.6,0.0,1.0
1981-02,-0.17013299730146003,1.5808579370810136,-0.2703297891443562,-1.3469056403598134,-0.2080561647911808,-1.5916666666666666,0.0,1.0
1981-03,0.40575289003735077,1.6561232527335747,-0.3303979973780975,-1.2491223919308696,-0.21508068448071685,-1.5833333333333333,0.0,1.0
1981-04,0.508589655633567,2.0972783562117856,-0.7680555147132827,-1.1605076243936552,-0.2238064187918748,-1.575,0.0,1.0
1981-05,-0.18041667386108162,1.5683826962305105,-1.0764346918661043,-0.6992328396077069,-0.22927293568761495,-1.5666666666666667,0.0,1.0
1981-06,-0.6534657956036761,0.8075738460718532,-1.0297728895500862,0.22445731911747602,-0.20906314995844769,-1.5583333333333333,0.0,1.0
1981-07,-0.5609127065670816,1.5536157950228255,-0.4104561134498503,0.9246710346228861,-0.18105452742937106,-1.55,0.0,1.0
1981-08,-0.28325343945729786,2.1238963026487783,-0.4975090976045787,0.8976950699250668,-0.16164343529190922,-1.5416666666666667,0.0,1.0
1981-09,-0.005594172347514097,2.0406895600591057,-0.3332272097951502,1.1830109625344396,-0.17448752154991112,-1.5333333333333332,0.0,1.0
1981-10,-0.09814726138410867,2.059133839056327,-0.26778286833497356,1.2923246044831924,-0.18456796971539774,-1.525,0.0,1.0
1981-11,-0.21126770353994653,1.658869145872941,-0.09085176785912993,1.6801425814670023,-0.19312893538501436,-1.5166666666666666,0.0,1.0
1981-12,-0.12899829106297353,1.6181133814635675,0.005705206167924595,1.508804363332061,-0.24724554255542405,-1.5083333333333333,0.0,1.0
1982-01,-0.37580652849389246,1.0431313043948094,-0.4512048965093614,1.3530372641421622,-0.29472847235079014,-1.5,0.0,1.0
1982-02,-0.43750858785162217,1.773161114195128,-0.7420117942074471,1.227582842015811,-0.3015465196051626,-1.4916666666666667,0.0,1.0
1982-03,-0.21126770353994653,1.761080824097617,-0.36369666385922156,1.3457712691606634,-0.2838443734360138,-1.4833333333333334,0.0,1.0
1982-04,-0.3038207925765411,0.8295387838771868,-0.3924530335911608,1.6965676148438429,0.4303993545339075,-1.475,0.0,1.0
1982-05,-0.05701255514562219,0.5209259998037421,0.21683249545651775,1.6440557826914508,0.5659353194509018,-1.4666666666666666,0.0,1.0
1982-06,0.7039795102663777,1.125825951157848,1.1589048039421843,2.027261725942183,0.7208459482188897,-1.4583333333333333,0.0,1.0
1982-07,1.7631981959074046,0.8681137264041685,1.234104335087572,1.0524436126247394,0.774722701727834,-1.45,0.0,1.0
1982-08,2.030573786457567,1.0169746856637072,1.5706174486459294,0.4398396832179526,0.85204517338427,-1.4416666666666667,0.0,1.0
1982-09,1.804332902145891,0.9139087786247744,1.8178873599251635,0.24250447906609754,0.9230165711264788,-1.4333333333333333,0.0,1.0
1982-10,1.8968859911824858,0.7866640022541542,1.4082686975196512,-0.48803883002514875,1.0381747072200482,-1.425,0.0,1.0
1982-11,2.267098347328864,0.8445242087350306,1.3233497279815234,-0.5781597516300492,1.3362868856707923,-1.4166666666666667,0.0,1.0
1982-12,2.5036229082001613,1.4495852936897575,1.355474111124307,-0.8099773460243866,2.194628271883484,-1.4083333333333332,0.0,1.0
1983-01,2.616743350355999,0.31226902354626684,1.0162533678311942,-0.9521856998215503,2.385201056141174,-1.4,0.0,1.0
1983-02,2.8224168815484316,-0.06057394717667277,0.719789111520671,-1.0947741528643309,2.349429479356537,-1.3916666666666666,0.0,1.0
1983-03,2.75043114563108,-0.1070315076064892,0.4150702107517797,-1.282599006911625,2.3441301414633653,-1.3833333333333333,0.0,1.0
1983-04,2.9046862940254043,-0.054601282735614334,0.300618104674113,-1.2486865218497183,2.3615937073693276,-1.375,0.0,1.0
1983-05,3.0075230596216205,0.36160239305176334,-0.5345122743647228,-1.189835592300211,2.206336259484477,-1.3666666666666667,0.0,1.0
1983-06,2.102559522374918,0.42089514346145634,-1.1164727863375916,-0.6919827741598087,2.075383254971954,-1.3583333333333334,0.0,1.0
1983-07,0.7142631868259993,0.13506620905404035,-1.215326329646544,-0.432318252722583,1.8421954696667036,-1.35,0.0,1.0
1983-08,-0.10843093794373031,0.10248631939403512,-1.2661026533074915,-0.11161304146405102,1.519898547281814,-1.3416666666666666,0.0,1.0
1983-09,-0.43750858785162217,-0.2532436953489538,-1.2870280512084378,-0.16933876192333877,1.3566770846489231,-1.3333333333333333,0.0,1.0
1983-10,-0.4786432940901087,-0.22178953358370443,-1.0508168575332317,0.2511511904530369,1.1466895244944653,-1.325,0.0,1.0
1983-11,-0.4169412347323789,-0.6589190371548321,-1.0125642921943676,0.5644523516042979,1.1363953728107332,-1.3166666666666667,0.0,1.0
1983-12,-0.4477922644112438,-0.6568502552630485,-0.4975255767984302,1.1031747731071864,1.2798504197079392,-1.3083333333333333,0.0,1.0
1984-01,-0.4889269706497303,-0.20735372881565314,-0.9716632564650378,0.841756933792857,1.2142265670794468,-1.3,0.0,1.0
1984-02,-0.5094943237689735,0.3005870277864837,-1.162433107731625,0.6682321420495865,1.1122792104695893,-1.2916666666666667,0.0,1.0
1984-03,-0.09814726138410867,-0.03491870305415949,-1.3061816107008801,0.4680414367249316,0.9994030040911668,-1.2833333333333332,0.0,1.0
1984-04,0.1383772994871886,0.14616235440098171,-1.1768781126872327,0.878053976009689,0.9264085403124346,-1.275,0.0,1.0
1984-05,-0.3963738816131357,0.1765857025841697,-1.0489006808678243,1.3920811006991274,0.8527364467354784,-1.2666666666666666,0.0,1.0
1984-06,-0.6123310893651898,-0.3916707021408193,-0.6090494635869651,1.8274384184667218,0.8212674098629744,-1.2583333333333333,0.0,1.0
1984-07,-0.28325343945729786,-0.623012199132433,-0.2797523253647077,1.9243935879392888,0.7275135525623544,-1.25,0.0,1.0
1984-08,-0.13928196762259518,-0.7549872399706267,0.2557811949708903,1.9498233460797132,0.6439979993352503,-1.2416666666666667,0.0,1.0
1984-09,-0.07757990826486545,-0.8949483269327977,0.6795015206089179,1.895394931357218,0.6005137220485451,-1.2333333333333334,0.0,1.0
1984-10,-0.12899829106297353,-1.0155601379627455,0.9910004162419502,1.6546328840595343,0.5059474366462154,-1.225,0.0,1.0
1984-11,-0.5300616768882167,-0.9839713303120448,1.4282020058363551,1.0651878056650932,0.44358875911794393,-1.2166666666666666,0.0,1.0
1984-12,-0.22155138009956815,-1.0068191919564022,1.7255759704569742,0.6706485669106793,0.35059684877299135,-1.2083333333333333,0.0,1.0
1985-01,-0.19070035042070327,-1.035757020780432,1.6135001561561693,0.2763802653124271,0.2951117932382487,-1.2,0.0,1.0
1985-02,-0.5300616768882167,-1.0401251288090347,1.2798817998230771,-0.04163115197112687,0.22803135489314424,-1.1916666666666667,0.0,1.0
1985-03,-0.55062903000746,-1.026287662606894,1.5907689252216968,-0.42626922932455635,0.15840402903393627,-1.1833333333333333,0.0,1.0
1985-04,-0.7151678549614059,-0.9616642595190897,1.5713341631072535,-0.5953262216937396,0.09887984511667892,-1.175,0.0,1.0
1985-05,-1.1985006532636222,-0.8312718596623476,1.369958029168226,-0.7752446862470802,0.03781425806175669,-1.1666666666666667,0.0,1.0
1985-06,-0.6226147659248114,-0.904049064403543,1.152893212567858,-0.7087682597937087,0.010319360781051801,-1.1583333333333332,0.0,1.0
1985-07,-0.03644520202637896,-0.8467671730372284,0.7080189830780202,-0.9340144465008694,-0.0181314038217385,-1.15,0.0,1.0
1985-08,-0.43750858785162217,-1.0113221035354278,0.6203723218077533,-0.8996460909104322,-0.032036776587885105,-1.1416666666666666,0.0,1.0
1985-09,-0.5094943237689735,-1.0736785996665361,0.4645325236857543,-1.036937564255068,-0.06372069941989303,-1.1333333333333333,0.0,1.0
1985-10,-0.015877848907135714,-0.9928469222038391,0.08338016868373127,-1.1503041554528575,-0.0790772914384778,-1.125,0.0,1.0
1985-11,0.004689504212107533,-1.0248220090341131,-0.2868778147050861,-1.0890708350964147,-0.10229498033709064,-1.1166666666666667,0.0,1.0
1985-12,-0.3655228519342708,-1.028539118396406,-0.4799019663319362,-1.0390291926162245,-0.003687292626748823,-1.1083333333333334,0.0,1.0
1986-01,-0.3449554988150276,-1.0599932801616558,-0.38769452023724343,-1.3166074612077974,0.12439347111150262,-1.1,0.0,1.0
1986-02,-0.28325343945729786,-0.8423233858224234,-0.39682586863136876,-1.5146464317964043,0.1681261520195432,-1.0916666666666666,0.0,1.0
1986-03,-0.3449554988150276,-0.9506652357944416,-0.6668689197611053,-1.4310517918322918,0.13822776096660064,-1.0833333333333333,0.0,1.0
1986-04,-0.4786432940901087,-0.9635117776522487,-1.0540740327797815,-1.2601101637321224,0.11806604602244831,-1.075,0.0,1.0
1986-05,-0.2009840269803249,-0.9912576592935949,-1.2821191803602932,-0.861920855086922,0.1117915579189734,-1.0666666666666667,0.0,1.0
1986-06,0.07667524012945887,-1.0840110158927208,-1.4669205170179194,-0.29863177976375616,0.059079600006815204,-1.0583333333333333,0.0,1.0
1986-07,0.48802230251432366,-1.0266849783344545,-1.5046508085720505,-0.08847321843443637,0.052064585325858274,-1.05,0.0,1.0
1986-08,1.0639081898531346,-1.0768129792950734,-1.533216104398101,-0.08121029321841897,0.04335522327828159,-1.0416666666666667,0.0,1.0
1986-09,1.3929858397610262,-1.0897588500847706,-1.5532552495044858,-0.05754049536738242,0.010820533960677895,-1.0333333333333332,0.0,1.0
1986-10,0.6422774509086481,-0.8246499308696634,-1.4761165128257727,0.045926247526391704,0.004294595175700914,-1.025,0.0,1.0
1986-11,0.724546863385621,-0.9661804149557003,-1.189796941835929,0.45612294903698886,-0.010490832236447915,-1.0166666666666666,0.0,1.0
1986-12,1.156461278889729,-1.0709194626695846,-1.114727388073154,0.632600170875005,-0.025787574535941226,-1.0083333333333333,0.0,1.0
1987-01,1.1256102492108644,-1.0746939620814142,-1.1997430207358646,0.6580797652845864,-0.04754767719072318,-1.0,0.0,1.0
1987-02,1.2592980444859454,-1.0827939999796083,-0.901262213714764,0.8004978141166881,-0.0857769126529459,-0.9916666666666667,0.0,1.0
1987-03,1.6809287834304318,-1.0110572263837203,-1.155071657222662,0.7419574938652489,-0.11172485841777224,-0.9833333333333333,0.0,1.0
1987-04,1.8557512849439994,-0.7598742234196277,-0.866825372510756,1.2194449089516914,-0.1264925492110414,-0.975,0.0,1.0
1987-05,2.081992169255675,-0.6728753229413441,-0.10384655779080319,1.7143151471233609,-0.1276635753636904,-0.9666666666666667,0.0,1.0
1987-06,2.1951126114115125,-0.8647721974245363,0.611515389597135,1.5113737446754876,-0.1315257923425077,-0.9583333333333334,0.0,1.0
1987-07,1.9997227567787017,-0.7295590334067199,1.0846225126822469,0.9240480876383487,-0.1502443377304826,-0.95,0.0,1.0
1987-08,1.5678083412745938,-0.6228135412686527,1.424468917420091,0.2554860968809841,-0.1615231901116069,-0.9416666666666667,0.0,1.0
1987-09,1.3621348100821615,-0.729629667313842,1.4521005771589244,-0.31993393149887167,-0.17673998119061177,-0.9333333333333333,0.0,1.0
1987-10,1.2798653976051886,-0.5156707334030239,1.3136138447132095,-0.5532009735656213,-0.182242244195171,-0.9249999999999999,0.0,1.0
1987-11,0.9919224539357832,-0.48356762261609154,1.1770225939799437,-0.5054240009037709,-0.19815294637896125,-0.9166666666666666,0.0,1.0
1987-12,0.8788020117799453,-0.6379777582038989,0.931745084092761,-0.431776430214791,-0.21513071084165958,-0.9083333333333333,0.0,1.0
1988-01,0.7142631868259993,-0.36906122993299867,0.8863111463341883,-0.5273405190645631,-0.2343311919995526,-0.9,0.0,1.0
1988-02,0.40575289003735077,-0.4127248583377244,0.3805018579584029,-0.6715473539147067,-0.24506275599196362,-0.8916666666666666,0.0,1.0
1988-03,0.24121406508340482,-0.1786145578554041,0.0877178909389776,-0.7441437731940367,-0.2641106567489814,-0.8833333333333333,0.0,1.0
1988-04,0.056107887010215636,0.020873254333801192,-0.32753962683870974,-0.7492167695664036,-0.27703023733349685,-0.875,0.0,1.0
1988-05,-0.334671822255406,-0.09617154438648727,-0.731088223907824,-0.760233747214724,-0.2949773762357351,-0.8666666666666667,0.0,1.0
1988-06,-1.1367985939058924,0.4366332608920691,-1.017653765851539,-0.5856596584371961,-0.2980570444938785,-0.8583333333333333,0.0,1.0
1988-07,-1.7641028640428111,0.7207758107669474,-1.154284773008986,-0.3257638054554386,-0.29840072559355496,-0.85,0.0,1.0
1988-08,-1.7949538937216762,0.7287221253181687,-1.2103553463241283,-0.44457732999282823,-0.2860100146012239,-0.8416666666666667,0.0,1.0
1988-09,-1.7846702171620543,0.6480714472424721,-1.3550393750073046,-0.6644014464510722,-0.2806521913442592,-0.8333333333333334,0.0,1.0
1988-10,-1.5687130094100004,0.9480404069318656,-1.2952223455581002,-0.5079061483624807,-0.2960042809903592,-0.825,0.0,1.0
1988-11,-1.6818334515658382,0.6206323816351861,-0.9667675604649191,-0.15707033860679856,-0.3080868750777931,-0.8166666666666667,0.0,1.0
1988-12,-1.527578303171514,1.4568694153617103,-0.9509687306114701,-0.1545393713410641,-0.3292911621232465,-0.8083333333333333,0.0,1.0
1989-01,-1.0853802111077846,2.1617075160550043,-0.8220158586869106,-0.03722462910832837,-0.3460000348958778,-0.8,0.0,1.0
1989-02,-1.0648128579885412,1.9382647187932933,-1.2176571128819762,-0.6490403247319974,-0.35421056590709066,-0.7916666666666666,0.0,1.0
1989-03,-1.2087843298232437,1.6522163147458906,-1.3141089191360686,-0.7340997027038053,-0.37498771878711323,-0.7833333333333333,0.0,1.0
1989-04,-1.0545291814289193,1.4039116434970187,-1.4115188475475888,-0.43299002241409734,-0.38019141537386436,-0.775,0.0,1.0
1989-05,-0.9928271220711897,1.4752121581174455,-1.152129888834078,0.361748391371143,-0.38506195913599195,-0.7666666666666666,0.0,1.0
1989-06,-0.9516924158327031,2.5591578895015004,-1.2463441866843894,0.7688311698788804,-0.38775888025441363,-0.7583333333333333,0.0,1.0
1989-07,-1.044245504869298,1.339992372170836,-0.9426824540552625,1.2695409574972758,-0.3918443284993103,-0.75,0.0,1.0
1989-08,-0.6123310893651898,2.0526443488394976,-0.39745687512684014,1.4784620482829534,-0.38866915537027624,-0.7416666666666667,0.0,1.0
1989-09,-0.4786432940901087,2.1734371592564456,-0.42577115407704913,1.5137593075564353,-0.38393998155632175,-0.7333333333333333,0.0,1.0
1989-10,-0.43750858785162217,1.741148818431638,-0.05847138727808919,1.5765432379168585,-0.38950307206793633,-0.725,0.0,1.0
1989-11,-0.3038207925765411,2.206008219678061,0.6350599934689635,1.5904677998009347,-0.39868172685966563,-0.7166666666666667,0.0,1.0
1989-12,-0.005594172347514097,1.7204221813105365,1.1908652993858915,1.3179782712320043,-0.4056799372311968,-0.7083333333333334,0.0,1.0
1990-01,0.20007935884491834,1.660162629297112,1.2668102780790953,0.8870205844495368,-0.41471015016645607,-0.7,0.0,1.0
1990-02,0.5291570087528102,1.058200922347303,1.2996642429626266,0.7156568378164118,-0.4114740585733468,-0.6916666666666667,0.0,1.0
1990-03,0.6936958337067561,1.3231064537494917,1.6402081708824001,0.31433343634761207,-0.3827794382002157,-0.6833333333333333,0.0,1.0
1990-04,0.24121406508340482,1.3154360528979665,1.5105028254037254,-0.05443728769094753,-0.37220118226483917,-0.675,0.0,1.0
1990-05,0.14866097604681025,1.4668023085507362,1.1884440656410444,-0.5889686483889228,-0.3610427797173119,-0.6666666666666666,0.0,1.0
1990-06,0.11780994636794537,1.1045452793277588,1.1937709432604422,-0.9210282729425187,-0.358127766404435,-0.6583333333333333,0.0,1.0
1990-07,0.20007935884491834,1.3211860943996139,0.7724264058290867,-0.8236614054734955,-0.35588733582961557,-0.65,0.0,1.0
1990-08,0.0869589166890805,2.1667401819374437,0.6668054833054737,-1.0583647297603995,-0.34070140191961035,-0.6416666666666666,0.0,1.0
1990-09,0.2926324478815129,1.1646238319541835,0.43714170382017187,-1.160691292562665,-0.3400967196513428,-0.6333333333333333,0.0,1.0
1990-10,-0.005594172347514097,1.1970911488247145,0.4784275360989228,-1.2131165878429875,-0.35836732445558567,-0.625,0.0,1.0
1990-11,0.1897956822852967,1.191173351793652,0.22747680106747606,-1.3083917330190453,-0.36230633189845,-0.6166666666666667,0.0,1.0
1990-12,0.3851855369181075,1.5602377238155094,-0.11057979185191578,-1.230673655514802,-0.37819770571551237,-0.6083333333333333,0.0,1.0
1991-01,0.26178141820264805,2.043969622121082,-0.12031745594786196,-1.1735404229968318,-0.3846079926496918,-0.6,0.0,1.0
1991-02,0.14866097604681025,2.353809670330769,-0.08114661710909338,-1.3913332523496194,-0.38641608176969133,-0.5916666666666667,0.0,1.0
1991-03,0.2720650947622697,2.157270823763906,-0.18780611341720047,-1.1541021324733995,-0.3932759692532159,-0.5833333333333334,0.0,1.0
1991-04,0.2720650947622697,1.5916058005064535,-0.6779690372796908,-1.0473757411678388,-0.3966701214076491,-0.575,0.0,1.0
1991-05,0.42632024315659395,1.477397394619031,-1.1162028935808754,-0.5285398775314417,-0.3980225158579705,-0.5666666666666667,0.0,1.0
1991-06,1.0639081898531346,1.8637383788610014,-1.2235989811494714,0.09589299638727296,-0.37253021928431235,-0.5583333333333333,0.0,1.0
1991-07,1.0022061304954049,1.9780152113459475,-1.2836152298400934,0.37897640717744774,0.6862889205209218,-0.55,0.0,1.0
1991-08,0.44688759627583724,1.908617397598619,-1.0670767043250735,0.48295368780825676,2.0275444103577356,-0.5416666666666666,0.0,1.0
1991-09,0.6217100977894048,1.231476617735525,-1.0123996580077939,0.4252157082563214,3.3596920099642995,-0.5333333333333333,0.0,1.0
1991-10,1.0639081898531346,1.5895728683670995,-0.3809089869987298,0.953067986525922,4.735359087224268,-0.525,0.0,1.0
1991-11,1.1358939257704856,0.9401845920741443,-0.3050653196951907,1.076746746621237,5.207442392747273,-0.5166666666666666,0.0,1.0
1991-12,1.3312837804032964,1.9381512000139893,0.23745951561653533,1.2795022312434339,5.168732176563841,-0.5083333333333333,0.0,1.0
1992-01,1.7940492255862697,1.808692492117016,-0.13776083758192736,1.18935493712052,5.230577128843741,-0.5,0.0,1.0
1992-02,1.6912124599900533,2.133381644788368,-0.10568118751062304,1.2410110401096104,5.246731095577243,-0.49166666666666664,0.0,1.0
1992-03,1.8249002552651343,0.9670453425668691,-0.024617825573804104,1.2686871405513047,5.244458989220245,-0.48333333333333334,0.0,1.0
1992-04,2.092275845815297,0.7624122917057481,0.19543151385887117,1.3490057054721367,5.133530354551832,-0.475,0.0,1.0
1992-05,1.7940492255862697,0.11533286125184222,0.4641286160164448,1.3064700716222726,5.289271329954449,-0.4666666666666667,0.0,1.0
1992-06,1.619226724072702,-0.04317404094903906,0.7118641613752337,1.335030855539597,5.440698031989366,-0.4583333333333333,0.0,1.0
1992-07,0.7039795102663777,0.28657593983065266,0.9531722768595707,1.0067946589073316,5.121661554939664,-0.45,0.0,1.0
1992-08,0.04582421045059401,0.05321916917646542,1.4377600123031997,0.8231180418993411,4.889809928256683,-0.44166666666666665,0.0,1.0
1992-09,0.4777386259547021,-0.09278332415423074,1.6096554853464204,0.37993303628933156,4.686022908148524,-0.43333333333333335,0.0,1.0
1992-10,0.7553978930644859,0.21446313527832264,1.5561674729641384,0.16540789809970147,4.184699831353642,-0.425,0.0,1.0
1992-11,0.7039795102663777,0.40018312025217384,1.676246341933223,-0.17438019759419823,3.7965942316758317,-0.4166666666666667,0.0,1.0
1992-12,0.8170999524222156,0.24763899852967006,1.5813480739928285,-0.6573865124280703,3.5862171935621796,-0.4083333333333333,0.0,1.0
1993-01,0.8788020117799453,-0.11040869129075793,1.34658326882797,-0.782941635750619,3.109107239291651,-0.4,0.0,1.0
1993-02,0.9816387773761616,0.3408213615155797,1.4148206684492965,-0.9042226443037374,3.0170056162574386,-0.39166666666666666,0.0,1.0
1993-03,0.858234658660702,0.2560488480963788,1.1668558346376479,-0.9965973217530368,2.7858187034758566,-0.3833333333333333,0.0,1.0
1993-04,1.0741918664127559,-0.12042766955408947,0.615134139654701,-1.1395823941929635,2.7634560105642647,-0.375,0.0,1.0
1993-05,1.5780920178342157,-0.1574906050067421,-0.2719100824229103,-1.2649134999765024,2.50254543516496,-0.36666666666666664,0.0,1.0
1993-06,1.619226724072702,-0.2005552152551642,-0.8195404406295425,-1.0142547473955033,2.260054747778802,-0.35833333333333334,0.0,1.0
1993-07,0.9919224539357832,-0.417003994392031,-1.0526009714360933,-0.7520815915532131,2.051455191747955,-0.35,0.0,1.0
1993-08,0.6834121571471344,-0.5450720972425414,-1.1277879387783294,-0.7723830589120065,1.819986312204696,-0.3416666666666667,0.0,1.0
1993-09,0.6936958337067561,-0.71094920618968,-1.2432200301625747,-0.6958470377471239,1.5988012152449005,-0.3333333333333333,0.0,1.0
1993-10,1.0536245132935127,-0.469184793278382,-1.2547203414463115,-0.4563361735209566,1.4244771749354435,-0.325,0.0,1.0
1993-11,0.7862489227433507,-0.5897657019739637,-1.2170576565664133,-0.02871300058079929,1.2437808677261235,-0.31666666666666665,0.0,1.0
1993-12,0.34405083067962106,-0.4315060184480094,-1.17252008812219,0.15646483002593142,1.0669396828480688,-0.30833333333333335,0.0,1.0
1994-01,0.056107887010215636,-0.23000072528663282,-1.2777579532265448,0.02555339727209719,0.9030162139356217,-0.3,0.0,1.0
1994-02,-0.14956564418221677,-0.5206939393871889,-1.4002922601970427,0.11555258643148063,0.6414986823425523,-0.2916666666666667,0.0,1.0
1994-03,-0.17013299730146003,-0.6781728659754914,-1.496395665214753,0.11734177840942428,0.4517122215218616,-0.2833333333333333,0.0,1.0
1994-04,0.07667524012945887,-0.8798944754774292,-1.5355154077459732,0.3913574739402213,0.2981580347915804,-0.275,0.0,1.0
1994-05,0.03554053389097239,-0.838953297061861,-1.2452016526162284,1.1203189684860195,0.2025404681532945,-0.26666666666666666,0.0,1.0
1994-06,0.32348347756037776,-0.8783890903318922,-0.6378901419743165,1.8360417886668436,0.1415649740265791,-0.2583333333333333,0.0,1.0
1994-07,1.0536245132935127,-0.8084924246155144,-0.09186993779769846,1.991516568225943,0.09811598806359365,-0.25,0.0,1.0
1994-08,0.9610714242569183,-0.9141784081467522,0.6061625439249123,1.9080929880347166,0.06242872843640003,-0.24166666666666667,0.0,1.0
1994-09,1.1975959851282154,-0.8749677604556723,1.0687885719958898,1.6584193533523475,0.03558731186513683,-0.23333333333333334,0.0,1.0
1994-10,1.6295104006323236,-0.7270427004654999,1.351505330448928,0.9223096729090082,0.01617762956148335,-0.225,0.0,1.0
1994-11,1.105042896091621,-0.8907743044838091,1.6035381487452085,0.2405559895712782,-0.02658258436834084,-0.21666666666666667,0.0,1.0
1994-12,1.0022061304954049,-0.8428602350495448,1.5437228125591522,-0.39026398487669334,-0.06635313201120857,-0.20833333333333334,0.0,1.0
1995-01,0.9096530414588101,-0.8728575724804035,1.5068334542283242,-0.6548323644062081,-0.09467714800677401,-0.2,0.0,1.0
1995-02,0.6217100977894048,-0.8014873699426822,0.9989211498659458,-0.5163905050001478,-0.14471847137926042,-0.19166666666666665,0.0,1.0
1995-03,0.24121406508340482,-0.7872360331909983,0.915429444797671,-0.4833174168710245,-0.17130416228908646,-0.18333333333333332,0.0,1.0
1995-04,0.20007935884491834,-0.9099337517906418,0.9332797372282593,-0.7556916847435908,-0.1980433886484967,-0.175,0.0,1.0
1995-05,0.21036303540453996,-0.9319251773111454,0.5037045915389944,-1.4086790446012676,-0.22699396207561465,-0.16666666666666666,0.0,1.0
1995-06,0.07667524012945887,-0.9121918295089471,0.09531003760824808,-1.4990161504074409,-0.24601903262063857,-0.15833333333333333,0.0,1.0
1995-07,-0.23183505665918971,-0.9485462185807826,-0.27185593998402663,-1.3734514922257002,-0.24888695293646443,-0.15,0.0,1.0
1995-08,-0.6534657956036761,-0.962452269045419,-0.494106199521657,-1.2446693247785814,-0.2674249486399461,-0.14166666666666666,0.0,1.0
1995-09,-0.9002740330345951,-1.021948091938088,-0.5492896049585722,-1.0386062376199328,-0.2837956204733496,-0.13333333333333333,0.0,1.0
1995-10,-0.6946005018421627,-0.9254356870943151,-0.7065278768791574,-0.764061877949044,-0.2985357512895903,-0.125,0.0,1.0
1995-11,-0.7254515315210276,-1.0246167292415398,-0.7921551122595988,-0.42085154395390795,-0.3113328355075611,-0.11666666666666667,0.0,1.0
1995-12,-0.8591393267961086,-1.0726411641556823,-0.7924192701465509,-0.1358059299118972,-0.3291266663527649,-0.10833333333333334,0.0,1.0
1996-01,-0.8077209439980005,-1.0346975121736024,-1.0669115857529905,-0.18792155576887667,-0.35041499768460205,-0.1,0.0,1.0
1996-02,-0.7563025611998925,-1.0825740573447085,-1.2114331913538514,-0.20335004777760035,-0.3713440942663606,-0.09166666666666666,0.0,1.0
1996-03,-0.6123310893651898,-1.0788657772208052,-1.2934445946349105,-0.023724113348885936,-0.3867741340785113,-0.08333333333333333,0.0,1.0
1996-04,-0.7151678549614059,-1.081273951991745,-1.4470414966175187,0.24076725207960092,-0.39706803563043847,-0.075,0.0,1.0
1996-05,-0.8077209439980005,-1.04396821248336,-1.4551734882250096,0.6874289110464016,-0.40224103422297475,-0.06666666666666667,0.0,1.0
1996-06,-0.8694230033557303,-1.041791805220165,-0.9512680885640536,1.4888269535701464,-0.390550396673527,-0.058333333333333334,0.0,1.0
1996-07,-0.7871535908787572,-1.0058259026374998,-0.8831038554370603,1.6260538989294315,-0.4157498343823755,-0.05,0.0,1.0
1996-08,-0.5917637362459465,-0.9917211943090829,-0.5505915233931176,1.8265278706632813,-0.4142310340641547,-0.041666666666666664,0.0,1.0
1996-09,-0.252402409778433,-1.0763472369699878,0.08697641080521241,1.9275497688103267,-0.4167843567874158,-0.03333333333333333,0.0,1.0
1996-10,-0.3141044691361627,-1.1047575188002001,0.6424603663319517,1.8924804849203414,-0.421315585386822,-0.025,0.0,1.0
1996-11,-0.28325343945729786,-0.9358674322523903,1.22047212464096,1.700598463092367,-0.4250349771051478,-0.016666666666666666,0.0,1.0
1996-12,-0.4169412347323789,-0.9689417592622497,1.446536082204082,1.0772701865958576,-0.4339602483787023,-0.008333333333333333,0.0,1.0
1997-01,-0.6020474128055682,-1.0450939403781165,1.4476493981560075,0.7420531653798882,-0.4406804713581768,0.0,0.0,1.0
1997-02,-0.6740331487229194,-1.0378523882484028,1.479195877848103,0.3800216149898656,-0.44850329807208367,0.0,0.008333333333333333,1.0
1997-03,-0.24211873321881136,-1.0219171896037222,1.5770621129528322,0.16980142704467455,-0.453896276217238,0.0,0.016666666666666666,1.0
1997-04,0.22064671196416155,-0.975281152426446,1.567408914930562,-0.4268101990332624,-0.4564184916396948,0.0,0.025,1.0
1997-05,0.7965325993029723,-0.9497381657634658,1.4742032374950889,-0.5894975028354001,-0.45706014793655,0.0,0.03333333333333333,1.0
1997-06,2.4727718785212964,-0.996424971061486,1.328943165236724,-0.8580780150010581,-0.4616488841117853,0.0,0.041666666666666664,1.0
1997-07,2.3905024660443233,-1.0080773584270126,0.7997922325912971,-1.0057111156558545,-0.4625428551818316,0.0,0.05,1.0
1997-08,2.3905024660443233,-0.8529255668144244,0.6651332322264017,-1.0759743734375544,-0.46070154401031516,0.0,0.058333333333333334,1.0
1997-09,2.328800406686594,-0.5201758522916466,0.49880215011353723,-1.1332405469109212,-0.4591660076004335,0.0,0.06666666666666667,1.0
1997-10,2.184828934851891,-0.7839912880825831,0.06957724872672595,-1.1765557629577394,-0.46100916065160286,0.0,0.075,1.0
1997-11,2.267098347328864,-0.5168913756104755,-0.34618147048605497,-0.9619922692644635,-0.45931135691822705,0.0,0.08333333333333333,1.0
1997-12,2.236247317649999,-0.5513629295955914,-0.5271212845528624,-0.6029205299464352,-0.45867022362423626,0.0,0.09166666666666666,1.0
1998-01,2.4316371722828096,-0.6600287810835369,-0.6200297597956497,-0.5293868043474437,-0.4613787872412046,0.0,0.1,1.0
1998-02,2.5858923206771345,-0.6448882138939788,-0.8589728718377583,-0.5994000477110298,-0.46624419193170813,0.0,0.10833333333333334,1.0
1998-03,2.400786142603945,-0.2976768375478641,-1.0383873626701507,-0.386737700779914,-0.4696144451291637,0.0,0.11666666666666667,1.0
1998-04,2.75043114563108,-0.2781509768478363,-1.344289654703621,0.030760929020047022,-0.4715451215727279,0.0,0.125,1.0
1998-05,2.462488201961675,-0.27721507757847025,-1.2732105200840032,0.7037565955798736,-0.46808297904592244,0.0,0.13333333333333333,1.0
1998-06,0.4983059790739453,-0.21998836895209453,-0.8483028307864702,1.4742034702304636,-0.4725337561612308,0.0,0.14166666666666666,1.0
1998-07,-1.5070109500522706,-0.09901897376734176,-0.4470798573080783,1.7384268335019495,-0.4702361818386618,0.0,0.15,1.0
1998-08,-1.8052375702812977,0.3459084218131017,0.22338296231832122,1.8741864037504044,-0.4593963789925747,0.0,0.15833333333333333,1.0
1998-09,-1.3733231547771896,0.3547266236553595,0.6742871539948267,1.777145643991561,-0.44425187600513205,0.0,0.16666666666666666,1.0
1998-10,-1.260202712621352,-0.12279169813307729,0.9685835049323941,1.702002415584384,-0.44034270246479357,0.0,0.175,1.0
1998-11,-1.3116210954194598,0.299095799868021,1.5157564614949186,1.3256584111877125,-0.4502075142753621,0.0,0.18333333333333332,1.0
1998-12,-1.260202712621352,0.47059934097934336,1.6693081584712237,0.6835747148072263,-0.46007932977646265,0.0,0.19166666666666665,1.0
1999-01,-1.24991903606173,0.31922204877858523,1.4419824826355023,0.2588918800137827,-0.4674542613851474,0.0,0.2,1.0
1999-02,-1.167649623584757,0.3296776013473199,1.5862849167766326,-0.18998558346290792,-0.4784724309472502,0.0,0.20833333333333334,1.0
1999-03,-1.1162312407866493,0.04931223118878186,1.091110324421721,-0.44522816497362183,-0.4868471848578851,0.0,0.21666666666666667,1.0
1999-04,-1.1265149173462705,-0.09298860394680376,1.299819862066843,-0.6808352643965336,-0.48875093802356007,0.0,0.225,1.0
1999-05,-1.3013374188598386,0.6034352325605861,0.9445644000656919,-0.7957177708367066,-0.48114161017460366,0.0,0.23333333333333334,1.0
1999-06,-1.2293516829424869,1.0803222638041208,0.5372599962824759,-1.2579495489175443,-0.4714587351430818,0.0,0.24166666666666667,1.0
1999-07,-1.147082270465514,0.9941290313289469,0.27949540829695685,-1.0880877899365784,-0.4696987168080972,0.0,0.25,1.0
1999-08,-0.9928271220711897,1.0768369219495713,0.24673141317795022,-1.1672810653494055,-0.46322607883677924,0.0,0.2583333333333333,1.0
1999-09,-1.1265149173462705,0.300874891403655,0.18245428852470938,-1.1444923632706645,-0.45861705924610713,0.0,0.26666666666666666,1.0
1999-10,-1.3013374188598386,0.8453342913573355,-0.23717937118457008,-1.1940063460682522,-0.4574556290590571,0.0,0.275,1.0
1999-11,-1.3013374188598386,1.330832037340957,-0.47729434764939016,-1.0052244567735358,-0.4570055282461025,0.0,0.2833333333333333,1.0
1999-12,-1.4041741844560542,0.8614917976114846,-0.6298871179253641,-0.9888237819813579,-0.4665270455243292,0.0,0.2916666666666667,1.0
2000-01,-1.2190680063828654,0.6267444219108343,-0.8556493117745158,-1.0740753355281865,-0.4704270551449132,0.0,0.3,1.0
2000-02,-1.2293516829424869,0.9562082135840831,-0.8710576203757762,-1.1470721645659678,-0.47729426466853936,0.0,0.30833333333333335,1.0
2000-03,-1.342472125098325,1.7157868311556577,-0.950185819524111,-1.231220378742648,-0.48248131612064954,0.0,0.31666666666666665,1.0
2000-04,-0.8591393267961086,1.292307862934718,-1.167036329057488,-1.0626386872228306,-0.4770537288294248,0.0,0.325,1.0
2000-05,-0.8899903564749735,1.3587324306541324,-1.4402546816295638,-0.7854668312097481,-0.47817043090194106,0.0,0.3333333333333333,1.0
2000-06,-1.147082270465514,1.2927868491173895,-1.6328348601056253,-0.33365783953870987,-0.47901114663683836,0.0,0.3416666666666667,1.0
2000-07,-0.5609127065670816,1.823658051188482,-1.458639918995343,0.16265833052888515,-0.4780647161055671,0.0,0.35,1.0
2000-08,-0.015877848907135714,0.9161227101511282,-1.5191886829854324,0.17112746253785138,-0.4716692096871208,0.0,0.35833333333333334,1.0
2000-09,-0.29353711601691945,1.2584366971601388,-1.604733295838639,0.0660034181086173,-0.46798933879393967,0.0,0.36666666666666664,1.0
2000-10,-0.46835961753048705,0.9044681154760043,-1.4952695430918892,0.31918189197814584,-0.46270123409272523,0.0,0.375,1.0
2000-11,-0.8180046205576221,1.0742322966244489,-1.0916170569949695,0.7143201531830699,-0.4571451472716426,0.0,0.3833333333333333,1.0
2000-12,-0.7460188846402708,0.9367831279843024,-0.8878412956714876,0.8618843763696543,-0.45959018566271775,0.0,0.39166666666666666,1.0
2001-01,-0.7871535908787572,0.7958022639880588,-0.8556078819285905,0.8225762029202294,-0.46353874359267117,0.0,0.4,1.0
2001-02,-0.8180046205576221,0.42220013642852905,-1.0455681167854667,0.6279978960353205,-0.4703904676836601,0.0,0.4083333333333333,1.0
2001-03,-0.7357352080806492,1.0999474534360385,-0.9533309934147516,0.69703377192261,-0.4701193930251155,0.0,0.4166666666666667,1.0
2001-04,-0.49921064720935193,1.165513377722001,-0.8057526206526805,1.0172816225165364,-0.47733821964840406,0.0,0.425,1.0
2001-05,-0.4580759409708654,0.5881385770494857,-0.3288030895144576,1.4661524677475604,-0.47582992486598125,0.0,0.43333333333333335,1.0
2001-06,-0.684316825282541,1.1635290063937935,-0.14801700086272143,1.4835750735360287,-0.4648643512006332,0.0,0.44166666666666665,1.0
2001-07,0.10752626980832375,0.2679021006352836,0.3752862727672809,1.4757680516471274,-0.44352130922132865,0.0,0.45,1.0
2001-08,0.45717127283545883,0.9144672279529569,0.5569906830596167,1.5505482093064404,-0.43178705778084087,0.0,0.4583333333333333,1.0
2001-09,0.004689504212107533,2.333623824061071,0.7732470826647991,1.5058529587047893,-0.4450779476598261,0.0,0.4666666666666667,1.0
2001-10,-0.1598493207418384,1.7251899700412698,1.0937325821426045,1.155271816770433,-0.443014519445724,0.0,0.475,1.0
2001-11,-0.22155138009956815,1.756377047345214,1.4057876394746944,0.7864851648480498,-0.4550702357337787,0.0,0.48333333333333334,1.0
2001-12,0.12809362292756699,2.169587611318298,1.6705778334054784,0.24442486356629034,-0.4636161252773476,0.0,0.49166666666666664,1.0
2002-01,0.15894465260643184,2.0017879357116835,1.6641495432910731,0.027857153369428515,-0.46937045292329316,0.0,0.5,1.0
2002-02,-0.2009840269803249,1.5917817546143733,1.5531621190044125,-0.3405634745836705,-0.47651073815990164,0.0,0.5083333333333333,1.0
2002-03,-0.13928196762259518,1.1472280250158025,1.6788902847720435,-0.6010976037477814,-0.4786377453309109,0.0,0.5166666666666666,1.0
2002-04,-0.3038207925765411,1.406717133995519,1.1871174881237132,-0.8141953455967536,-0.48732436812351365,0.0,0.525,1.0
2002-05,-0.07757990826486545,1.2286777491658167,0.800975186168235,-1.0821798183867293,-0.4856584675648663,0.0,0.5333333333333333,1.0
2002-06,0.4160365665969724,0.633154448982152,0.21973918431071543,-1.1080491230073428,-0.4817493167637828,0.0,0.5416666666666666,1.0
2002-07,0.5188733321931887,1.1623260226631225,0.3052853236250493,-1.1108622408524114,-0.47937597524364056,0.0,0.55,1.0
2002-08,1.105042896091621,1.34641564309974,0.2054170757131781,-1.0954534136902316,-0.4794534933638468,0.0,0.5583333333333333,1.0
2002-09,0.9713551008165399,1.133968716263252,0.23384801810561132,-1.022346377906211,-0.4843286986732441,0.0,0.5666666666666667,1.0
2002-10,0.9302203945780534,0.8901647492838068,-0.16238454449267786,-1.0158766682302744,-0.47436979182559325,0.0,0.575,1.0
2002-11,0.9302203945780534,0.8736739392804258,-0.4954357972649231,-0.6506272676344406,-0.4610087968235233,0.0,0.5833333333333334,1.0
2002-12,1.0022061304954049,0.6105206963687579,-0.5617531132407512,-0.5640872640504598,-0.45262683456906166,0.0,0.5916666666666667,1.0
2003-01,0.9096530414588101,0.3460408603889559,-0.6847718688427243,-0.4897232439664983,-0.43628183535452375,0.0,0.6,1.0
2003-02,0.7142631868259993,-0.022450557127362897,-0.8852132425720166,-0.5696526219756484,-0.43042834181763673,0.0,0.6083333333333333,1.0
2003-03,0.6114264212297832,0.17016243165526615,-1.1533377438541952,-0.5017443878313305,-0.4254808938951872,0.0,0.6166666666666667,1.0
2003-04,-0.046728878586000576,0.09477397966015602,-1.2666254492135756,-0.23078126931818416,-0.4424731887418139,0.0,0.625,1.0
2003-05,-0.5609127065670816,-0.0778288016307527,-1.2378454752029713,0.3321582262642131,-0.4501767935418923,0.0,0.6333333333333333,1.0
2003-06,-0.03644520202637896,0.22375811599365383,-0.8447265453974414,0.9957664615910868,-0.44415077727751784,0.0,0.6416666666666666,1.0
2003-07,0.07667524012945887,0.19155126165563613,-0.3277199677373182,1.5108732839203018,-0.43638573101049977,0.0,0.65,1.0
2003-08,0.11780994636794537,0.05394758134366059,0.12882001902262233,1.59797318989299,-0.42501191950060424,0.0,0.6583333333333333,1.0
2003-09,0.2514977416430264,-0.18734888193295463,0.37329753633791696,1.496354418469883,-0.42110611137000187,0.0,0.6666666666666666,1.0
2003-10,0.35433450723924265,0.5652929227147254,0.5687926279720674,1.5201885156704056,-0.41865918562076393,0.0,0.675,1.0
2003-11,0.3749018603584859,0.3112073076298402,0.9306168480803187,1.489096297114424,-0.4263591521400465,0.0,0.6833333333333333,1.0
2003-12,0.21036303540453996,-0.22808036593675413,1.4597707249858924,1.2507138705169414,-0.43923639223180044,0.0,0.6916666666666667,1.0
2004-01,0.26178141820264805,-0.24840968733029445,1.6038826365172296,0.7962215108574481,-0.44541123691997947,0.0,0.7,1.0
2004-02,0.014973180771729148,-0.3721644027706737,1.3206262410994158,0.27995734014532425,-0.4563492278690441,0.0,0.7083333333333334,1.0
2004-03,-0.37580652849389246,-0.23715240838273152,1.4863586828815314,0.035202284705695835,-0.4633771811860812,0.0,0.7166666666666667,1.0
2004-04,-0.17013299730146003,-0.4225995242218492,1.292032811698745,-0.597647961791239,-0.4645927535392242,0.0,0.725,1.0
2004-05,-0.40665755817275734,-0.42005008163666613,1.1411140710476262,-0.7082157558267494,-0.4704692364628899,0.0,0.7333333333333333,1.0
2004-06,-0.334671822255406,-0.4525019473400132,0.8668575160156475,-0.7296357193887004,-0.4736650340961853,0.0,0.7416666666666667,1.0
2004-07,0.539440685312432,-0.003265883425129777,0.7651403720891883,-0.7086348751617069,-0.4702121464461543,0.0,0.75,1.0
2004-08,0.858234658660702,-0.20159265076601796,0.54789302533592,-0.7235031817719187,-0.46557315651742653,0.0,0.7583333333333333,1.0
2004-09,0.6731284805875128,-0.378122235830988,0.1258219429228654,-0.7153890880618493,-0.4577480331387673,0.0,0.7666666666666666,1.0
2004-10,0.4777386259547021,-0.3560160302114109,-0.17523157737444187,-0.8195433505999642,-0.4638103867325901,0.0,0.775,1.0
2004-11,0.6422774509086481,-0.23381054165202347,-0.4503543916280168,-0.6439355617636358,-0.4580699072929237,0.0,0.7833333333333333,1.0
2004-12,0.560008038431675,-0.6120885635201937,-0.7037989877072548,-0.588668030585641,-0.44993459773716465,0.0,0.7916666666666666,1.0
2005-01,0.15894465260643184,-0.4835543787585062,-0.915990126861833,-0.6074432328293006,-0.44180508669142393,0.0,0.8,1.0
2005-02,0.6936958337067561,-0.5680549201022929,-1.0740092611115977,-0.880824424766759,-0.4319493933221,0.0,0.8083333333333333,1.0
2005-03,0.9199367180184317,-0.6883044170282979,-1.2263925875561705,-1.0149353707210211,-0.39625149172357854,0.0,0.8166666666666667,1.0
2005-04,0.21036303540453996,-0.7372250196390505,-1.3941939956580298,-0.33607741099430966,-0.38989530147698215,0.0,0.825,1.0
2005-05,0.26178141820264805,-0.42687066829313064,-1.4804217166457125,0.11496151014696855,-0.3881878562994974,0.0,0.8333333333333334,1.0
2005-06,0.2720650947622697,-0.5317399472732707,-1.4882563006292446,0.5475616051147836,-0.38731112158472136,0.0,0.8416666666666667,1.0
2005-07,0.06639156356983726,-0.4704429597489917,-1.286136391908034,1.023416959494552,-0.3733823501252066,0.0,0.85,1.0
2005-08,0.07667524012945887,-0.6106954115780405,-1.2325573873764264,1.1883541400896633,-0.3700078674263258,0.0,0.8583333333333333,1.0
2005-09,0.04582421045059401,-0.6256212390767505,-0.898186013598644,1.545704547469797,-0.36786137271380376,0.0,0.8666666666666667,1.0
2005-10,-0.6123310893651898,-0.9527842530081003,-0.23319733311049734,1.7963189774962323,-0.3688919157492237,0.0,0.875,1.0
2005-11,-0.6534657956036761,-0.7838235325531683,0.48177102152622037,1.7633397187839936,-0.3793764632148526,0.0,0.8833333333333333,1.0
2005-12,-0.6534657956036761,-0.7107527556354972,0.9153355002966055,1.6601810663627299,-0.3988436303550802,0.0,0.8916666666666666,1.0
2006-01,-0.5917637362459465,-0.85762713625723,1.0222600203218037,1.510128329165122,-0.3895720174890174,0.0,0.9,1.0
2006-02,-0.4272249112920005,-0.982206901618737,1.239196260254241,0.890704662486204,-0.3933526005424781,0.0,0.9083333333333333,1.0
2006-03,-0.5711963831267032,-0.9817883011200568,1.3789199807988632,0.4456366645425825,-0.4014447509922966,0.0,0.9166666666666666,1.0
2006-04,-0.7974372674383788,-0.6753673754769909,1.080118185730469,-0.0113438241596551,-0.39994050379725915,0.0,0.9249999999999999,1.0
2006-05,-0.3655228519342708,-0.8182266599407599,1.1821368182704926,-0.4001412372487159,-0.3989452748248138,0.0,0.9333333333333333,1.0
2006-06,-0.11871461450335191,-0.8945377673476513,1.1607462524844876,-0.8183851301306446,-0.37440450237554107,0.0,0.9416666666666667,1.0
2006-07,0.28234877132189123,-0.9082848915212632,0.9319131468016087,-0.9068921049406258,-0.3491471705235289,0.0,0.95,1.0
2006-08,0.6731284805875128,-0.8445157172477158,0.5965860203191038,-0.7547595451759521,-0.32412271138170506,0.0,0.9583333333333334,1.0
2006-09,0.7348305399452426,-0.9011067207099938,0.6264296119706865,-0.9708914700244291,-0.3125363333163129,0.0,0.9666666666666667,1.0
2006-10,0.858234658660702,-1.000329701739572,0.21305414466920355,-0.9832143442562945,-0.31677618110248273,0.0,0.975,1.0
2006-11,1.0947592195319993,-0.7821128676150584,-0.2944779769447768,-0.9916889249710393,-0.2731904412600839,0.0,0.9833333333333333,1.0
2006-12,0.724546863385621,-0.8346490433466164,-0.6241163275348455,-0.8999015504645623,-0.2513159601527829,0.0,0.9916666666666667,1.0
2007-01,0.724546863385621,-0.8566338469383273,-0.7720864119647263,-0.8166575884605302,-0.24467186819896122,0.0,1.0,1.0
2007-02,0.4674549493950805,-0.9594061818007845,-0.9008841783389363,-0.9975280477730463,-0.24746925134585787,0.0,1.0083333333333333,1.0
2007-03,-0.12899829106297353,-1.0476764926072633,-1.0712156688417018,-0.9383361361552963,-0.2860187919536438,0.0,1.0166666666666666,1.0
2007-04,-0.2626860863380546,-1.019005748244539,-1.2845034344610056,-0.5816001020559883,-0.3014147683618435,0.0,1.025,1.0
2007-05,-0.35523917537464916,-0.9545059544941981,-1.4422612293992985,0.018044748297356722,-0.31505065821729367,0.0,1.0333333333333332,1.0
2007-06,-0.7871535908787572,-0.9557795721319913,-1.2120229500693052,0.8895166547123201,-0.3315327069215597,0.0,1.0416666666666667,1.0
2007-07,-0.7048841784017843,-0.9968200794794497,-0.9154214000969759,1.3958843993677625,-0.3372146100404132,0.0,1.05,1.0
2007-08,-0.8591393267961086,-1.0605230344650705,-0.6253668834885382,1.6674514896829475,-0.3366821476459429,0.0,1.0583333333333333,1.0
2007-09,-1.0236781517500546,-1.1246564148222158,-0.2843504037570597,1.8052406567489703,-0.33999998686068356,0.0,1.0666666666666667,1.0
2007-10,-1.0956638876674059,-1.1376685048998398,0.0005658706266086079,1.8280101429205962,-0.34712376339818096,0.0,1.075,1.0
2007-11,-1.0853802111077846,-1.118224314654922,0.7033475111037516,1.6765844167447908,-0.34757513760941405,0.0,1.0833333333333333,1.0
2007-12,-1.1573659470251356,-0.9533140073115152,1.2184327709857985,1.5884746766843718,-0.3660326818287979,0.0,1.0916666666666666,1.0
2008-01,-1.0236781517500546,-1.0385382308733595,1.2603335146177168,1.194052066615464,-0.3805828261697311,0.0,1.1,1.0
2008-02,-1.2396353595021088,-1.0900521069313038,1.4533675746357568,0.8353460380275605,-0.3818271409411612,0.0,1.1083333333333334,1.0
2008-03,-1.4967272734926493,-1.033638003566773,1.5475958245807206,0.3181982542123029,-0.3838515031152181,0.0,1.1166666666666667,1.0
2008-04,-1.0750965345481627,-1.0645094355982663,1.4108953324526532,-0.11911659695702712,-0.37980830440606306,0.0,1.125,1.0
2008-05,-0.9516924158327031,-1.0803226015551959,1.185074417419683,-0.5044980724878579,-0.38379940748207275,0.0,1.1333333333333333,1.0
2008-06,-0.7563025611998925,-1.1193875668128366,1.1944931275285866,-0.8314249880825799,-0.3918418499205181,0.0,1.1416666666666666,1.0
2008-07,-0.7357352080806492,-1.1232327001317888,0.8330131509865065,-1.0153546045108628,-0.3894769219247163,0.0,1.15,1.0
2008-08,-0.9722597689519464,-1.1200541743113002,0.5187589878870875,-1.0933872272964211,-0.3701937608357379,0.0,1.1583333333333332,1.0
2008-09,-0.9825434455115681,-1.1228773232865812,0.4015880617864254,-1.1772134592087333,-0.31438842289468705,0.0,1.1666666666666667,1.0
2008-10,-1.044245504869298,-1.1231664808438617,-0.04122731280987562,-1.216204485466288,-0.31335767520597235,0.0,1.175,1.0
2008-11,-0.9414087392730816,-1.1385470141196694,-0.3065910256630687,-1.0619451027958473,-0.3114153335246066,0.0,1.1833333333333333,1.0
2008-12,-0.9722597689519464,-1.1397102662775842,-0.4113951787399488,-1.1467795661497382,-0.33114857268728454,0.0,1.1916666666666667,1.0
2009-01,-0.9722597689519464,-1.1278018309987408,-0.4178499792153114,-1.3415990447682795,-0.346322955055763,0.0,1.2,1.0
2009-02,-0.8077209439980005,-1.1140258541353891,-0.44282613558958916,-1.6798628973582905,-0.35704435460120065,0.0,1.2083333333333333,1.0
2009-03,-0.9105577095942167,-1.1081347024844688,-0.5280592741729668,-1.3590430584518243,-0.32625460749253377,0.0,1.2166666666666666,1.0
2009-04,-0.7665862377595141,-1.0731311868863411,-0.8722605679194273,-1.2736832947351395,-0.3058544259814695,0.0,1.225,1.0
2009-05,-0.6740331487229194,-1.0350948279011636,-1.1355032944194485,-1.0777131006045624,-0.3237751191301731,0.0,1.2333333333333334,1.0
2009-06,0.014973180771729148,-1.062593490867583,-1.3103499560199166,-0.3856521287979208,-0.34081130073889954,0.0,1.2416666666666667,1.0
2009-07,0.6422774509086481,-1.0695288576231208,-1.315103505725095,0.08510550736012754,-0.24776918211896443,0.0,1.25,1.0
2009-08,0.6422774509086481,-1.0984666864471504,-1.148069508561412,0.24474945760838254,-0.1983047536451674,0.0,1.2583333333333333,1.0
2009-09,0.4983059790739453,-1.0539717395795083,-1.374867108750179,-0.031198574240100894,-0.19153955241935441,0.0,1.2666666666666666,1.0
2009-10,0.6422774509086481,-1.040789686662872,-1.353809767096503,0.04093492605956117,-0.23535600474271906,0.0,1.275,1.0
2009-11,1.1358939257704856,-1.037070369990981,-1.1416484706630086,0.5076181089108929,-0.2627276097829551,0.0,1.2833333333333332,1.0
2009-12,1.0433408367338912,-0.989072422792009,-1.2134161825011751,0.4361247108864367,-0.31095725123315615,0.0,1.2916666666666667,1.0
2010-01,1.022773483614648,-0.9043117342456529,-1.3002308372707587,0.4725921267860666,-0.3472872813806987,0.0,1.3,1.0
2010-02,1.382702163201405,-0.8187895238881379,-1.3220451583133526,0.32826368158347763,-0.37819031545764586,0.0,1.3083333333333333,1.0
2010-03,1.4341205459995128,-0.8209416507457603,-1.248316867885065,0.6486679375885844,-0.36778699261078396,0.0,1.3166666666666667,1.0
2010-04,0.5702917149912967,-0.945926142088477,-1.2265060942677148,1.0113395423357838,-0.36456431717810933,0.0,1.325,1.0
2010-05,-0.05701255514562219,-0.9675511542157859,-0.5106599001465583,1.7023595689422013,-0.37342769219962463,0.0,1.3333333333333333,1.0
2010-06,-1.260202712621352,-0.9804131472407761,0.602664253437267,1.7484402439680096,-0.3802232503308279,0.0,1.3416666666666666,1.0
2010-07,-2.432541840418217,-0.8233255451111267,1.3013028102248154,1.1720858729106451,-0.3775482271149461,0.0,1.35,1.0
2010-08,-2.3811234576201086,-0.8422642614582029,1.4196815542771404,0.08683616714472327,-0.3817774784082981,0.0,1.3583333333333334,1.0
2010-09,-2.257719338904649,-0.8335012423558844,1.3926607757486875,-0.5309156654231248,-0.38863863929010123,0.0,1.3666666666666667,1.0
2010-10,-2.154882573308433,-0.8494821638422286,1.332204218713667,-0.6261321534171557,-0.40165129164522506,0.0,1.375,1.0
2010-11,-2.0006274249141085,-0.8588875100374378,1.2727441102915846,-0.6478622467667834,-0.39300446254882676,0.0,1.3833333333333333,1.0
2010-12,-1.8463722765197843,-0.8400790249566173,0.6637396825896059,-0.60041697909381,-0.3469011233527309,0.0,1.3916666666666666,1.0
2011-01,-1.7538191874831897,-0.8577926844770473,0.304361157631903,-0.7622924919252533,-0.33387830655063366,0.0,1.4,1.0
2011-02,-1.5687130094100004,-0.6209144666898936,0.4002569402645819,-0.9238574968967764,-0.3324714515846497,0.0,1.4083333333333332,1.0
2011-03,-1.7332518343639465,-0.16053669225137665,0.10884735455782692,-1.1285534221394482,-0.3400309577259581,0.0,1.4166666666666667,1.0
2011-04,-1.6715497750062167,-0.18864898728591795,-0.21270674753244814,-1.161326011976832,-0.3495214813996553,0.0,1.425,1.0
2011-05,-1.1985006532636222,-0.5046783316071685,-0.6467393651867069,-1.180450601781933,-0.3590268538068504,0.0,1.4333333333333333,1.0
2011-06,-0.9825434455115681,-0.4860994067244945,-0.97909499104054,-1.0326818491664664,-0.31216989022240754,0.0,1.4416666666666667,1.0
2011-07,-0.7048841784017843,-0.5196438906786343,-1.0731683264787106,-0.7262584807079885,-0.23650515573208314,0.0,1.45,1.0
2011-08,-0.7665862377595141,-0.37369658008787743,-1.1772214298868167,-0.898010164325309,-0.17477712870125947,0.0,1.4583333333333333,1.0
2011-09,-1.044245504869298,0.2743253715641871,-1.3290851396011967,-0.8014353262366525,-0.1534572580227734,0.0,1.4666666666666666,1.0
2011-10,-1.2704863891809735,0.2841920454652862,-1.327029729074292,-0.6792310718624768,-0.16922656751913556,0.0,1.475,1.0
2011-11,-1.1059475642270273,0.5613065215815297,-1.2035674103062162,-0.10941267510463303,-0.1954309211230483,0.0,1.4833333333333334,1.0
2011-12,-1.147082270465514,0.294787131533581,-1.024246196246229,0.4658052769743496,-0.27830449970372767,0.0,1.4916666666666667,1.0
2012-01,-1.033961828309676,0.1314506359332352,-1.2560879289421703,0.16497940571187117,-0.3110279248376152,0.0,1.5,1.0
2012-02,-0.632898442484433,-0.37464191750862613,-1.2124295290149065,0.06472802800710208,-0.3258584441923774,0.0,1.5083333333333333,1.0
2012-03,-0.5300616768882167,-0.17815102283991663,-1.2784979741298819,0.009315604397609145,-0.3472879408190929,0.0,1.5166666666666666,1.0
2012-04,-0.32438814569578434,-0.1754426539637084,-1.1207940320653795,0.26327453163265957,-0.3451184567197923,0.0,1.525,1.0
2012-05,-0.2626860863380546,0.0354061807241451,-0.8740839830640679,1.085111129933883,-0.3601842136672601,0.0,1.5333333333333332,1.0
2012-06,-0.22155138009956815,0.04489099006486669,-0.35359986503410895,1.464247566471531,-0.3767697941994225,0.0,1.5416666666666667,1.0
2012-07,0.4160365665969724,0.3702771197701792,0.0291507623735074,1.5447197481979753,-0.3822960016394693,0.0,1.55,1.0
2012-08,0.04582421045059401,-0.0806762310116066,0.32342080149357844,1.544807364986573,-0.38661464094412396,0.0,1.5583333333333333,1.0
2012-09,-0.23183505665918971,0.03763777072727965,0.48561046672605007,1.5216044924161174,-0.38918078860719035,0.0,1.5666666666666667,1.0
2012-10,-0.12899829106297353,-0.0018090590907391452,0.5983034464458405,1.52143039039831,-0.39780863042568543,0.0,1.575,1.0
2012-11,0.03554053389097239,-0.08689863676713226,0.8634117860464988,1.5251998608771147,-0.39825031771429964,0.0,1.5833333333333333,1.0
2012-12,0.03554053389097239,-0.3599891874870213,1.4088763970774996,1.212943554889117,-0.4122007596838046,0.0,1.5916666666666666,1.0
2013-01,0.004689504212107533,0.010640167039506985,1.2900976850855264,0.9061562158984163,-0.41587335401539405,0.0,1.6,1.0
2013-02,-0.015877848907135714,-0.4261186063802472,1.2930135960869482,0.6585219886750464,-0.43689686398380445,0.0,1.6083333333333334,1.0
2013-03,-0.05701255514562219,-0.25377344965236837,1.5246061545932152,0.4306948421860665,-0.43509257231938564,0.0,1.6166666666666667,1.0
2013-04,-0.29353711601691945,0.06849816621078526,1.4295677828647975,0.02165986426230005,-0.4185557220106324,0.0,1.625,1.0
2013-05,-0.632898442484433,0.24075219258527902,1.4351837501007711,-0.2142263443842146,-0.4213678856732621,0.0,1.6333333333333333,1.0
2013-06,-1.1059475642270273,-0.18160104774090483,1.4397321801660734,-0.62687202891681,-0.42200567629677177,0.0,1.6416666666666666,1.0
2013-07,-0.7460188846402708,-0.06657152268318979,1.1332630954388063,-0.7994178107622391,-0.42353966643731517,0.0,1.65,1.0
2013-08,-0.3963738816131357,-0.08617243190953436,1.107107050670541,-0.784527967069021,-0.4269782738352225,0.0,1.6583333333333332,1.0
2013-09,-0.27296976289767627,-0.38674398711906244,1.1091559494304204,-0.8058669431367704,-0.4337584147515534,0.0,1.6666666666666667,1.0
2013-10,-0.06729623170524382,0.18492933286295224,0.9077491641975353,-0.8570296594544036,-0.44311343520486074,0.0,1.675,1.0
2013-11,-0.09814726138410867,0.4637301935117323,0.5638537648308048,-1.0998167744072676,-0.4435985544704752,0.0,1.6833333333333333,1.0
2013-12,-0.28325343945729786,0.4225241379444569,0.14394626207481484,-1.230132618791399,-0.4428584599388377,0.0,1.6916666666666667,1.0
2014-01,-0.4477922644112438,0.667535503273768,0.1299696588134313,-1.3804863893499901,-0.4516307642441823,0.0,1.7,1.0
2014-02,-0.3655228519342708,0.89559000094467,0.01956304725707063,-1.3569517084950655,-0.4638743522568319,0.0,1.7083333333333333,1.0
2014-03,0.014973180771729148,0.5305940158410615,-0.2003185468586101,-1.272562967840826,-0.4164507719169478,0.0,1.7166666666666666,1.0
2014-04,-0.09814726138410867,0.4657829914374642,-0.7919943189605824,-1.20575190126325,-0.36875229672368354,0.0,1.7249999999999999,1.0
2014-05,-0.10843093794373031,0.2167145910678355,-1.1003133203353763,-0.5533135902612126,-0.354614619728723,0.0,1.7333333333333334,1.0
2014-06,0.06639156356983726,0.07116680351423686,-1.2896159085125147,0.004271871738838871,-0.3614284147424153,0.0,1.7416666666666667,1.0
2014-07,0.4983059790739453,0.39722836995640337,-1.3968086759508285,0.29307195042238365,-0.3578326790926379,0.0,1.75,1.0
2014-08,0.3029161244411345,0.11943845710330611,-1.399097102964663,0.3088311105213952,-0.3521599171542839,0.0,1.7583333333333333,1.0
2014-09,-0.02616152546675733,0.549605573404857,-1.4550057180076539,0.42901686946183776,-0.3501358051120318,0.0,1.7666666666666666,1.0
2014-10,0.1897956822852967,0.6471399625923009,-1.307830174446819,0.7002474924446831,-0.3630266432782602,0.0,1.775,1.0
2014-11,0.44688759627583724,0.5903878255294011,-0.8738390481192903,1.3239341622726604,-0.3656532773595573,0.0,1.7833333333333332,1.0
2014-12,0.42632024315659395,0.6451533839544957,-0.39596504271735133,1.695136446386998,-0.37199082141707507,0.0,1.7916666666666667,1.0
2015-01,0.3029161244411345,0.3018328637689969,-0.2888837970361903,1.6531005162117494,-0.3755585423047246,0.0,1.8,1.0
2015-02,0.12809362292756699,0.07007197795384626,0.05050398984490072,1.730845886486266,-0.3950465613417633,0.0,1.8083333333333333,1.0
2015-03,0.22064671196416155,0.051828564130001864,0.30591502559365896,1.570999406724998,-0.41224332756911586,0.0,1.8166666666666667,1.0
2015-04,0.3851855369181075,0.15197861519055586,0.6514405036693554,1.5130779020307847,-0.39313509956865217,0.0,1.825,1.0
2015-05,1.0433408367338912,0.0007734931384073404,1.047624814438223,1.1533996110829716,-0.3471095741030772,0.0,1.8333333333333333,1.0
2015-06,2.020290109897945,0.16956425075432757,1.2843919353264222,0.44350338658684985,-0.2973228849077892,0.0,1.8416666666666666,1.0
2015-07,1.9071696677421073,-0.24595957367700122,1.4493085524410991,-0.2945547894327867,-0.2584503104438432,0.0,1.8499999999999999,1.0
2015-08,2.0717084926960534,-0.27403655175798186,1.355499265382639,-0.6359030165697828,-0.23661362197830893,0.0,1.8583333333333334,1.0
2015-09,2.3699351129250803,-0.3996766140511746,1.473822961361401,-0.7830292246629196,-0.20820378803447176,0.0,1.8666666666666667,1.0
2015-10,2.2773820238884857,-0.39395968219349065,1.1054928139383737,-0.7470732501005963,-0.23194366118430662,0.0,1.875,1.0
2015-11,2.0614248161364315,-0.3155803256936841,0.7458828988540237,-1.0983371722209694,-0.23286623823711017,0.0,1.8833333333333333,1.0
2015-12,2.05114113957681,-0.27403655175798186,0.34353907602883993,-0.9613418329627335,-0.2467078956108197,0.0,1.8916666666666666,1.0
2016-01,2.0614248161364315,-0.45958299652899004,0.34456701618604835,-0.8756216839165797,-0.2751178659901867,0.0,1.9,1.0
2016-02,1.9277370208613505,-0.4416763877040837,0.5086515890247716,-0.770596035134768,-0.3005264366270307,0.0,1.9083333333333332,1.0
2016-03,1.4238368694398913,-0.655923185232073,0.578768432833317,-0.3107012314252095,-0.3407094970943811,0.0,1.9166666666666667,1.0
2016-04,1.4341205459995128,-0.5836757347942922,0.8761043346218756,0.31759440355024526,-0.34467338128218694,0.0,1.925,1.0
2016-05,1.3415674569629183,-0.5595079020105926,1.002327000541106,0.3922210261049178,-0.34769601948885565,0.0,1.9333333333333333,1.0
2016-06,0.4366039197162156,-0.7808127622620947,0.9638191408640017,0.22267890320971143,-0.35783192869722374,0.0,1.9416666666666667,1.0
2016-07,-0.4786432940901087,-0.6930722057590305,0.9845840239982426,-0.1983758217243034,-0.3690932718520181,0.0,1.95,1.0
2016-08,-0.21126770353994653,-0.7281022090723296,1.1214116560957679,-0.6496591747711159,-0.3753955245858162,0.0,1.9583333333333333,1.0
2016-09,-0.23183505665918971,-0.6950058089664946,1.087188842906593,-0.7934586211976705,-0.3668090909506288,0.0,1.9666666666666666,1.0
2016-10,-0.4889269706497303,-0.7591590551100177,1.115078020134531,-0.8322179840367621,-0.3701693161366409,0.0,1.9749999999999999,1.0
2016-11,-0.4272249112920005,-0.9375780971905002,1.1686116050456807,-0.9557866905344755,-0.3845543734864632,0.0,1.9833333333333334,1.0
2016-12,-0.3141044691361627,-1.0213212160123808,1.1113287715534488,-1.0722645477358044,-0.40053108772744284,0.0,1.9916666666666667,1.0
2017-01,-0.37580652849389246,-0.9784773367237145,0.9729441065621389,-1.143491922934002,-0.41383014099896376,0.0,2.0,1.0
2017-02,-0.3655228519342708,-0.9753153657252078,0.981072316828604,-1.2016217318404194,-0.42032597301035524,0.0,2.0083333333333333,1.0
2017-03,-0.5300616768882167,-0.9989390966931084,0.6173178495013084,-1.3298070946679437,-0.4307665654961194,0.0,2.0166666666666666,1.0
2017-04,-0.12899829106297353,-0.8397280627306051,-0.04451048595511836,-1.4439880191326306,-0.4198817844036939,0.0,2.025,1.0
2017-05,0.26178141820264805,-0.9715905307793232,-0.8284202563018432,-1.0879485351151925,-0.41962787788265465,0.0,2.033333333333333,1.0
2017-06,-0.18041667386108162,-0.9332672215464627,-1.2584507936314695,-0.5494466621928651,-0.44463889812478885,0.0,2.0416666666666665,1.0
2017-07,-0.5814800596863249,-0.8698114852357687,-1.4486738794805019,-0.20284543335723323,-0.4350037300502024,0.0,2.05,1.0
2017-08,-0.684316825282541,-0.876367194740526,-1.4603432383451418,-0.1129394221957453,-0.4441250137016323,0.0,2.058333333333333,1.0
2017-09,-0.6946005018421627,-0.5775857676146201,-1.504586101652396,-0.10327507426440902,-0.38741556298281676,0.0,2.0666666666666664,1.0
2017-10,-0.5403453534478383,-0.9569560681474913,-1.5354774570969438,0.1037812347430478,-0.38781343172709615,0.0,2.075,1.0
2017-11,-0.5711963831267032,-1.0656042611586567,-1.3456993240834723,0.3989790315156725,-0.3967654443645,0.0,2.0833333333333335,1.0
2017-12,-0.6946005018421627,-1.0920434155182466,-1.0364540306140844,0.8162740131324582,-0.4086903644579445,0.0,2.091666666666667,1.0
2018-01,-0.7460188846402708,-1.1255503752092282,-1.1645041401916607,0.7638997464425723,-0.418583122812876,0.0,2.1,1.0
2018-02,-0.6637494721632978,-1.0718701824462484,-1.3299989606687803,0.3328315881650019,-0.432033232955189,0.0,2.1083333333333334,1.0
2018-03,-0.7563025611998925,-1.1283315853021554,-1.389966021719485,0.4377462243733361,-0.4420930111379042,0.0,2.1166666666666667,1.0
2018-04,-1.2910537423002166,-1.068341325059633,-1.161924530806957,0.9980443892998739,-0.42023940466666937,0.0,2.125,1.0
2018-05,-0.9002740330345951,-1.0287377762601868,-0.7968077720308805,1.5122249911065417,-0.41162857181089485,0.0,2.1333333333333333,1.0
2018-06,-0.46835961753048705,-0.9813711196061174,-0.10057408145200887,1.890380519308923,-0.4082900398741279,0.0,2.1416666666666666,1.0
2018-07,0.014973180771729148,-1.039134204464701,0.41574940875816124,1.8286263608269713,-0.3862059710537319,0.0,2.15,1.0
2018-08,0.539440685312432,-1.061979858799461,0.866944259156968,1.693904639017157,-0.3479710507777657,0.0,2.158333333333333,1.0
2018-09,0.7039795102663777,-1.0994754269332359,1.2540770939482646,1.2629595934828008,-0.28534634670555387,0.0,2.1666666666666665,1.0
2018-10,0.6011427446701616,-1.0963476692334915,1.4214373249716306,0.8562099063494827,-0.2756364574391229,0.0,2.175,1.0
2018-11,0.40575289003735077,-1.131156941587034,1.7510014039056212,0.40447069755398035,-0.27192204561763633,0.0,2.183333333333333,1.0
2018-12,0.2514977416430264,-1.1237624544352034,1.7252969881518603,-0.10956867015531135,-0.28837280510705815,0.0,2.1916666666666664,1.0
2019-01,0.15894465260643184,-1.0942948713077592,1.3342531981082595,-0.35570781756452063,-0.3102525617215131,0.0,2.2,1.0
2019-02,0.5805753915509183,-1.102588837120596,1.0217692547676083,-0.44654447187860974,-0.32629312779045966,0.0,2.2083333333333335,1.0
2019-03,0.8479509821010804,-1.0616487623598267,1.2027047443223506,-0.7592267887564669,-0.3426519752112767,0.0,2.216666666666667,1.0
2019-04,0.3749018603584859,-1.019005748244539,1.0232942814520471,-0.8783112259418238,-0.3542525425717726,0.0,2.225,1.0
2019-05,0.3029161244411345,-1.0201292688296975,0.5623084220391159,-1.3297484999965756,-0.36089372390095764,0.0,2.2333333333333334,1.0
2019-06,0.42632024315659395,-1.073199613483865,-0.028711935202472325,-1.3473918984620104,-0.3390734304382596,0.0,2.2416666666666667,1.0
2019-07,0.3749018603584859,-1.0922420733820273,-0.16850443283823738,-1.3141142375482824,-0.20199260601684435,0.0,2.25,1.0
2019-08,0.3954692134777291,-1.1059494659828832,-0.24861393962630102,-1.265239989185038,-0.025787028793821852,0.0,2.2583333333333333,1.0
2019-09,0.2309303885237832,-1.1030336100045044,-0.09941867503104405,-1.1029289225829344,0.06337731919689378,0.0,2.2666666666666666,1.0
2019-10,0.3851855369181075,-1.1398537414014258,-0.47983716704864976,-0.8937572387475536,0.02888032313205717,0.0,2.275,1.0
2019-11,0.5497243618720534,-1.1059075271005296,-0.6675648091182449,-0.7384179406472955,-6.22915558199041e-05,0.0,2.283333333333333,1.0
2019-12,0.4366039197162156,-1.1050223959519074,-0.8762556164889933,-0.6724057371918897,-0.011479307650165988,0.0,2.2916666666666665,1.0
2020-01,0.32348347756037776,-1.0803888208431227,-0.9046371199916362,-0.4410025509902772,0.05076981214764095,0.0,2.3,1.0
2020-02,0.3337671541199994,-1.0935459083270693,-0.8906936217164014,-0.3198813179373926,0.08533807303756595,0.0,2.308333333333333,1.0
2020-03,0.20007935884491834,-1.089527082577027,-0.8148049971840858,-0.16939343190883405,0.060855763212831274,0.0,2.3166666666666664,1.0
2020-04,-0.08786358482448706,-1.077715768920476,-0.49946892059531656,0.062089646378016894,0.003863322465864775,0.0,2.325,1.0
2020-05,-0.17013299730146003,-1.0644961917406808,0.3295765712951065,0.76353962889449,-0.053335590716265285,0.0,2.3333333333333335,1.0
2020-06,-0.632898442484433,-1.0443235893285676,0.6350794673922481,0.5240973905587675,-0.10086572720495732,0.0,2.341666666666667,1.0
2020-07,-0.9002740330345951,-1.042445168861043,0.6631110804440624,0.0008191364593441544,-0.14174567761949464,0.0,2.35,1.0
2020-08,-0.9208413861538383,-1.0090706477459153,0.5861925065876111,-0.5703637035182456,-0.1631427708078723,0.0,2.3583333333333334,1.0
2020-09,-1.1162312407866493,-1.0488397447651783,0.6056239243756835,-0.9619895203308407,-0.19112333309631102,0.0,2.3666666666666667,1.0
2020-10,-1.1367985939058924,-0.9930455800676197,0.4836325165935656,-1.2873102480231462,-0.21665997121716837,0.0,2.375,1.0
2020-11,-1.0956638876674059,-0.711086059384729,0.13329121742195155,-1.367005200561955,-0.23383033716949614,0.0,2.3833333333333333,1.0
2020-12,-1.1059475642270273,-0.7875671296306325,-0.16213997395142243,-1.244294144765762,-0.26537445906192414,0.0,2.3916666666666666,1.0
2021-01,-1.167649623584757,-1.0044352975910362,-0.1914073409611473,-1.0121643987930915,-0.27817856970968186,0.0,2.4,1.0
2021-02,-0.9208413861538383,-1.0390987298461685,-0.21012619266445143,-1.0790933804415543,-0.31108468201803025,0.0,2.408333333333333,1.0
2021-03,-0.7460188846402708,-0.9894035192316433,-0.38935399183029384,-1.1480471589858563,-0.32686361021924637,0.0,2.4166666666666665,1.0
2021-04,-0.9105577095942167,-0.9693280384418229,-0.8149497873221442,-1.1201179242604116,-0.3242073241494631,0.0,2.425,1.0
2021-05,-1.033961828309676,-0.933814634326658,-1.0729986045275555,-0.7910340109615166,-0.2516147084846308,0.0,2.433333333333333,1.0
2021-06,-1.013394475190433,-0.8314484444301524,-1.1484113218506267,-0.2548769306427351,-0.19066718364153337,0.0,2.4416666666666664,1.0
2021-07,-1.4144578610156762,-0.798956847154049,-1.0471385910915387,0.34423620559744733,-0.17165716648330223,0.0,2.45,1.0
2021-08,-1.260202712621352,-0.8803403520161365,-0.998171102494957,0.34521146290830373,-0.17732292473112424,0.0,2.4583333333333335,1.0
2021-09,-1.3527558016579464,-0.7042433996322887,-1.1722708898728038,0.5214806777220138,-0.19433388850608455,0.0,2.466666666666667,1.0
2021-10,-1.4350252141349196,-0.6988332838086659,-1.1278128695125327,0.6609663660695726,-0.20157920636141774,0.0,2.475,1.0
2021-11,-1.3630394782175679,-0.7856710506863273,-0.6816451627402405,1.183034028967271,-0.2250797261133967,0.0,2.4833333333333334,1.0
2021-12,-1.167649623584757,-0.4676617496560643,-0.23996859255393305,1.4117420008671793,-0.25277009002985773,0.0,2.4916666666666667,1.0
2022-01,-0.9722597689519464,-0.4514380241139884,-0.21609626628127726,1.3583229699038408,-0.26965207675060576,0.0,2.5,1.0
2022-02,-0.9414087392730816,-0.32883064754287394,0.060024526839750965,1.4011435321817667,-0.13249744070754504,0.0,2.5083333333333333,1.0
2022-03,-1.2807700657405952,-0.07749770519111851,0.03204238138603179,1.4423819121488208,0.05927406611535252,0.0,2.5166666666666666,1.0
2022-04,-1.5892803625292438,0.18872369806116027,0.31967895208214425,1.4784357859486112,0.07870230365106475,0.0,2.525,1.0
2022-05,-1.609847715648487,0.296839929459313,0.7832422660415572,1.3002973887886218,0.05370008350060543,0.0,2.533333333333333,1.0
2022-06,-1.8875069827582707,-0.056311947673724584,1.1573105214046704,0.6852900039580693,0.051822639652935334,0.0,2.5416666666666665,1.0
2022-07,-2.1651662498680544,0.14374093577245678,1.3035960327821616,0.15495304313292005,0.07391678196328477,0.0,2.55,1.0
2022-08,-1.7332518343639465,-0.03246858940086657,1.298010902456081,-0.3468028842230986,0.06737069619840086,0.0,2.558333333333333,1.0
2022-09,-1.7126844812447033,0.28725799849629907,1.3339400922455997,-0.7580456877525793,0.05175910617453809,0.0,2.5666666666666664,1.0
2022-10,-1.7126844812447033,0.2092318115321023,1.376716110683993,-0.8145936929123881,0.026984824315937753,0.0,2.575,1.0
2022-11,-1.5070109500522706,-0.0371525003668919,1.2507576244772984,-0.8335988334869452,0.01257054702347391,0.0,2.5833333333333335,1.0
2022-12,-1.24991903606173,0.43649640769701986,0.9354559818259348,-0.8829741094488279,-0.09748580982413775,0.0,2.591666666666667,1.0
2023-01,-1.0750965345481627,1.111006074519821,0.7030257128363656,-0.9507631535199723,-0.09748580982413775,0.0,2.6,1.0
2023-02,-0.8694230033557303,1.051822585935207,0.47802461362552284,-0.9751377284284424,-0.09748580982413775,0.0,2.6083333333333334,1.0
2023-03,-0.7151678549614059,0.6875999475156006,0.3830215051823743,-1.3368697378709915,-0.09748580982413775,0.0,2.6166666666666667,1.0
2023-04,-0.3141044691361627,0.49623282733582347,0.12069267340284695,-1.542036965500599,-0.09748580982413775,0.0,2.625,1.0
2023-05,0.004689504212107533,0.7660035844209806,-0.48360746626512996,-1.2166646769768863,-0.09748580982413775,0.0,2.6333333333333333,1.0
2023-06,0.508589655633567,0.9087083572129193,-1.0471447795348832,-0.9147968448543523,-0.09748580982413775,0.0,2.6416666666666666,1.0
2023-07,0.5805753915509183,1.2382795459152087,-1.3182627894763086,-0.5009513472569083,-0.09748580982413775,0.0,2.65,1.0
2023-08,0.5908590681105399,0.7191203285687767,-1.391880300879964,-0.33414070289538916,-0.09748580982413775,0.0,2.658333333333333,1.0
2023-09,0.7656815696241075,0.6876904472091006,-1.4323552169110954,-0.06887571134951921,-0.09748580982413775,0.0,2.6666666666666665,1.0
2023-10,0.560008038431675,0.39769190497189144,-1.3067755278350845,0.20983405281551173,-0.09748580982413775,0.0,2.675,1.0
2023-11,1.0022061304954049,0.6213166476104302,-0.9250740370716234,0.8065410864580284,-0.09748580982413775,0.0,2.683333333333333,1.0
2023-12,1.22844701480708,0.49357743388995723,-0.4468176845307159,1.3845068105905753,-0.09748580982413775,0.0,2.6916666666666664,1.0
2024-01,0.7862489227433507,0.741038912872561,-0.22732742090324776,1.5889624648358245,-0.09748580982413775,0.0,2.7,1.0
2024-02,0.7656815696241075,0.9562789997194533,-0.13131569539690943,1.5620554644628322,-0.09748580982413775,0.0,2.7083333333333335,1.0
2024-03,0.8685183352203237,0.6393923059048606,0.22724882451104433,1.5643360022207409,-0.09748580982413775,0.0,2.716666666666667,1.0
2024-04,0.4160365665969724,0.8221487113445505,0.8029198883803407,1.372704366521024,-0.09748580982413775,0.0,2.725,1.0
2024-05,0.1897956822852967,1.4244219642775582,1.2260939603412626,0.6238343350712201,-0.09748580982413775,0.0,2.7333333333333334,1.0
2024-06,-0.17013299730146003,1.4156810182712156,1.2160683290098206,0.11233925905767059,-0.09748580982413775,0.0,2.7416666666666667,1.0
2024-07,-0.6740331487229194,1.7886942671631103,1.0280796768821114,-0.4559485351284708,-0.09748580982413775,0.0,2.75,1.0
2024-08,-0.684316825282541,2.684310136373632,0.9230101475057672,-0.6127398110891988,-0.09748580982413775,0.0,2.7583333333333333,1.0
2024-09,-0.6020474128055682,1.5561608229888138,0.871067632935019,-0.8597872114839192,-0.09748580982413775,0.0,2.7666666666666666,1.0
2024-10,-0.46835961753048705,2.007615233049246,0.6266714872934359,-1.1401495584037733,-0.09748580982413775,0.0,2.775,1.0
2024-11,-0.632898442484433,1.5293375967592475,0.3491126648289151,-1.295716363534663,-0.09748580982413775,0.0,2.783333333333333,1.0
2024-12,-0.8694230033557303,1.4091915280543847,0.10276574056784182,-1.1594519619315822,-0.09748580982413775,0.0,2.7916666666666665,1.0
2025-01,-0.9619760923923248,1.2594697180517977,0.04825761802436496,-1.245289637720959,-0.09748580982413775,0.0,2.8,1.0
2025-02,-0.7871535908787572,1.1977911812970832,-0.12042226876888211,-1.1904153203247678,-0.09748580982413775,0.0,2.808333333333333,1.0
2025-03,-0.632898442484433,0.8223561984467217,-0.1858284810730631,-1.240218090376007,-0.09748580982413775,0.0,2.8166666666666664,1.0
2025-04,-0.32438814569578434,0.8434978097721644,-0.7783948880566894,-1.0484646916603249,-0.09748580982413775,0.0,2.825,1.0
2025-05,-0.3038207925765411,0.32332764463004915,-1.135126054596939,-0.46926864132467466,-0.09748580982413775,0.0,2.8333333333333335,1.0
