time,enso,trop,solar,qboA,qboB,aod,linear_pre,linear_post,pre_const,post_const,gap_cons
1979-01,0.4894419875080405,0.5703865165642953,1.5582824769964443,-0.987903787728152,-0.94574884133911,-0.048299037489050484,-1.800173857094944,0.0,1.0,0.0,0.0
1979-02,0.2717731005868475,0.8880140349319952,1.6118866391086621,-1.0197451396495818,-1.049129048674809,-0.04451337647213748,-1.7916863453732794,0.0,1.0,0.0,0.0
1979-03,-0.0806431925236556,0.4198759092545317,1.3021621679183633,-1.1451084373924625,-0.681697881847025,-0.08418052017109552,-1.7840202057537116,0.0,1.0,0.0,0.0
1979-04,0.20958199003793518,0.4215596126011358,1.1172296961017072,-1.1371949911954915,-0.42123688597718295,-0.12318928804102516,-1.7755326940320473,0.0,1.0,0.0,0.0
1979-05,0.2821382856783329,0.957890841785225,0.9923338858507343,-1.2072188340143104,0.036561127375754524,-0.15512051574890012,-1.7673189730110817,0.0,1.0,0.0,0.0
1979-06,-0.1531994881640533,0.7945217296580629,1.3431136715545509,-0.960127807222685,0.6224663045178459,-0.18622877367048962,-1.7588314612894174,0.0,1.0,0.0,0.0
1979-07,-0.14283430307256792,0.552985130680226,1.0444563836228793,-0.7779282117372178,0.9889024017248093,-0.21766621950659326,-1.7506177402684517,0.0,1.0,0.0,0.0
1979-08,0.4583464322335844,0.032446415293450985,1.1580821075368073,-0.5512265370653446,1.2582425961489792,-0.24169693726612795,-1.7421302285467875,0.0,1.0,0.0,0.0
1979-09,0.3961553216846721,0.10032148594571819,1.6767174757364944,-0.260195590039768,1.5137734865542471,-0.2688549402135474,-1.733642716825123,0.0,1.0,0.0,0.0
1979-10,0.2510427304038767,-2.0422502640220253,1.9664102225430968,0.22534653191065362,1.741323929113489,-0.2895937788279404,-1.7254289958041575,0.0,1.0,0.0,0.0
1979-11,0.5412679129654675,-0.49424093527758933,2.1787956381588804,0.827597578351418,1.7916461780404775,-0.3134599026302181,-1.716941484082493,0.0,1.0,0.0,0.0
1979-12,0.6760153191547775,-0.10103696243148867,1.572551753953077,1.025217928434855,1.4138610832110992,-0.3295901104414127,-1.7087277630615276,0.0,1.0,0.0,0.0
1980-01,0.3650597664102159,0.5274364913800892,1.6208426866164953,1.248074784714046,0.8006570147440483,-0.3486830094832347,-1.7002402513398631,0.0,1.0,0.0,0.0
1980-02,0.1992168049464498,0.13215283310401651,1.5289716873091843,1.164583796765963,0.6652372538349544,-0.36464862333717224,-1.6917527396181988,0.0,1.0,0.0,0.0
1980-03,0.4272508769591282,-0.6527273076995996,0.9431180926438307,1.2344987379906822,0.4838503103396583,-0.38094342510562385,-1.683812809297932,0.0,1.0,0.0,0.0
1980-04,0.6138242086058652,-1.1204632153553744,1.8213678667865343,1.3470471548139415,0.22816250907637745,-0.392629596070877,-1.6753252975762678,0.0,1.0,0.0,0.0
1980-05,0.5723634682399237,-0.41289311988332905,2.2266263425994715,1.3775821767042606,-0.18215357186947076,-0.40398657912161606,-1.6671115765553022,0.0,1.0,0.0,0.0
1980-06,0.6449197638803214,-0.44073034854718324,1.6161677367740683,1.1696429799409682,-0.8936812967671214,-0.39987173019018885,-1.658624064833638,0.0,1.0,0.0,0.0
1980-07,0.6449197638803214,0.4755285407981174,1.442608847593369,0.902629671855226,-1.0887005144519588,-0.3806142371911097,-1.6504103438126723,0.0,1.0,0.0,0.0
1980-08,0.15775606458050825,1.358646535937761,1.0225239764487963,0.7793359813576295,-1.1699037060028314,-0.3610275562775163,-1.641922832091008,0.0,1.0,0.0,0.0
1980-09,0.20958199003793518,1.2240095096234815,1.3408609755164913,0.6065675187188674,-1.1564051305482994,-0.35263326445740484,-1.6334353203693435,0.0,1.0,0.0,0.0
1980-10,0.09556495403159594,1.1862509030913049,1.6893484283018114,0.46198134517478034,-1.2008304180687221,-0.3483538215687206,-1.625221599348378,0.0,1.0,0.0,0.0
1980-11,-0.028817267066228672,1.5210459596560457,1.9049224107437053,0.23356059096495016,-1.176295915160917,-0.34111168744940873,-1.6167340876267136,0.0,1.0,0.0,0.0
1980-12,-0.059912822340684825,1.567407043101705,2.0141726634673818,0.07796557980789069,-1.2093233692883132,-0.34901219739774886,-1.6085203666057482,0.0,1.0,0.0,0.0
1981-01,-0.3397728198107902,1.4901344134000587,0.9951084674811927,-0.05749525634587636,-1.2276004057380798,-0.35164570071386225,-1.6000328548840836,0.0,1.0,0.0,0.0
1981-02,-0.24648615398742174,0.9236461864967942,1.6207365164010445,-0.12520993596493685,-1.2031796565476973,-0.3590524287904312,-1.5915453431624196,0.0,1.0,0.0,0.0
1981-03,0.3443293962272452,0.6970010082289223,1.695822452106209,-0.3371502056637674,-1.1517838742359414,-0.3669529387387714,-1.5838792035428517,0.0,1.0,0.0,0.0
1981-04,0.4272508769591282,0.5293883400744858,2.1359261499194164,-0.62386559029278,-1.0513908111356929,-0.37501804264436867,-1.5753916918211872,0.0,1.0,0.0,0.0
1981-05,-0.2775817092618779,0.0755804006581193,1.6082910078120518,-0.8114845411040503,-0.3313673867895719,-0.383083146549966,-1.5671779708002218,0.0,1.0,0.0,0.0
1981-06,-0.6196328172808956,0.41083068072027534,0.8492953946050558,-0.8570284899037662,0.14570912412975465,-0.3606983683630022,-1.5586904590785573,0.0,1.0,0.0,0.0
1981-07,-0.5263461514575272,1.2895367494979841,1.5935593005836757,-0.8746597505560969,0.3812327340748362,-0.33535089894541065,-1.550476738057592,0.0,1.0,0.0,0.0
1981-08,-0.3190424496278194,0.9489204445108177,2.162480657762015,-0.9027883174746975,0.4876447687134309,-0.33716143247523866,-1.5419892263359274,0.0,1.0,0.0,0.0
1981-09,-0.008086896883257906,0.5162461000634928,2.0794722219352817,-0.9707884857951488,0.545634927961009,-0.35082273092757693,-1.533501714614263,0.0,1.0,0.0,0.0
1981-10,-0.10137356270662637,0.36704192183192763,2.097872542652817,-1.0318840785983954,0.5490859204164686,-0.35263326445740484,-1.5252879935932975,0.0,1.0,0.0,0.0
1981-11,-0.22575578380445097,0.5984170593160929,1.6985618009540564,-1.1174140591485615,0.5974176924995485,-0.3514811067566052,-1.5168004818716332,0.0,1.0,0.0,0.0
1981-12,-0.16356467325553867,0.0277538717070822,1.6579031698233049,-1.0018329552201257,0.8013326607966003,-0.3513165127993481,-1.5085867608506676,0.0,1.0,0.0,0.0
1982-01,-0.39159874526821714,0.15933528824419133,1.084291448460147,-0.9105385321816154,0.9050672067080089,-0.32843795274061305,-1.5000992491290033,0.0,1.0,0.0,0.0
1982-02,-0.48488541109158556,0.6322750864286368,1.8125813770450068,-0.6913443100344278,1.175762133839864,-0.3295901104414127,-1.491611737407339,0.0,1.0,0.0,0.0
1982-03,-0.2879468943533633,0.9213575971330767,1.800529877922241,-0.6636130119055398,1.3422577656058419,-0.3294255164841556,-1.4839455977877711,0.0,1.0,0.0,0.0
1982-04,-0.3501380049022756,0.16713021114513615,0.8712079833389229,-0.50241838189581,1.5528516767080884,0.18246169058538572,-1.4754580860661068,0.0,1.0,0.0,0.0
1982-05,-0.028817267066228672,0.2357598303342148,0.5633307166082657,-0.012204835148076557,1.6607113224761358,0.7136063906540067,-1.4672443650451412,0.0,1.0,0.0,0.0
1982-06,0.8107627253440876,0.004035480304087269,1.1667890089390498,0.6186768629344312,1.5363278979087802,1.0299559765021282,-1.458756853323477,0.0,1.0,0.0,0.0
1982-07,1.8576464195841114,0.809257251910009,0.9096909901435701,1.0364981557493889,1.1835517774325044,1.4435805910891886,-1.4505431323025113,0.0,1.0,0.0,0.0
1982-08,2.096045676688275,1.710016716559071,1.0581971688403766,1.482562297546583,0.5845366426962822,1.6754934768644245,-1.442055620580847,0.0,1.0,0.0,0.0
1982-09,1.8783767897670822,2.0808710864635827,0.9553768989428391,1.4846659689731918,-0.03925806751229428,1.8144107767894062,-1.4335681088591827,0.0,1.0,0.0,0.0
1982-10,2.0027590108649065,1.9918842466263964,0.8284353852516341,1.3612592747126662,-0.4300562778489678,2.0428671894622434,-1.425354387838217,0.0,1.0,0.0,0.0
1982-11,2.3655404890668947,2.4037056133291137,0.8861576934096924,1.3412882974380456,-0.5668174912168514,2.3936169123770967,-1.4168668761165528,0.0,1.0,0.0,0.0
1982-12,2.5728441908966024,2.492206049977281,1.489776735311128,1.31346448204705,-0.9130304727502286,3.0174280103814572,-1.4086531550955872,0.0,1.0,0.0,0.0
1983-01,2.666130856719971,1.7374766709545193,0.3551710328566466,1.0886242020487236,-0.9987595567692504,3.110094408317197,-1.400165643373923,0.0,1.0,0.0,0.0
1983-02,2.8423390032752227,1.6415118161364075,-0.016783340616744677,0.8384148579105569,-1.192051313799435,3.172804706032147,-1.3916781316522584,0.0,1.0,0.0,0.0
1983-03,2.7801478927263106,1.282505729041332,-0.0631301786683484,0.4783279851352818,-1.2870058838842393,3.577212059012811,-1.3840119920326905,0.0,1.0,0.0,0.0
1983-04,2.8941649287326494,1.0232247675717843,-0.010824910836419196,0.24631832161907258,-1.3407332768152687,3.340196760562605,-1.3755244803110263,0.0,1.0,0.0,0.0
1983-05,2.9978167796475037,0.927431401057493,0.40438682606355136,-0.4278647883317102,-1.1562411234131726,3.1064733412575407,-1.3673107592900606,0.0,1.0,0.0,0.0
1983-06,2.096045676688275,0.5964433848375736,0.46353826396618536,-0.9750124602732144,-0.7334878236743914,2.8164587885705528,-1.3588232475683963,0.0,1.0,0.0,0.0
1983-07,0.7796671700696314,0.6845135417416087,0.17839054611614066,-1.1924645198568822,-0.49551182098842383,2.5461955107544156,-1.3506095265474307,0.0,1.0,0.0,0.0
1983-08,-0.11173874779811174,0.97797991708554,0.1458883041593653,-1.2617596761367862,-0.42603976585407255,2.2989753869542713,-1.3421220148257664,0.0,1.0,0.0,0.0
1983-09,-0.42269430054267326,1.7079931545739857,-0.20899389866948234,-1.1772694917973672,-0.11843983244200681,2.073152477597547,-1.333634503104102,0.0,1.0,0.0,0.0
1983-10,-0.44342467072564407,1.6031109079571928,-0.17761470165836948,-1.1791639258235804,-0.04512808178326889,1.8619784304367046,-1.3254207820831365,0.0,1.0,0.0,0.0
1983-11,-0.44342467072564407,1.0949598840445993,-0.6137023937832017,-1.219967031227748,0.3079273353593961,1.6690743125313978,-1.316933270361472,0.0,1.0,0.0,0.0
1983-12,-0.44342467072564407,1.6044859323569194,-0.6116385424226161,-1.2752329112206144,0.3371074164557489,1.5281818851193314,-1.3087195493405068,0.0,1.0,0.0,0.0
1984-01,-0.5159809663660417,2.416826027555984,-0.16321330176695192,-1.2196528173408963,0.5539117553159507,1.3938732159975482,-1.3002320376188423,0.0,1.0,0.0,0.0
1984-02,-0.5367113365490125,1.6586980621484106,0.3435168788160764,-1.1822656381625385,0.5817523520066048,1.2457386544661695,-1.291744525897178,0.0,1.0,0.0,0.0
1984-03,-0.11173874779811174,0.48959681764974267,0.008810759321342192,-1.264530542714116,0.4351745720486433,1.1015543479089611,-1.2838045955769113,0.0,1.0,0.0,0.0
1984-04,0.09556495403159594,0.47611471900026847,0.18946024600209618,-1.137922209221245,0.8036676163223113,0.9685624304452346,-1.275317083855247,0.0,1.0,0.0,0.0
1984-05,-0.48488541109158556,0.69665179568296,0.21981108617081097,-1.0069298756724971,1.3697649345328835,0.8479150597757895,-1.2671033628342814,0.0,1.0,0.0,0.0
1984-06,-0.7440150383787202,0.7705663725988793,-0.34709099215425304,-0.6012421251853246,1.8144333909766732,0.7685807723778735,-1.258615851112617,0.0,1.0,0.0,0.0
1984-07,-0.3190424496278194,0.8653838147659721,-0.5778811325853964,-0.1957326270408879,1.9233063874307332,0.7009326559452106,-1.2504021300916515,0.0,1.0,0.0,0.0
1984-08,-0.1531994881640533,0.08319448134776221,-0.7095416370972912,0.2718188044488698,1.9358916486003026,0.6005303420183875,-1.2419146183699872,0.0,1.0,0.0,0.0
1984-09,-0.11173874779811174,0.4227974463578058,-0.8491691545766386,0.6593811918131959,1.8910018165322304,0.5078639440826473,-1.2334271066483227,0.0,1.0,0.0,0.0
1984-10,-0.1531994881640533,-0.3271489679729359,-0.9694935112840961,0.8620834155569909,1.6738458315404061,0.4237564319242759,-1.2252133856273573,0.0,1.0,0.0,0.0
1984-11,-0.5989024470979247,0.5855492005912132,-0.937979989289286,1.3411813611799572,1.0820236434108714,0.346726459927959,-1.2167258739056928,0.0,1.0,0.0,0.0
1984-12,-0.3190424496278194,0.167095913484372,-0.9607733975883761,1.6573891997607917,0.7367357268027234,0.28928316884523536,-1.2085121528847274,0.0,1.0,0.0,0.0
1985-01,-0.2568513390789071,-0.12464310694471,-0.9896422588386007,1.5747802215930973,0.24819797837832264,0.17110470753464685,-1.2000246411630628,0.0,1.0,0.0,0.0
1985-02,-0.5989024470979247,-0.5206750778192735,-0.9939999563483397,1.2268190983739404,-0.07426776674949627,0.16698985860321958,-1.1915371294413986,0.0,1.0,0.0,0.0
1985-03,-0.6196328172808956,-0.8380126250550582,-0.9801954690015708,1.4864446693821376,-0.38953941994438485,0.09391014158107294,-1.1838709898218307,0.0,1.0,0.0,0.0
1985-04,-0.7854757787446618,0.5077278083173403,-0.915726082973895,1.4535252049127458,-0.705363558252468,0.08485747393193305,-1.1753834781001662,0.0,1.0,0.0,0.0
1985-05,-1.2622742929529893,0.437838529587469,-0.7856444475326658,1.3927702075543946,-0.8079207790692443,0.0321874076096651,-1.1671697570792008,0.0,1.0,0.0,0.0
1985-06,-0.5885372620064394,0.10011881795029362,-0.858248202245187,1.1513820492756954,-0.7144538281474935,0.008156689850130468,-1.1586822453575363,0.0,1.0,0.0,0.0
1985-07,-0.01845208197474329,2.1143767830610036,-0.801102830902351,0.7970537332705959,-0.9223321959874342,-0.0061629844312361915,-1.1504685243365709,0.0,1.0,0.0,0.0
1985-08,-0.38123356017673177,2.2885403044213946,-0.96526557737102,0.6907374754115032,-0.89840705714415,-0.028383168660942922,-1.1419810126149064,0.0,1.0,0.0,0.0
1985-09,-0.45378985581712944,2.1998122560245195,-1.0274734591649823,0.5577496816559122,-1.030011991575645,-0.1230246940837681,-1.133493500893242,0.0,1.0,0.0,0.0
1985-10,-0.03918245215771406,1.6099579682333827,-0.9468344279687025,0.18695360047973358,-1.1463147140065129,-0.13520464692079256,-1.1252797798722767,0.0,1.0,0.0,0.0
1985-11,0.0022782882082274794,0.9773875029450683,-0.9787333085232988,-0.22061457150048258,-1.1136354496838698,-0.1439281266554182,-1.1167922681506124,0.0,1.0,0.0,0.0
1985-12,-0.3501380049022756,0.6902194253051003,-0.9824415588928926,-0.4488532264836153,-1.096608134497178,-0.06278330572767421,-1.1085785471296468,0.0,1.0,0.0,0.0
1986-01,-0.37086837508524634,0.605579034477481,-1.0138207559040064,-0.40492626184917707,-1.3569927902066363,0.016057199798470676,-1.1000910354079825,0.0,1.0,0.0,0.0
1986-02,-0.30867726453633404,1.3790287003391515,-0.7966696345727361,-0.3594807065518874,-1.5060531357323972,0.07350049088119404,-1.091603523686318,0.0,1.0,0.0,0.0
1986-03,-0.4019639303597025,2.3603596060615395,-0.9047532732401143,-0.6764720962539663,-1.4333820227096763,-0.008302705875578296,-1.08393738406675,0.0,1.0,0.0,0.0
1986-04,-0.5367113365490125,0.38893630127610146,-0.9175691979141272,-0.9877498633895222,-1.2798780358341197,0.014905042097671056,-1.0754498723450858,0.0,1.0,0.0,0.0
1986-05,-0.18429504343850944,0.213354103947739,-0.9452489527512992,-1.2023025868787778,-0.8807385422045925,-0.004187856944151157,-1.0672361513241202,0.0,1.0,0.0,0.0
1986-06,0.1266605093060521,0.7698773014144357,-1.037781250127019,-1.3789765141333523,-0.3607057533879229,-0.0364482725665402,-1.058748639602456,0.0,1.0,0.0,0.0
1986-07,0.5827286533314091,0.5282970508683535,-0.980591837805922,-1.3882651915370299,-0.1811916071978685,-0.005833796516721985,-1.0505349185814903,0.0,1.0,0.0,0.0
1986-08,1.090622722814193,-0.5838451330085304,-1.0306003686215286,-1.4699918653591653,-0.1688992784540781,0.08913691682061739,-1.042047406859826,0.0,1.0,0.0,0.0
1986-09,1.360117535192813,-0.4417811041542306,-1.0435153854966288,-1.4641154032368477,-0.15869716313175689,-0.03414395716494096,-1.0335598951381617,0.0,1.0,0.0,0.0
1986-10,0.5930938384228943,0.08497172376917764,-0.7790383007934836,-1.4281923951652038,-0.08796671295610126,-0.08335755038481005,-1.025346174117196,0.0,1.0,0.0,0.0
1986-11,0.6760153191547775,-0.03876176439126023,-0.9202314750500177,-1.237247552518913,0.3369607869893735,-0.07660919813726945,-1.0168586623955318,0.0,1.0,0.0,0.0
1986-12,1.1009879079056784,0.44385932803615874,-1.0247208980236564,-1.1305556525362044,0.5355005149604904,-0.058668456796247,-1.0086449413745662,0.0,1.0,0.0,0.0
1987-01,1.0180664271737951,0.5934969039810165,-1.0284864016649904,-1.202655975870409,0.4919330914708771,-0.015874027909404297,-1.0001574296529019,0.0,1.0,0.0,0.0
1987-02,1.121718278088649,-0.195907410074308,-1.0365671347298824,-1.1456401794583,0.5590639441772433,-0.06854409423167218,-0.9916699179312374,0.0,1.0,0.0,0.0
1987-03,1.525960496656579,-0.4680250505771317,-0.9650013315014524,-1.0571155808164945,0.7716648360056,-0.07282353712035652,-0.9840037783116695,0.0,1.0,0.0,0.0
1987-04,1.7228990133948012,-0.29219029774677857,-0.7144169733908068,-0.9144073929049933,1.2291175777312322,-0.09850019445246205,-0.9755162665900052,0.0,1.0,0.0,0.0
1987-05,1.9820286406819358,-0.14837397022434642,-0.6276254175314353,-0.06724743577380414,1.7268625218345626,-0.1166055297507417,-0.9673025455690398,0.0,1.0,0.0,0.0
1987-06,2.096045676688275,-1.5066268138373415,-0.8190649438861867,0.6052903195655719,1.5111343360036853,-0.0868140234872089,-0.9588150338473754,0.0,1.0,0.0,0.0
1987-07,1.9923938257734213,-0.9325369781210756,-0.6841740336188326,1.0171523270686431,1.0759847974522379,-0.046323910001965445,-0.9506013128264099,0.0,1.0,0.0,0.0
1987-08,1.5363256817480644,-0.6026589589222507,-0.5776829481832212,1.324804710964352,0.1599784855646651,-0.03974015171168192,-0.9421138011047455,0.0,1.0,0.0,0.0
1987-09,1.2771960544609298,-0.5363023392510876,-0.6842444991840501,1.3394108748628268,-0.40872609764917034,-0.07183597337681397,-0.9336262893830811,0.0,1.0,0.0,0.0
1987-10,1.173544203546076,-0.13924767449192021,-0.47079549394325926,1.2243276211346878,-0.6005722083285898,-0.15775401906501352,-0.9254125683621156,0.0,1.0,0.0,0.0
1987-11,0.8833190209844851,-0.23947791112142924,-0.43876889455170515,1.1146853184066703,-0.5422895121859913,-0.1733904450044368,-0.9169250566404512,0.0,1.0,0.0,0.0
1987-12,0.7796671700696314,-0.521463924016849,-0.5928110242159474,0.9964390677381751,-0.3842680306883351,-0.15298079430455797,-0.9087113356194857,0.0,1.0,0.0,0.0
1988-01,0.6138242086058652,0.2518142535410008,-0.3245354051377736,0.8695032824078941,-0.5636084309056822,-0.16400858944078284,-0.9002238238978213,0.0,1.0,0.0,0.0
1988-02,0.3235990260442744,0.19466499680043367,-0.36809496994695795,0.4142485987737245,-0.6568624580308412,-0.13734436836513475,-0.891736312176157,0.0,1.0,0.0,0.0
1988-03,0.1992168049464498,-0.8025675516398819,-0.1345426249189032,0.0019511845967897005,-0.7726458397923709,-0.19248334404625894,-0.8837963818558903,0.0,1.0,0.0,0.0
1988-04,-0.008086896883257906,-1.227035401257092,0.06446974764786258,-0.3368767541639108,-0.7465421588554572,-0.20960111560099604,-0.8753088701342259,0.0,1.0,0.0,0.0
1988-05,-0.37086837508524634,-0.7279077800946323,-0.05229609801608927,-0.7447950523851131,-0.8198757856704544,-0.23659452459115826,-0.8670951491132604,0.0,1.0,0.0,0.0
1988-06,-1.2311787376785333,0.28746511292076204,0.4792388727163072,-0.92068544132836,-0.65377080177923,-0.24284909496692758,-0.858607637391596,0.0,1.0,0.0,0.0
1988-07,-1.8323594729846857,0.44252171926635664,0.7627042251967739,-1.0964418722803795,-0.4634477988788572,-0.15117026077473,-0.8503939163706304,0.0,1.0,0.0,0.0
1988-08,-1.8530898431676563,-0.06388324191642522,0.7706316012837925,-1.267407711063664,-0.6558227408034218,-0.022951568071459094,-0.841906404648966,0.0,1.0,0.0,0.0
1988-09,-1.8323594729846857,-0.3625379179432255,0.6901731380983842,-1.3127630055154489,-0.7159135954968114,-0.2467993499410977,-0.8334188929273016,0.0,1.0,0.0,0.0
1988-10,-1.5939602158805217,-0.4326641623292855,0.9894271812854946,-1.3064820422874899,-0.644419220445065,-0.27840138973445844,-0.8252051719063361,0.0,1.0,0.0,0.0
1988-11,-1.6665165115209195,-0.37492872738656735,0.6627994680601276,-1.028013839352383,-0.424458067813414,-0.25190176261606745,-0.8167176601846717,0.0,1.0,0.0,0.0
1988-12,-1.5421342904230948,0.8178472569468502,1.4970434967242283,-0.946035384833624,-0.4173210357067983,-0.24482422245401267,-0.8085039391637062,0.0,1.0,0.0,0.0
1989-01,-1.1275268867636796,1.6442369211825778,2.200201755642744,-1.176822545773661,-0.5753339632580255,-0.19923169629379947,-0.8000164274420418,0.0,1.0,0.0,0.0
1989-02,-1.0964313314892233,1.2895055698063804,1.9772914899577787,-1.2012543082384464,-0.7795922192263106,-0.26836115834177615,-0.7915289157203775,0.0,1.0,0.0,0.0
1989-03,-1.2415439227700187,1.0308762638913516,1.691924825530093,-1.2565183221027345,-0.8774735684134596,-0.28021192326428646,-0.7838627761008097,0.0,1.0,0.0,0.0
1989-04,-1.1275268867636796,0.8105792708340093,1.4442119392020774,-1.3920129308473812,-0.5551611097026391,-0.2836683963666853,-0.7753752643791454,0.0,1.0,0.0,0.0
1989-05,-1.0757009613062525,0.5812276953349294,1.5153425231917612,-1.4032636604991215,0.007838488846993643,-0.3183977213479307,-0.7671615433581798,0.0,1.0,0.0,0.0
1989-06,-1.0549705911232818,0.5954269268912904,2.5967048849773513,-1.1557679737806552,0.8573156873225315,-0.28926459091342627,-0.7586740316365155,0.0,1.0,0.0,0.0
1989-07,-1.1586224420381357,0.6783555526498622,1.380445006777668,-1.0096744351159315,1.282108700581825,-0.20087763586637036,-0.75046031061555,0.0,1.0,0.0,0.0
1989-08,-0.7543802234702056,1.2918471646458243,2.0913985188484183,-0.45605083821219833,1.4386386737715129,-0.07134219150504269,-0.7419727988938856,0.0,1.0,0.0,0.0
1989-09,-0.629998002372381,1.6430333850866718,2.211903443566748,-0.4027118900728267,1.5552517356961277,-0.2443304405822414,-0.7334852871722213,0.0,1.0,0.0,0.0
1989-10,-0.5781720769149541,1.3080107167732233,1.7806453762373036,0.032923438333928606,1.6295192611445044,-0.32382932193741454,-0.7252715661512557,0.0,1.0,0.0,0.0
1989-11,-0.3397728198107902,0.2706062536705986,2.244396877327869,0.4822460525549583,1.6297937464932812,-0.3165871878181027,-0.7167840544295914,0.0,1.0,0.0,0.0
1989-12,-0.01845208197474329,0.9522192558824976,1.7599681369436653,1.1943086255084752,1.544373556610089,-0.31197855701490423,-0.7085703334086257,0.0,1.0,0.0,0.0
1990-01,0.1266605093060521,0.6440547739165446,1.699852201617111,1.2706257493708735,1.0731869709181425,-0.2505850109580107,-0.7000828216869615,0.0,1.0,0.0,0.0
1990-02,0.447981247142099,0.04371787380821721,1.099325150968028,1.3710651019022524,1.0046012693204587,-0.11956822098136922,-0.6915953099652971,0.0,1.0,0.0,0.0
1990-03,0.6345545787888359,-0.019305636830501932,1.3635993325927542,1.5928709268519725,0.3016288729954834,-0.29107512444325423,-0.6839291703457292,0.0,1.0,0.0,0.0
1990-04,0.17848643476347903,0.28696000191678084,1.3559472126198682,1.4639348940971317,-0.16512627511365313,-0.3406179055776374,-0.6754416586240648,0.0,1.0,0.0,0.0
1990-05,0.033373843482683636,0.16384698961925817,1.506952716833002,1.1184714896716172,-0.6050865072712782,-0.34489734846632175,-0.6672279376030994,0.0,1.0,0.0,0.0
1990-06,0.043739028574169024,0.026322723862468728,1.1455590553682324,1.1256120896155168,-0.9600863417841072,-0.2866310875973129,-0.658740425881435,0.0,1.0,0.0,0.0
1990-07,0.17848643476347903,0.8476332163359406,1.3616835500383921,0.8612419050114434,-0.8554060730044779,-0.18738093137128925,-0.6505267048604695,0.0,1.0,0.0,0.0
1990-08,0.06446939875713979,0.561169799726218,2.20522242716452,0.8406277698154895,-1.0013823261179116,-0.19034362260191676,-0.6420391931388051,0.0,1.0,0.0,0.0
1990-09,0.21994717512942055,0.5382870240582044,1.205494422683917,0.9328034408207677,-0.9876489469881566,-0.22770645089927563,-0.6335516814171407,0.0,1.0,0.0,0.0
1990-10,-0.059912822340684825,0.8246724914389175,1.2378843601461236,0.7284183066164118,-1.0450393272934944,-0.3167517817753598,-0.6253379603961752,0.0,1.0,0.0,0.0
1990-11,0.1266605093060521,1.0790582413266718,1.2319806670102094,0.3452617334314019,-1.3041069556612916,-0.3037488591520499,-0.6168504486745108,0.0,1.0,0.0,0.0
1990-12,0.29250347076981825,1.1422251785467683,1.6001654473228568,-0.006763800523102318,-1.287078905273961,-0.29123971840051127,-0.6086367276535453,0.0,1.0,0.0,0.0
1991-01,0.16812124967199363,0.5051866634516323,2.0827444666200905,-0.12087351124767422,-1.1576882580737677,-0.2719822254014321,-0.6001492159318809,0.0,1.0,0.0,0.0
1991-02,0.08519976894011055,0.18079626997507262,2.3918460725464086,-0.10795108363805322,-1.3360413245039608,-0.2935440338021105,-0.5916617042102165,0.0,1.0,0.0,0.0
1991-03,0.21994717512942055,0.1913661854287538,2.19577563732749,-0.22925165414293866,-1.1223287433968727,-0.3002923860496511,-0.5839955645906487,0.0,1.0,0.0,0.0
1991-04,0.21994717512942055,0.30079754905053807,1.6314587644263612,-0.647989669325733,-1.0362530115055362,-0.30753452016896293,-0.5755080528689843,0.0,1.0,0.0,0.0
1991-05,0.3650597664102159,-0.13696843903568395,1.517522551615691,-0.949446446221461,-0.5855384396101838,-0.29683591294725226,-0.5672943318480188,0.0,1.0,0.0,0.0
1991-06,0.9247797613504267,-1.050112477189767,1.902942768770865,-1.1732059180941936,0.008396967271511523,0.031199843866122613,-0.5588068201263544,0.0,1.0,0.0,0.0
1991-07,0.9144145762589413,0.2370756133198943,2.016947245097839,-1.236391815760521,0.3199041202652297,0.5923006441555331,-0.5505930991053889,0.0,1.0,0.0,0.0
1991-08,0.4376160620506136,1.1025739647342423,1.9477148272712117,-1.1433433584575423,0.3828574051787068,1.5267005395040174,-0.5421055873837245,0.0,1.0,0.0,0.0
1991-09,0.6449197638803214,0.9013807687225354,1.272187878113782,-1.0627666052062228,0.3993815214179534,2.278894924168906,-0.5336180756620601,0.0,1.0,0.0,0.0
1991-10,1.1320834631801344,1.9958846010591613,1.629430677377432,-0.8995085613952915,0.5292656521873973,3.1818573736812867,-0.5254043546410946,0.0,1.0,0.0,0.0
1991-11,1.2150049439120174,1.322693233549443,0.9815900892039114,-0.48381854105249006,1.029634619004925,4.038898109118941,-0.5169168429194302,0.0,1.0,0.0,0.0
1991-12,1.3393871650098421,1.227024585801567,1.9771782417279633,0.016693650973729685,1.3299766235998418,4.570536591059333,-0.5087031218984647,0.0,1.0,0.0,0.0
1992-01,1.7643597537607427,1.006515570841319,1.8480280729769594,-0.05268157519868858,1.2587184354309504,5.134106300707598,-0.5002156101768003,0.0,1.0,0.0,0.0
1992-02,1.6503427177544037,1.3550203378042416,2.171943393470485,-0.05222396292121686,1.2811758443036876,5.188586900559695,-0.49172809845513593,0.0,1.0,0.0,0.0
1992-03,1.7850901239437136,1.0307951966931819,1.0083868224269468,0.01797964451476807,1.3340036969322362,5.011648396508326,-0.48378816813486936,0.0,1.0,0.0,0.0
1992-04,2.0545849363223336,0.12717031838573256,0.8042414738438369,0.20206892339820928,1.4317369092170815,4.904333136376706,-0.47530065641320496,0.0,1.0,0.0,0.0
1992-05,1.7539945686692575,0.28366119054510097,0.15870422883337865,0.5707762149860451,1.419287786276069,4.84079986887547,-0.46708693539223944,0.0,1.0,0.0,0.0
1992-06,1.6399775326629182,-0.06610947189693507,0.0005750963864965831,0.7336071072676483,1.4623905741762382,4.520335434095921,-0.45859942367057505,0.0,1.0,0.0,0.0
1992-07,0.7900323551611167,1.0488607100084115,0.32953918350862166,0.9253368791919947,1.1364360082371832,4.376644909410484,-0.45038570264960953,0.0,1.0,0.0,0.0
1992-08,0.08519976894011055,1.7341497978603961,0.09673857241985256,1.3939627768782836,0.9851270672016941,4.084490635279153,-0.44189819092794513,0.0,1.0,0.0,0.0
1992-09,0.5205375427824968,1.9898825104254338,-0.048915952934541686,1.484732324527053,0.4610237760649751,3.744439519586012,-0.43341067920628074,0.0,1.0,0.0,0.0
1992-10,0.8418582806185437,1.5035229729747217,0.2575982455189305,1.4946023107354631,0.16413804055024636,3.5153247310841462,-0.4251969581853152,0.0,1.0,0.0,0.0
1992-11,0.7589367998866605,2.0902249939447164,0.4428756037550048,1.6063697780428798,-0.2572442171353749,3.3013525866499323,-0.4167094464636508,0.0,1.0,0.0,0.0
1992-12,0.8107627253440876,1.798984848581295,0.2906950406822317,1.4853534184045993,-0.7490227864859149,2.909618968378065,-0.4084957254426853,0.0,1.0,0.0,0.0
1993-01,0.8625886508015144,2.0985998591094916,-0.06649931350533128,1.3478177109461966,-0.790772119152412,2.7366307193008654,-0.4000082137210209,0.0,1.0,0.0,0.0
1993-02,0.9662405017163683,2.662553177085369,0.3836553219931258,1.4639087809296634,-0.8857233566626797,2.4571501798783317,-0.3915207019993566,0.0,1.0,0.0,0.0
1993-03,0.8107627253440876,2.429597229236892,0.29908484704099314,1.311762619100455,-0.951345550418212,2.254864206409372,-0.38385456237978877,0.0,1.0,0.0,0.0
1993-04,1.0180664271737951,2.06451422024824,-0.07649441352171217,0.73802780067963,-1.0951389371955191,2.0431963773767574,-0.3753670506581244,0.0,1.0,0.0,0.0
1993-05,1.5363256817480644,1.1909403287085132,-0.11346901682091308,-0.25594338789563825,-1.222249785116029,1.848810913856137,-0.36715332963715885,0.0,1.0,0.0,0.0
1993-06,1.5570560519310352,0.4076098185776049,-0.15643099111472558,-0.8566241101920622,-1.003064045548147,1.6628197421556288,-0.3586658179154945,0.0,1.0,0.0,0.0
1993-07,0.9455101315333975,0.4060695418123782,-0.3723639075294497,-0.9970316722018322,-0.8018701660048687,1.475676412754321,-0.35045209689452894,0.0,1.0,0.0,0.0
1993-08,0.6449197638803214,0.2389994002918475,-0.500126785465227,-1.0393068278232116,-0.7629861746277015,1.3711592498960699,-0.3419645851728646,0.0,1.0,0.0,0.0
1993-09,0.6656501340632921,0.8553439540695552,-0.6656085592328181,-1.1791292283653647,-0.7271293240543184,1.2360276109880013,-0.3334770734512002,0.0,1.0,0.0,0.0
1993-10,0.986970871899339,0.5207640373768805,-0.42442034383420274,-1.23283863056592,-0.5359506079861123,1.1359544849756924,-0.32526335243023474,0.0,1.0,0.0,0.0
1993-11,0.7278412446122043,0.38150929873608125,-0.5447138718568774,-1.3455577107861858,-0.17407580943883497,1.0143195505627052,-0.31677584070857034,0.0,1.0,0.0,0.0
1993-12,0.2717731005868475,-0.14742610759959154,-0.3868313688882582,-1.2273674307925118,0.039747494878914234,0.8854424820304057,-0.30856211968760483,0.0,1.0,0.0,0.0
1994-01,0.02300865839119825,0.29506983970292383,-0.1858063236149545,-1.3384539251539038,0.021135078988528268,0.7555778497545639,-0.30007460796594043,0.0,1.0,0.0,0.0
1994-02,-0.17392985834702407,0.426164853051014,-0.4758067281125526,-1.338501710415258,0.05838264537079207,0.6843086662622451,-0.29158709624427603,0.0,1.0,0.0,0.0
1994-03,-0.2153905987129656,0.6241278330125692,-0.6329103349227815,-1.4256733670744561,0.2106128546802298,0.5865398556515351,-0.28392095662470823,0.0,1.0,0.0,0.0
1994-04,0.033373843482683636,0.22321624040201438,-0.8341511809895649,-1.4890908552497413,0.46257601733609677,0.49403805167305215,-0.2754334449030439,0.0,1.0,0.0,0.0
1994-05,0.0022782882082274794,-0.26184310390882015,-0.7933075777501165,-1.2580450105863794,1.1325376214654974,0.4262253412831321,-0.2672197238820783,0.0,1.0,0.0,0.0
1994-06,0.2614079154953621,-0.4634478718496969,-0.8326493836308572,-0.6503657489952419,1.8366889051795863,0.32565843339905176,-0.258732212160414,0.0,1.0,0.0,0.0
1994-07,0.9144145762589413,-0.1688372018239068,-0.7629193027498803,-0.09538691747531376,2.0191526569008427,0.2608084142397594,-0.25051849113944846,0.0,1.0,0.0,0.0
1994-08,0.8729538358929998,0.3946702465620365,-0.8683534047072223,0.5613583848647365,1.9388880725294282,0.22114127054080135,-0.2420309794177841,0.0,1.0,0.0,0.0
1994-09,1.1009879079056784,-0.007426174329462009,-0.829236207815614,1.0070366680907052,1.7447699898125457,0.17126930149190392,-0.23354346769611972,0.0,1.0,0.0,0.0
1994-10,1.525960496656579,0.5557227076030379,-0.6816636978579437,1.295959859383542,1.0132710027809055,0.18377844224344256,-0.22532974667515418,0.0,1.0,0.0,0.0
1994-11,1.0284316122652806,-0.03695334227824103,-0.8450050800820407,1.5410145115128153,0.2573757637765805,0.18180331475635758,-0.2168422349534898,0.0,1.0,0.0,0.0
1994-12,0.904049391167456,-0.23636617789937206,-0.7972052043262341,1.5702483220575698,-0.3553824387891595,0.2456657701721074,-0.20862851393252427,0.0,1.0,0.0,0.0
1995-01,0.8003975402526021,0.09789882390810455,-0.8271310490547279,1.469044105969262,-0.690863919096958,0.007992095892873398,-0.2001410022108599,0.0,1.0,0.0,0.0
1995-02,0.4998071725995259,0.4644846940320588,-0.7559309432350738,1.0074875995618302,-0.5193128746295128,-0.006162984431235986,-0.19165349048919553,0.0,1.0,0.0,0.0
1995-03,0.14739087948902288,0.6786143440901736,-0.7417135717171067,0.9064817662714482,-0.49069328591876177,-0.028218574703685852,-0.18398735086962772,0.0,1.0,0.0,0.0
1995-04,0.1888516198549644,-0.18200126761902244,-0.8641188646474072,0.9297946628711218,-0.7541284912804405,-0.049122007275335895,-0.17549983914796335,0.0,1.0,0.0,0.0
1995-05,0.16812124967199363,-0.44978493098892075,-0.8860578779682299,0.5148129534652859,-1.3686586578951194,-0.07101300359052849,-0.1672861181269978,0.0,1.0,0.0,0.0
1995-06,0.0022782882082274794,-0.6324418003421808,-0.8663715606854678,0.08603533922750013,-1.4737802823709611,-0.10491935878548857,-0.15879860640533344,0.0,1.0,0.0,0.0
1995-07,-0.2568513390789071,-0.04443023232482731,-0.9026393062835761,-0.2579622566901856,-1.357740357184897,-0.1162763418362275,-0.15058488538436793,0.0,1.0,0.0,0.0
1995-08,-0.6714587427383225,0.08415793381831899,-0.9165122144358582,-0.4483764890327712,-1.1985855544306958,-0.15972914655209855,-0.14209737366270353,0.0,1.0,0.0,0.0
1995-09,-0.8891276296595155,-0.4877430875473617,-0.9758662408384935,-0.5003122936667452,-1.0132024456359638,-0.11709931162251291,-0.13360986194103916,0.0,1.0,0.0,0.0
1995-10,-0.6714587427383225,0.3704155644634566,-0.8795838541638312,-0.6464376028918895,-0.7530175554801929,-0.1348754590062783,-0.12539614092007365,0.0,1.0,0.0,0.0
1995-11,-0.6921891129212934,0.22019804625476855,-0.9785285179743834,-0.7378959145463813,-0.40462563016686015,-0.1821139247390624,-0.11690862919840928,0.0,1.0,0.0,0.0
1995-12,-0.847666889293574,0.6034681693559051,-1.0264384961758435,-0.7377040669301899,-0.13919001172759232,-0.23099833004441736,-0.10869490817744376,0.0,1.0,0.0,0.0
1996-01,-0.8580320743850594,1.2660397339053762,-0.9885852753603317,-1.0204669722955082,-0.1872833504892239,-0.22655429319847595,-0.10020739645577939,0.0,1.0,0.0,0.0
1996-02,-0.8373017042020887,0.947264802886657,-1.0363477162846166,-1.1373049205738406,-0.19464246379615244,-0.23149211191618857,-0.091719884734115,0.0,1.0,0.0,0.0
1996-03,-0.6610935576468372,0.17904085333777986,-1.0326482741106746,-1.2514943154887028,-0.022636764244261767,-0.2237561959251055,-0.08377995441384833,0.0,1.0,0.0,0.0
1996-04,-0.712919483104264,-0.5442593965483721,-1.035050709474824,-1.3652493566753794,0.2507216168118013,-0.24482422245401267,-0.07529244269218396,0.0,1.0,0.0,0.0
1996-05,-0.8580320743850594,-0.6951285703115792,-0.9978338807951863,-1.4080828632855498,0.7665746972647957,-0.2456471922402981,-0.06707872167121844,0.0,1.0,0.0,0.0
1996-06,-0.9305883700254571,-1.151225099091663,-0.9956626605669088,-0.9787369160919958,1.5822767412248473,-0.27889517160622973,-0.058591209949554066,0.0,1.0,0.0,0.0
1996-07,-0.7854757787446618,-1.5638633737143992,-0.9597824755774989,-0.8716933977623752,1.6858217553958168,-0.2607898363079502,-0.050377488928588544,0.0,1.0,0.0,0.0
1996-08,-0.6196328172808956,-1.4102503870900598,-0.9457113830230421,-0.5832368027385337,1.9079932636466845,-0.2810348930505719,-0.04188997720692417,0.0,1.0,0.0,0.0
1996-09,-0.26721652417039254,-1.358036875530371,-1.0301357363008727,0.02753539343473204,1.986489128331161,-0.29074593652874,-0.03340246548525979,0.0,1.0,0.0,0.0
1996-10,-0.3190424496278194,-0.4604889191164982,-1.0584783078608764,0.6231103363138386,1.9133171659749981,-0.2792243595207439,-0.025188744464294272,0.0,1.0,0.0,0.0
1996-11,-0.30867726453633404,0.11141522021834288,-0.8899907373269558,1.081024982455605,1.7906607468665598,-0.2792243595207439,-0.016701232742629895,0.0,1.0,0.0,0.0
1996-12,-0.4641550409086148,-0.5030398442481758,-0.9229862382402557,1.4470861216974593,1.1118352076454718,-0.2839975842811994,-0.008487511721664374,0.0,1.0,0.0,0.0
1997-01,-0.6818239278298079,-0.08948800466144881,-0.998956925740847,1.419787307564254,0.8187943391458801,-0.2839975842811994,-0.0,0.0,1.0,0.0,0.0
1997-02,-0.7440150383787202,0.5849817302040243,-0.9917326324139275,1.4590060513866068,0.4116520714071287,-0.3037488591520499,-0.0,0.0,0.0,0.0,1.0
1997-03,-0.29831207944484867,0.27970448768058137,-0.9758354121537107,1.5644346032730991,0.21887312830812203,-0.3177393455189023,-0.0,0.0,0.0,0.0,1.0
1997-04,0.17848643476347903,0.3241542560309292,-0.9293105227185664,1.5361929387605644,-0.4292986486774772,-0.3202082548777586,-0.0,0.0,0.0,0.0,1.0
1997-05,0.7071108744292337,-0.5053627312726574,-0.903828412696629,1.407900770911245,-0.6293326985192164,-0.3009507618786795,-0.0,0.0,0.0,0.0,1.0
1997-06,2.334444933792439,-0.4620011341592815,-0.9504039492567741,1.2978710123429664,-0.8985300516403126,-0.3062177685109062,-0.0,0.0,0.0,0.0,1.0
1997-07,2.1893323425116433,-0.310467832964914,-0.9620285654688212,0.8671484981226444,-1.0210888668885374,-0.3149412482455319,-0.0,0.0,0.0,0.0,1.0
1997-08,2.282619008335012,-0.34269204423741995,-0.8072465473697901,0.708835408319756,-1.071787491949566,-0.33600927477443904,-0.0,0.0,0.0,0.0,1.0
1997-09,2.2515234530605555,-0.43221205680103075,-0.4752898757748154,0.572934475444944,-1.1053456119804455,-0.3307422681422123,-0.0,0.0,0.0,0.0,1.0
1997-10,2.0856804915967895,-0.003522476940668838,-0.738476559814907,0.14463313211281145,-1.1257114108406163,-0.33222361375752607,-0.0,0.0,0.0,0.0,1.0
1997-11,2.1375064170542166,-0.21750246447908556,-0.47201322699218184,-0.2839112737652467,-0.941614799748637,-0.3488476034404918,-0.0,0.0,0.0,0.0,1.0
1997-12,2.1064108617797603,-0.5280366030069257,-0.5064026248674494,-0.4912970823969199,-0.5952430619185338,-0.3649778112516864,-0.0,0.0,0.0,0.0,1.0
1998-01,2.313714563609468,-1.1910010316706043,-0.6148094928574231,-0.5870589786808522,-0.5705253464783173,-0.38028504927659545,-0.0,0.0,0.0,0.0,1.0
1998-02,2.5210182654391757,-0.9483700255174747,-0.5997050102059079,-0.7878915383500176,-0.5829543182668085,-0.3937817537716766,-0.0,0.0,0.0,0.0,1.0
1998-03,2.3551753039754098,-0.6023533979445337,-0.2533211432893929,-1.0095910399206598,-0.3936551468092357,-0.40546792473692983,-0.0,0.0,0.0,0.0,1.0
1998-04,2.645400486537,-1.4625948533544844,-0.2338418186044587,-1.2673160372352679,0.05614755275050386,-0.4163311259158976,-0.0,0.0,0.0,0.0,1.0
1998-05,2.344810118883924,-2.2042287619036585,-0.23290814986532127,-1.2283974659902719,0.8049133053030584,-0.4291694545819504,-0.0,0.0,0.0,0.0,1.0
1998-06,0.3857901365931867,-1.9562099050413961,-0.17581782974531135,-0.8511769381530037,1.496409902379481,-0.437892934316576,-0.0,0.0,0.0,0.0,1.0
1998-07,-1.469577994782697,-0.7570233761142414,-0.05513674111393779,-0.49544274521552817,1.763378368813542,-0.4462872261366875,-0.0,0.0,0.0,0.0,1.0
1998-08,-1.8012639177102294,-0.38433875831258796,0.38873025829169067,0.19975631175147593,1.9565958957458436,-0.4525417965124568,-0.0,0.0,0.0,0.0,1.0
1998-09,-1.355560958776358,0.049607717552171124,0.3975274436993668,0.6833622851261044,1.8193539327758204,-0.4583025850164548,-0.0,0.0,0.0,0.0,1.0
1998-10,-1.2519091078615041,-0.19557378737414757,-0.07885280790759999,0.9389031789823645,1.7548058469309749,-0.4614298702043395,-0.0,0.0,0.0,0.0,1.0
1998-11,-1.3451957736848725,-0.24166360750285415,0.34202920494350003,1.5004067527259342,1.3562543776938523,-0.46356959164868167,-0.0,0.0,0.0,0.0,1.0
1998-12,-1.2933698482274456,-0.1532660638369794,0.5131240013904845,1.6565255365114677,0.7420500666434571,-0.46472174934948124,-0.0,0.0,0.0,0.0,1.0
1999-01,-1.303735033318931,-0.016203257515925888,0.3621074869327882,1.3539590741491152,0.2558485511132733,-0.4655447191357667,-0.0,0.0,0.0,0.0,1.0
1999-02,-1.2208135525870478,-0.4767054767196238,0.3725381207663318,1.5677321806515383,-0.19252461601849258,-0.4663676889220521,-0.0,0.0,0.0,0.0,1.0
1999-03,-1.1482572569466503,-0.1872456917467781,0.09284094584373503,1.0299521612553646,-0.47147992398768646,-0.4668614707938234,-0.0,0.0,0.0,0.0,1.0
1999-04,-1.2104483674955624,-0.1939306176266284,-0.04912074348345497,1.2800437400896105,-0.7004579723486895,-0.4668614707938234,-0.0,0.0,0.0,0.0,1.0
1999-05,-1.4073868842337849,1.2323064255592473,0.6456433049784722,0.9355791625273666,-0.7954546643833654,-0.4668614707938234,-0.0,0.0,0.0,0.0,1.0
1999-06,-1.303735033318931,1.7745306164564507,1.121393770596305,0.544465067152765,-1.24295278604087,-0.4668614707938234,-0.0,0.0,0.0,0.0,1.0
1999-07,-1.2311787376785333,2.054976352586644,1.0354059625902008,0.33677661129964986,-1.0584915877146606,-0.4668614707938234,-0.0,0.0,0.0,0.0,1.0
1999-08,-1.1067965165807088,1.94687012585802,1.1179167353625816,0.3039560128758632,-1.1300209841453515,-0.4668614707938234,-0.0,0.0,0.0,0.0,1.0
1999-09,-1.2104483674955624,2.02375924535294,0.34380405636742756,0.23672913702709808,-1.1183121288273388,-0.4668614707938234,-0.0,0.0,0.0,0.0,1.0
1999-10,-1.355560958776358,1.4477206789114379,0.8869658453607855,-0.16905156028606447,-1.1912468978226107,-0.4668614707938234,-0.0,0.0,0.0,0.0,1.0
1999-11,-1.3762913289593288,0.9543519467881961,1.3713065037884664,-0.41857164694542337,-1.0011703309187625,-0.4668614707938234,-0.0,0.0,0.0,0.0,1.0
1999-12,-1.4799431798741824,0.8050479935434988,0.9030848434043879,-0.6178581762235584,-1.0109488224703187,-0.4668614707938234,-0.0,0.0,0.0,0.0,1.0
2000-01,-1.303735033318931,1.5536661530119196,0.6688969415003921,-0.8092546633686505,-1.0825379649656381,-0.4668614707938234,-0.0,0.0,0.0,1.0,0.0
2000-02,-1.3141002184104165,2.007474092428286,0.9975755215910308,-0.8374100224161491,-1.1575964136505512,-0.4668614707938234,-0.0,0.008487511721664374,0.0,1.0,0.0
2000-03,-1.4073868842337849,1.6226293949011588,1.7553438342262386,-0.905214343506493,-1.2437244258772386,-0.4668614707938234,-0.0,0.016427442041931046,0.0,1.0,0.0
2000-04,-0.9616839252999133,1.1916262819237964,1.3328741441088197,-1.135842668006129,-1.0835105067552349,-0.4668614707938234,-0.0,0.02491495376359542,0.0,1.0,0.0
2000-05,-1.0031446656658547,1.2419752479255792,1.3991404020495524,-1.3766834577073381,-0.8086477015566704,-0.4668614707938234,-0.0,0.03312867478456094,0.0,1.0,0.0
2000-06,-1.1793528122211063,1.0444737273997597,1.3333519887229532,-1.5536736048713533,-0.3359671019208785,-0.4668614707938234,-0.0,0.04161618650622532,0.0,1.0,0.0
2000-07,-0.5989024470979247,0.6059937243758112,1.8629579646075096,-1.4167096643369466,0.1145267183737447,-0.4668614707938234,-0.0,0.04982990752719084,0.0,1.0,0.0
2000-08,-0.0806431925236556,0.15551889399188873,0.9575855540026386,-1.4538920434733063,0.14459989173621426,-0.4668614707938234,-0.0,0.058317419248855216,0.0,1.0,0.0
2000-09,-0.37086837508524634,-0.05718896212909381,1.2990837035379048,-1.5382931466508467,0.06296643726811116,-0.4668614707938234,-0.0,0.06680493097051958,0.0,1.0,0.0
2000-10,-0.5678068918234687,-0.9732732452014133,0.9459587357416787,-1.448803799730436,0.29139314683098405,-0.4668614707938234,-0.0,0.07501865199148511,0.0,1.0,0.0
2000-11,-0.9409535551169426,-1.9547101618752543,1.1153183176451706,-1.0986119643137213,0.6416382701128073,-0.4668614707938234,-0.0,0.08350616371314948,0.0,1.0,0.0
2000-12,-0.8269365191106033,-1.9755194880516165,0.9781967318288858,-0.8799127897898479,0.804490796707174,-0.4668614707938234,-0.0,0.091719884734115,0.0,1.0,0.0
2001-01,-0.847666889293574,-0.3144401256752355,0.8375518677517042,-0.8711932054681577,0.7585840000878198,-0.4668614707938234,-0.0,0.10020739645577939,0.0,1.0,0.0
2001-02,-0.899492814751001,-1.6624597945038704,0.46484014674142854,-1.0337646500798874,0.5823101958601903,-0.4668614707938234,-0.0,0.10869490817744376,0.0,1.0,0.0
2001-03,-0.816571334019118,-1.165174893115194,1.1409721874823266,-0.9552942236293042,0.6389121178251942,-0.4668614707938234,-0.0,0.11636104779701158,0.0,1.0,0.0
2001-04,-0.629998002372381,-0.3652692589277165,1.206381848395879,-0.806170392564538,0.956944147342343,-0.4668614707938234,-0.0,0.12484855951867595,0.0,1.0,0.0
2001-05,-0.5989024470979247,-0.4890838142863242,0.6303831060109627,-0.3280533131366034,1.4240239254310736,-0.4668614707938234,-0.0,0.13306228053964148,0.0,1.0,0.0
2001-06,-0.7336498532872348,-0.2111542792685561,1.2044022064230377,-0.11829322716543089,1.4870336949687257,-0.4668614707938234,-0.0,0.14154979226130585,0.0,1.0,0.0
2001-07,-0.01845208197474329,-0.5271417458578973,0.3109098497041284,0.3749778714043491,1.5207762788164627,-0.4668614707938234,-0.0,0.1497635132822714,0.0,1.0,0.0
2001-08,0.3546945813187306,-0.7549218649001467,0.9559340173178429,0.5520361887215436,1.5925828112687799,-0.4668614707938234,-0.0,0.15825102500393573,0.0,1.0,0.0
2001-09,-0.07027800743217022,-0.25010395001999725,2.371708335236469,0.7338020971422775,1.5543172526671725,-0.4668614707938234,-0.0,0.1667385367256001,0.0,1.0,0.0
2001-10,-0.2568513390789071,-0.9228432120014606,1.7647245625958765,1.056979645425149,1.2316290248932673,-0.4668614707938234,-0.0,0.17495225774656564,0.0,1.0,0.0
2001-11,-0.32940763471930484,-0.5937914546301359,1.7958373116885111,1.344690855999746,0.8950638985014295,-0.46817822245188007,-0.0,0.18343976946823,0.0,1.0,0.0
2001-12,0.02300865839119825,-0.8710443903401021,2.20806307026237,1.6659796731740508,0.37262362848967095,-0.46455715539222414,-0.0,0.19165349048919553,0.0,1.0,0.0
2002-01,0.07483458384862518,-0.49635803633748593,2.040663311891502,1.5800839045949742,0.030924308299694683,-0.46488634330673834,-0.0,0.2001410022108599,0.0,1.0,0.0
2002-02,-0.26721652417039254,-0.6246499954103963,1.631634299182572,1.5751453707377363,-0.3207200004882579,-0.46538012517850963,-0.0,0.20862851393252427,0.0,1.0,0.0
2002-03,-0.20502541362148022,-0.16165028290923567,1.1881400752000852,1.653792766640887,-0.6404043572769869,-0.469824162024451,-0.0,0.21629465355209213,0.0,1.0,0.0
2002-04,-0.37086837508524634,0.34797865838537695,1.4470107433705777,1.1821475848794052,-0.8308825108001264,-0.46834281640913716,-0.0,0.2247821652737565,0.0,1.0,0.0
2002-05,-0.10137356270662637,-0.473060570771142,1.2693956800920214,0.800901183480523,-1.1015732736389328,-0.4749265746994207,-0.0,0.23299588629472198,0.0,1.0,0.0
2002-06,0.4168856918676429,-0.28943401300900445,0.6752916915439202,0.24943132000541246,-1.0843663109433168,-0.4765725142719916,-0.0,0.24148339801638635,0.0,1.0,0.0
2002-07,0.4376160620506136,-1.5302766099188083,1.2032020897654208,0.26520100492562226,-1.1039508514892435,-0.4927027220831861,-0.0,0.2496971190373519,0.0,1.0,0.0
2002-08,1.0077012420823097,-0.811569128605893,1.3868529691146747,0.23092111393017292,-1.082187880115256,-0.46587390705028087,-0.0,0.25818463075901626,0.0,1.0,0.0
2002-09,0.8729538358929998,-0.8816423675162266,1.1749123673793305,0.28259113425534976,-0.9957637634909747,-0.46587390705028087,-0.0,0.26667214248068066,0.0,1.0,0.0
2002-10,0.8211279104355729,-1.2959300478248028,0.9316894587850454,-0.09728793533910053,-0.9935871140987004,-0.46603850100753796,-0.0,0.2748858635016462,0.0,1.0,0.0
2002-11,0.7900323551611167,-0.6205623378411409,0.9152379513555706,-0.47392178673055674,-0.6325208155500436,-0.4602777125035399,-0.0,0.2833733752233105,0.0,1.0,0.0
2002-12,0.8936842060759705,-1.0277067508032913,0.6527118819893968,-0.5465764325015128,-0.5434815763615017,-0.45336476629874223,-0.0,0.29158709624427603,0.0,1.0,0.0
2003-01,0.8314930955270583,-0.7997644973647021,0.38886238122647365,-0.6426000202054938,-0.49547778028419476,-0.44612263217943043,-0.0,0.30007460796594043,0.0,1.0,0.0
2003-02,0.6449197638803214,-0.2774235958032287,0.021249189895973724,-0.8471347639290557,-0.5939281794021825,-0.44052643763268945,-0.0,0.30856211968760483,0.0,1.0,0.0
2003-03,0.5516330980569529,-0.15839200513664073,0.213403123833804,-1.0848469114114774,-0.48208854782034655,-0.44694560196571587,-0.0,0.31622825930717263,0.0,1.0,0.0
2003-04,-0.0806431925236556,-0.6089167230271293,0.1381943452571324,-1.2586800539896676,-0.20416525620904866,-0.443489128863317,-0.0,0.324715771028837,0.0,1.0,0.0
2003-05,-0.5885372620064394,-0.8676146242636863,-0.033997071548555045,-1.230242775027271,0.36612017297363253,-0.4484269475810296,-0.0,0.33292949204980254,0.0,1.0,0.0
2003-06,-0.07027800743217022,-0.2471138175951948,0.26687107349182904,-0.8546898849264275,1.028749339389732,-0.4512250448544001,-0.0,0.3414170037714669,0.0,1.0,0.0
2003-07,0.012643473299712864,-0.3268621148101812,0.23474097780136116,-0.2836938104586549,1.5054846887740845,-0.4438183167778312,-0.0,0.34963072479243246,0.0,1.0,0.0
2003-08,0.012643473299712864,-0.604863363118638,0.09746524856116279,0.1271749819790473,1.6017349283219555,-0.4336134914278918,-0.0,0.3581182365140968,0.0,1.0,0.0
2003-09,0.14739087948902288,-0.29324105335382594,-0.14325613246788396,0.413884349907345,1.50359091215422,-0.42851107875292205,-0.0,0.36660574823576114,0.0,1.0,0.0
2003-10,0.2717731005868475,-1.2556302964269181,0.6075918997607851,0.5848842586893305,1.5150171986320755,-0.4388804980601186,-0.0,0.3748194692567267,0.0,1.0,0.0
2003-11,0.3028686558613036,-1.2957242618602178,0.3541118473294648,0.9100411294130952,1.5699795645734693,-0.4392096859746327,-0.0,0.38330698097839105,0.0,1.0,0.0
2003-12,0.10593013912308133,-1.2658447633963161,-0.18389054106059236,1.4473215307989118,1.3045373202613295,-0.4423369711625174,-0.0,0.3915207019993566,0.0,1.0,0.0
2004-01,0.16812124967199363,-1.7439915700785928,-0.20417141154987964,1.5647303988341903,0.8962692978589667,-0.4464518200939446,-0.0,0.4000082137210209,0.0,1.0,0.0
2004-02,-0.03918245215771406,-1.4661306303823531,-0.3276311821786519,1.3230745177463477,0.3299207928331402,-0.4517188267261714,-0.0,0.4084957254426853,0.0,1.0,0.0
2004-03,-0.45378985581712944,-1.111608182939901,-0.1929409620932711,1.463118978976867,0.06752573644433725,-0.45089585693988593,-0.0,0.416435655762952,0.0,1.0,0.0
2004-04,-0.23612096889593637,-0.8091776462598831,-0.3779461015240582,1.2785419117179804,-0.5969374659093342,-0.45188342068342846,-0.0,0.4249231674846164,0.0,1.0,0.0
2004-05,-0.45378985581712944,-0.8163084417296674,-0.3754027350294735,1.12139077855011,-0.7433162355419192,-0.4579733971019407,-0.0,0.4331368885055819,0.0,1.0,0.0
2004-06,-0.3501380049022756,0.05971929153927676,-0.40777725814929033,0.9042998773603319,-0.7777701361699226,-0.45945474271725445,-0.0,0.4416244002272463,0.0,1.0,0.0
2004-07,0.447981247142099,0.8816720856597865,0.04038814073463236,0.7759084602419971,-0.7427429754782496,-0.4568212394011411,-0.0,0.4498381212482118,0.0,1.0,0.0
2004-08,0.769301984978146,0.033487816993017214,-0.15746595410386457,0.5775074180829532,-0.7412148549305535,-0.45073126298262883,-0.0,0.4583256329698762,0.0,1.0,0.0
2004-09,0.5619982831484382,0.40952425164207695,-0.33357481592588706,0.19302687086882137,-0.7171951428002352,-0.4495791052818292,-0.0,0.46681314469154056,0.0,1.0,0.0
2004-10,0.3546945813187306,-0.28723272678177764,-0.3142958776920415,-0.12307912161840243,-0.8215768330783056,-0.45402314212777056,-0.0,0.47502686571250613,0.0,1.0,0.0
2004-11,0.5309027278739821,-0.06470014983644425,-0.18817352619649455,-0.40988209480867266,-0.6537134690544999,-0.4546815179567989,-0.0,0.4835143774341704,0.0,1.0,0.0
2004-12,0.5309027278739821,0.16325769344794674,-0.580061161009327,-0.6466426863808056,-0.6159762780040551,-0.44776857175200124,-0.0,0.49172809845513593,0.0,1.0,0.0
2005-01,0.08519976894011055,0.14116376397750874,-0.4387556822582271,-0.8883395309547767,-0.6018851624388543,-0.4393742799318898,-0.0,0.5002156101768003,0.0,1.0,0.0
2005-02,0.6345545787888359,-0.4902312269373433,-0.5230548333264298,-1.0228612076876435,-0.8717534436536474,-0.4342718672569201,-0.0,0.5087031218984647,0.0,1.0,0.0
2005-03,0.8522234657100289,-0.8631528103951855,-0.6430177394337299,-1.1939178979542426,-1.0277164919910273,-0.4240670419069807,-0.0,0.5163692615180325,0.0,1.0,0.0
2005-04,0.13702569439753748,-1.1826199305675085,-0.6918217494938923,-1.3446832122776855,-0.3285418548987274,-0.4184708473602397,-0.0,0.5248567732396969,0.0,1.0,0.0
2005-05,0.1888516198549644,-1.22866921709713,-0.38220706617083017,-1.464166907664024,0.13505986962401062,-0.42093975671909606,-0.0,0.5330704942606624,0.0,1.0,0.0
2005-06,0.20958199003793518,-1.3427401188295567,-0.4868264100303402,-1.4515979984866183,0.5862292515193517,-0.424725417736009,-0.0,0.5415580059823268,0.0,1.0,0.0
2005-07,-0.01845208197474329,-0.7299905834937648,-0.4256755117146473,-1.250498665409592,1.05791899270726,-0.41978759901829643,-0.0,0.5497717270032924,0.0,1.0,0.0
2005-08,-0.008086896883257906,-0.9309748755717263,-0.5655936996505183,-1.1819247514450821,1.230817150152465,-0.411393307198185,-0.0,0.5582592387249566,0.0,1.0,0.0
2005-09,-0.049547637249199444,-1.577869291182817,-0.580483954400634,-0.8560468771578299,1.5653119249132739,-0.4089243978393287,-0.0,0.566746750446621,0.0,1.0,0.0
2005-10,-0.7336498532872348,-1.0560709162552493,-0.9068672401966527,-0.2104333873112766,1.808913285549848,-0.4135330286425271,-0.0,0.5749604714675866,0.0,1.0,0.0
2005-11,-0.7751105936531764,-1.7772634189889858,-0.7383092040975152,0.47763261136999025,1.7768964518818857,-0.40958277366835705,-0.0,0.583447983189251,0.0,1.0,0.0
2005-12,-0.7543802234702056,-1.6724747114470042,-0.6654125768795562,0.9383768925893974,1.7048178952966406,-0.41122871324092786,-0.0,0.5916617042102165,0.0,1.0,0.0
2006-01,-0.7025542980127787,-1.3063845984195501,-0.8119369115546092,0.9806831417751286,1.522121782628892,-0.4128746528134988,-0.0,0.6001492159318809,0.0,1.0,0.0
2006-02,-0.5159809663660417,-2.015074044820171,-0.9362197657617103,1.1958583502391475,0.946246946689252,-0.41468518634332674,-0.0,0.6086367276535453,0.0,1.0,0.0
2006-03,-0.629998002372381,-0.8138514820312897,-0.9358021629142693,1.3714335117066847,0.5136289779305757,-0.4191292231892681,-0.0,0.6163028672731131,0.0,1.0,0.0
2006-04,-0.8683972594765448,-0.6464851334405229,-0.6301115307542811,1.0483010941270516,0.027707106951449446,-0.4135330286425271,-0.0,0.6247903789947775,0.0,1.0,0.0
2006-05,-0.44342467072564407,-0.792527690943465,-0.7726303384564776,1.1903060966037027,-0.42444738206701665,-0.42176272650538144,-0.0,0.6330041000157429,0.0,1.0,0.0
2006-06,-0.23612096889593637,-0.5296922446310864,-0.8487595734788088,1.1113562928143286,-0.8381227195017772,-0.4148497803005838,-0.0,0.6414916117374073,0.0,1.0,0.0
2006-07,0.11629532421456672,-0.30368001410277123,-0.8624739341093507,0.912162065645376,-0.9501859114448753,-0.39921335436116057,-0.0,0.6497053327583728,0.0,1.0,0.0
2006-08,0.5827286533314091,0.47082352533510713,-0.7988567410110294,0.6543411413851046,-0.7335016688179538,-0.3863750256951077,-0.0,0.6581928444800372,0.0,1.0,0.0
2006-09,0.6552849489718067,0.8553782517303193,-0.8553128710440767,0.6530139821255176,-0.9856878286535671,-0.3797912674048242,-0.0,0.6666803562017016,0.0,1.0,0.0
2006-10,0.7071108744292337,0.19020318293193283,-0.954299373783978,0.29442081353068245,-0.9598043485727384,-0.3893377169257353,-0.0,0.6748940772226671,0.0,1.0,0.0
2006-11,0.9351449464419122,1.0647810605413013,-0.736602616189893,-0.28412955641353843,-0.9628586388588677,-0.3797912674048242,-0.0,0.6833815889443315,0.0,1.0,0.0
2006-12,0.6138242086058652,0.5230308009564753,-0.7890135823696481,-0.540542048867092,-0.9308063085909019,-0.3598753985767167,-0.0,0.6915953099652971,0.0,1.0,0.0
2007-01,0.6449197638803214,-0.6251551064143775,-0.810945989543732,-0.6997878728378539,-0.8229196467539711,-0.35065813697031983,-0.0,0.7000828216869615,0.0,1.0,0.0
2007-02,0.4065205067761575,-0.09757913463262954,-0.9134733869358344,-0.8711005103147214,-1.0064234524326225,-0.3527978584146619,-0.0,0.7085703334086257,0.0,1.0,0.0
2007-03,-0.22575578380445097,0.47669466126409876,-1.0015333229691283,-0.9963052984704075,-0.9204934582255108,-0.37403047890082614,-0.0,0.7162364730281936,0.0,1.0,0.0
2007-04,-0.37086837508524634,0.18624336209825287,-0.972930909637384,-1.2296626234236263,-0.5679892499986607,-0.3710677876701986,-0.0,0.7247239847498579,0.0,1.0,0.0
2007-05,-0.45378985581712944,0.18217753031312003,-0.9085848383488399,-1.3779234904469582,0.05471858969650037,-0.3832477405072231,-0.0,0.7329377057708235,0.0,1.0,0.0
2007-06,-0.8891276296595155,-1.0757078860273095,-0.9098554205716759,-1.1661753565954902,0.890625559446147,-0.3857166498660794,-0.0,0.7414252174924878,0.0,1.0,0.0
2007-07,-0.7958409638361471,-1.7243421284298912,-0.9507981160122119,-0.8788932102808441,1.3983197072290143,-0.3842353042507656,-0.0,0.7496389385134534,0.0,1.0,0.0
2007-08,-0.9616839252999133,-0.500071537607496,-1.0143492476431413,-0.6261228762083242,1.6490506417029356,-0.38275395863545175,-0.0,0.7581264502351177,0.0,1.0,0.0
2007-09,-1.1378920718551648,-0.44947625204204333,-1.078329778812117,-0.2678939144653124,1.811556025692017,-0.38110801906288094,-0.0,0.7666139619567821,0.0,1.0,0.0
2007-10,-1.1793528122211063,-0.6180367828212348,-1.0913108571546095,-0.022972064168078857,1.822597084225085,-0.3960860691732759,-0.0,0.7748276829777476,0.0,1.0,0.0
2007-11,-1.168987627129621,-0.8291295309171415,-1.0719130082794586,0.7437025823092834,1.7241766646670682,-0.3934525658571625,-0.0,0.783315194699412,0.0,1.0,0.0
2007-12,-1.2622742929529893,-0.3585812150787059,-0.907395731935787,1.1843180816492116,1.6051680001260182,-0.39690903895956137,-0.0,0.7915289157203775,0.0,1.0,0.0
2008-01,-1.1171617016721942,-0.6984647973131834,-0.9924168404690574,1.2167406957840967,1.252330739318164,-0.39756741478858965,-0.0,0.8000164274420418,0.0,1.0,0.0
2008-02,-1.3141002184104165,-0.49323071326962686,-1.0438079434236498,1.3603619042497592,0.8537947157953019,-0.40398657912161606,-0.0,0.8085039391637062,0.0,1.0,0.0
2008-03,-1.5939602158805217,0.28821030755009236,-0.9875282918820629,1.5315203796784504,0.35472565922116933,-0.40925358575384285,-0.0,0.816443869483973,0.0,1.0,0.0
2008-04,-1.168987627129621,-0.41867383470666975,-1.0183261479801284,1.3698980419739573,-0.08885844975593635,-0.4102411494973854,-0.0,0.8249313812056374,0.0,1.0,0.0
2008-05,-1.0135098507573401,-0.76847879480947,-1.0341016263932947,1.10432011027704,-0.533750214812138,-0.41517896821509803,-0.0,0.8331451022266029,0.0,1.0,0.0
2008-06,-0.8891276296595155,0.23850676116450778,-1.0730734880566415,1.1395791828312178,-0.8514087554073095,-0.4181416594457255,-0.0,0.8416326139482673,0.0,1.0,0.0
2008-07,-0.899492814751001,1.0822292159627762,-1.0769094572631932,0.8495857336358253,-1.0314353370421403,-0.411393307198185,-0.0,0.8498463349692328,0.0,1.0,0.0
2008-08,-1.1171617016721942,1.3853737675805207,-1.0737385068283856,0.5424083484446002,-1.091072815511414,-0.39641525708779,-0.0,0.8583338466908972,0.0,1.0,0.0
2008-09,-1.1067965165807088,1.0525773292475822,-1.0765549273881903,0.46193351145653966,-1.14709207812031,-0.3649778112516864,-0.0,0.8668213584125615,0.0,1.0,0.0
2008-10,-1.1586224420381357,0.6305726752670705,-1.0768433957958012,0.025716631825872534,-1.196172320455209,-0.36152133814928755,-0.0,0.8750350794335271,0.0,1.0,0.0
2008-11,-1.086066146397738,0.06968120300668425,-1.0921872726220074,-0.281769499419548,-1.043157359472434,-0.36201512002105884,-0.0,0.8835225911551914,0.0,1.0,0.0
2008-12,-1.086066146397738,-0.1796066673038522,-1.0933477523991906,-0.3996016842990543,-1.1737417151369083,-0.36711753269602854,-0.0,0.891736312176157,0.0,1.0,0.0
2009-01,-1.0446054060317964,0.6004094416095743,-1.0814676985132288,-0.43446767664168706,-1.359403973656638,-0.38012045531933836,-0.0,0.9002238238978213,0.0,1.0,0.0
2009-02,-0.8787624445680302,-0.3571812469256962,-1.0677245539576095,-0.4117892849727123,-1.6938647361550594,-0.3908190625410491,-0.0,0.9087113356194857,0.0,1.0,0.0
2009-03,-0.9720491103913986,0.05874336719207847,-1.0618474426978584,-0.4825042300098556,-1.3142577497817516,-0.39312337794264834,-0.0,0.9163774752390536,0.0,1.0,0.0
2009-04,-0.8373017042020887,0.21839274211090973,-1.0269273510345431,-0.8438583176303233,-1.2738571932031924,-0.3965798510450471,-0.0,0.924864986960718,0.0,1.0,0.0
2009-05,-0.7440150383787202,0.23334964017324267,-0.9889816441646825,-1.0992031949409964,-1.1105153106391688,-0.4006946999764743,-0.0,0.9330787079816835,0.0,1.0,0.0
2009-06,-0.059912822340684825,-0.18030509239577683,-1.0164147695235917,-1.2755076388282136,-0.4720561045220144,-0.40085929393373143,-0.0,0.9415662197033479,0.0,1.0,0.0
2009-07,0.5101723576910113,-0.4469600509296183,-1.0233336072084278,-1.2413184717832078,0.04725308016028,-0.3065469564254204,-0.0,0.9497799407243133,0.0,1.0,0.0
2009-08,0.5412679129654675,-0.2493992889897518,-1.052202468458653,-1.1237712530426924,0.1813685969543411,-0.2626003698377781,-0.0,0.9582674524459776,0.0,1.0,0.0
2009-09,0.4065205067761575,-0.7208112822856121,-1.0078135664691772,-1.3132281804592474,-0.06805861918664857,-0.27774301390543016,-0.0,0.966754964167642,0.0,1.0,0.0
2009-10,0.5827286533314091,-0.8680792016685827,-0.994662930360379,-1.288377311035414,0.0018594852871942978,-0.32498147963821417,-0.0,0.9749686851886075,0.0,1.0,0.0
2009-11,1.090622722814193,-1.1021482645073144,-0.9909524779418715,-1.0708258474292498,0.4820719745931602,-0.34160546932117997,-0.0,0.9834561969102719,0.0,1.0,0.0
2009-12,0.9973360569908244,-1.2444336691720008,-0.9430689243273689,-1.1758644058231866,0.4078973975309512,-0.36003999253397373,-0.0,0.9916699179312374,0.0,1.0,0.0
2010-01,0.9662405017163683,-0.7799560392888212,-0.858510246065841,-1.220358026656945,0.4906593572891328,-0.3761702003451683,-0.0,1.0001574296529019,0.0,1.0,0.0
2010-02,1.3290219799183567,-1.8467910132962533,-0.7731918609293078,-1.2995341511082297,0.3602862271587341,-0.39559228730150464,-0.0,1.0086449413745662,0.0,1.0,0.0
2010-03,1.360117535192813,-1.1557430364050507,-0.775338858619542,-1.215153351798741,0.6739435780980262,-0.41452059238606964,-0.0,1.016311080994134,0.0,1.0,0.0
2010-04,0.5101723576910113,-1.3011807078908793,-0.9000254742237729,-1.1362622368921262,1.1011554692236043,-0.41205168302721334,-0.0,1.0247985927157983,0.0,1.0,0.0
2010-05,-0.17392985834702407,-2.0803362573160413,-0.9215989474250282,-0.5256006545293953,1.6738629893527217,-0.41583734404412637,-0.0,1.033012313736764,0.0,1.0,0.0
2010-06,-1.3762913289593288,-1.5893590075388098,-0.9344302864414318,0.5058356475733325,1.7695290646166155,-0.41731868965944013,-0.0,1.0414998254584282,0.0,1.0,0.0
2010-07,-2.516461689022721,-0.7693175285136116,-0.7777170714456473,1.2122816493906508,1.220799009466145,-0.4138622165570413,-0.0,1.0497135464793939,0.0,1.0,0.0
2010-08,-2.485366133748265,-0.9916692632476432,-0.7966106511197073,1.3612639161209148,0.06902195387845043,-0.4097473676256141,-0.0,1.0582010582010581,0.0,1.0,0.0
2010-09,-2.36098391265044,-0.5480664368931936,-0.7878685169348568,1.3140666786385813,-0.5804435977179287,-0.40859520992481446,-0.0,1.0666885699227227,0.0,1.0,0.0
2010-10,-2.2573320617355868,-0.14655931217300647,-0.8038113510654155,1.1789956842903673,-0.5610382039206072,-0.41863544131749686,-0.0,1.074902290943688,0.0,1.0,0.0
2010-11,-2.112219470454791,0.9765300614259643,-0.8131942814839669,1.147051012551637,-0.6182492697176669,-0.41419140447155545,-0.0,1.0833898026653526,0.0,1.0,0.0
2010-12,-1.9774720642654808,1.3198340558293766,-0.7944306226957772,0.6723923264588842,-0.5823103991808956,-0.3901606867120207,-0.0,1.091603523686318,0.0,1.0,0.0
2011-01,-1.894550583533598,1.9836746338271214,-0.8121020652230889,0.34904207752527033,-0.7937360362615001,-0.3820955828064235,-0.0,1.1000910354079825,0.0,1.0,0.0
2011-02,-1.6872468817038901,2.497272749862895,-0.5757883996719488,0.40966508478248126,-0.8813681729585641,-0.3895023108829924,-0.0,1.1085785471296468,0.0,1.0,0.0
2011-03,-1.8530898431676563,2.482396918998732,-0.11650784432093717,0.1512261351929083,-1.106580159847256,-0.4043157670361302,-0.0,1.1162446867492144,0.0,1.0,0.0
2011-04,-1.8012639177102294,0.5780691925754665,-0.14455313927767696,-0.21506634190960608,-1.1259739366906614,-0.4077722401385291,-0.0,1.124732198470879,0.0,1.0,0.0
2011-05,-1.334830588593387,-0.7668356250619508,-0.4598292903562169,-0.6299345821890638,-1.1498267167574023,-0.4138622165570413,-0.0,1.1329459194918443,0.0,1.0,0.0
2011-06,-1.1171617016721942,-0.5776840259476236,-0.4412946446549863,-0.9308789121635368,-1.0563205026521854,-0.41468518634332674,-0.0,1.1414334312135088,0.0,1.0,0.0
2011-07,-0.8891276296595155,-0.35671978748996025,-0.47475918198676853,-1.0182621004827674,-0.7637917613251839,-0.3480246336542065,-0.0,1.1496471522344742,0.0,1.0,0.0
2011-08,-0.9098579998424864,0.38128480495653405,-0.3291597078552005,-1.1431042372075215,-0.9156065416075111,-0.27626166829011634,-0.0,1.1581346639561387,0.0,1.0,0.0
2011-09,-1.200083182404077,0.6155939514206149,0.31731781204113474,-1.24858142118907,-0.8385798601897118,-0.27264060123046047,-0.0,1.166622175677803,0.0,1.0,0.0
2011-10,-1.4177520693252703,0.5552674841056227,0.32716097068251604,-1.2160445657149668,-0.6663042622586975,-0.2950253794174243,-0.0,1.1748358966987686,0.0,1.0,0.0
2011-11,-1.2519091078615041,0.9109716418598579,0.6036149994237978,-1.1496172832645934,-0.13781242913730954,-0.31971447300598743,-0.0,1.183323408420433,0.0,1.0,0.0
2011-12,-1.2830046631359602,-0.23774120229909873,0.3377308054652067,-0.9391723813895507,0.4439461111434529,-0.3419346572356941,-0.0,1.1915371294413986,0.0,1.0,0.0
2012-01,-1.1171617016721942,-0.7260681782900094,0.17478358999654658,-1.2562099267296536,0.15926010719402453,-0.36119215023477336,-0.0,1.2000246411630628,0.0,1.0,0.0
2012-02,-0.6921891129212934,-0.818004616952913,-0.3301027922517596,-1.215100959774224,0.07752332407361262,-0.39065446858379205,-0.0,1.2085121528847274,0.0,1.0,0.0
2012-03,-0.6092676321894102,-0.9221603767553379,-0.1340801946471609,-1.2868203196580013,-0.005607107480125488,-0.3977320087458467,-0.0,1.2164520832049939,0.0,1.0,0.0
2012-04,-0.44342467072564407,-0.8827024770307551,-0.13137828063083534,-1.1892303274866998,0.2588482675140562,-0.39559228730150464,-0.0,1.2249395949266584,0.0,1.0,0.0
2012-05,-0.36050318999376096,0.018867659600005093,0.07896803769145415,-0.8567807535054203,1.062948576112852,-0.4084306159675574,-0.0,1.2331533159476238,0.0,1.0,0.0
2012-06,-0.2879468943533633,-0.4654496080506595,0.08843024187087545,-0.32771926499487836,1.4531017855374717,-0.4155081561296121,-0.0,1.2416408276692883,0.0,1.0,0.0
2012-07,0.313233840952789,-0.45218264927325136,0.41304087829187985,0.05971443717002461,1.5345230786730806,-0.41221627698447044,-0.0,1.2498545486902537,0.0,1.0,0.0
2012-08,-0.059912822340684825,-0.6112770256815354,-0.036837714646403855,0.37292080090106616,1.574310487310232,-0.41320384072801297,-0.0,1.2583420604119182,0.0,1.0,0.0
2012-09,-0.32940763471930484,-0.8341868768952745,0.08119430914255903,0.5386019448079643,1.5386372593783617,-0.4112287132409279,-0.0,1.2668295721335825,0.0,1.0,0.0
2012-10,-0.22575578380445097,-1.5567201063679734,0.041841493017251916,0.6048545890154164,1.5544007799470518,-0.4112287132409279,-0.0,1.2750432931545481,0.0,1.0,0.0
2012-11,-0.07027800743217022,-1.946020381825281,-0.043045290532322186,0.8368436014427775,1.549345330025067,-0.4112287132409279,-0.0,1.2835308048762124,0.0,1.0,0.0
2012-12,-0.07027800743217022,-1.3134218548145231,-0.315484984105094,1.3456341312638573,1.27770451449812,-0.4112287132409279,-0.0,1.291744525897178,0.0,1.0,0.0
2013-01,-0.049547637249199444,-2.172038848291917,0.05426104888691354,1.2577750475739478,0.9598581575778775,-0.4112287132409279,-0.0,1.3002320376188423,0.0,1.0,0.0
2013-02,-0.07027800743217022,-1.4020563641365866,-0.3814567966483093,1.301680727599689,0.7058754216556616,-0.4112287132409279,-0.0,1.3087195493405068,0.0,1.0,0.0
2013-03,-0.14283430307256792,-1.4382684579652159,-0.2095223904086176,1.5270111010548275,0.5207069545192681,-0.4112287132409279,-0.0,1.3163856889600745,0.0,1.0,0.0
2013-04,-0.38123356017673177,-1.3877324138138103,0.11198115499605824,1.4176782801636818,0.007927201408242561,-0.4112287132409279,-0.0,1.3248732006817387,0.0,1.0,0.0
2013-05,-0.7336498532872348,-1.0261727099763853,0.2838246480734824,1.3152811069061816,-0.2007084242926117,-0.4112287132409279,-0.0,1.3330869217027044,0.0,1.0,0.0
2013-06,-1.2208135525870478,-0.5567811606964499,-0.1375219970982744,1.3409629861104035,-0.6717587518735721,-0.4112287132409279,-0.0,1.3415744334243687,0.0,1.0,0.0
2013-07,-0.8787624445680302,0.43457713384571367,-0.022766622091946524,1.099927141586817,-0.8308790300760922,-0.4112287132409279,-0.0,1.3497881544453343,0.0,1.0,0.0
2013-08,-0.5159809663660417,0.7635478240188686,-0.04232081643992445,1.0860220713678395,-0.8114676722151807,-0.4112287132409279,-0.0,1.3582756661669986,0.0,1.0,0.0
2013-09,-0.39159874526821714,0.2157268784787866,-0.34217601898030187,1.1405235871327275,-0.8400020212057768,-0.4112287132409279,-0.0,1.366763177888663,0.0,1.0,0.0
2013-10,-0.16356467325553867,0.1862932496048189,0.22813483106218008,0.9407347447616825,-0.8711094681228028,-0.4112287132409279,-0.0,1.3749768989096285,0.0,1.0,0.0
2013-11,-0.18429504343850944,0.5424152152265448,0.5062712251730398,0.588669146762396,-1.10300655111691,-0.4112287132409279,-0.0,1.383464410631293,0.0,1.0,0.0
2013-12,-0.36050318999376096,0.9261093821334928,0.46516337606402436,0.19087584189797527,-1.2264868691835673,-0.4112287132409279,-0.0,1.3916781316522584,0.0,1.0,0.0
2014-01,-0.5263461514575272,0.8852390423792589,0.7095908054137525,0.1845055992486319,-1.3807875601483575,-0.4112287132409279,-0.0,1.400165643373923,0.0,1.0,0.0
2014-02,-0.44342467072564407,1.4324862815938313,0.9371017804349315,0.05804136498377412,-1.3310695840830937,-0.4112287132409279,-0.0,1.4086531550955872,0.0,1.0,0.0
2014-03,-0.0806431925236556,0.9260719665035683,0.5729756908474724,-0.15223934943270737,-1.2101401773426488,-0.4112287132409279,-0.0,1.416319294715155,0.0,1.0,0.0
2014-04,-0.16356467325553867,-0.10442619490881948,0.508319130662186,-0.7002641133859879,-1.2284312555420047,-0.4112287132409279,-0.0,1.4248068064368193,0.0,1.0,0.0
2014-05,-0.18429504343850944,-0.1784717265294746,0.25984433541025204,-1.0660770497431147,-0.5656944575116591,-0.4112287132409279,-0.0,1.433020527457785,0.0,1.0,0.0
2014-06,-0.008086896883257906,-0.7166643833023095,0.11464343213194872,-1.2375247197138275,-0.03663103244204714,-0.4112287132409279,-0.0,1.4415080391794493,0.0,1.0,0.0
2014-07,0.3339642111357598,-0.8601408521862604,0.43992789552034994,-1.3379439447204038,0.4089469020565356,-0.4112287132409279,-0.0,1.4497217602004149,0.0,1.0,0.0
2014-08,0.16812124967199363,0.3196550265325038,0.1628000398116723,-1.3465805248204592,0.3625390280134251,-0.4112287132409279,-0.0,1.4582092719220792,0.0,1.0,0.0
2014-09,-0.1531994881640533,-0.03007510231044731,0.5919419381356636,-1.3826571177340108,0.46984211943998605,-0.4112287132409279,-0.0,1.4666967836437437,0.0,1.0,0.0
2014-10,0.07483458384862518,-0.7410562560439461,0.6892438734570724,-1.3818263625955385,0.7042701231409948,-0.4112287132409279,-0.0,1.474910504664709,0.0,1.0,0.0
2014-11,0.3546945813187306,-0.6254824931762172,0.63262699385337,-0.8993790921906637,1.3320686257113137,-0.4112287132409279,-0.0,1.4833980163863734,0.0,1.0,0.0
2014-12,0.3546945813187306,-0.9376691553590577,0.6872620294353179,-0.37378410847301224,1.6979238936133796,-0.4112287132409279,-0.0,1.491611737407339,0.0,1.0,0.0
2015-01,0.24067754531239133,-1.5268561977498736,0.3447597455956956,-0.2675372278575727,1.6333065187267253,-0.4112287132409279,-0.0,1.5000992491290033,0.0,1.0,0.0
2015-02,0.054104213665654405,-0.13904500649649565,0.11355121587107078,0.07086747700215218,1.7318602398120897,-0.4112287132409279,-0.0,1.5085867608506676,0.0,1.0,0.0
2015-03,0.13702569439753748,-0.5157112709159517,0.09535128160462447,0.31598997820146457,1.6096106689452532,-0.4112287132409279,-0.0,1.5162529004702354,0.0,1.0,0.0
2015-04,0.3650597664102159,-0.7689309003377247,0.19526264488801087,0.6313738868742959,1.5822396545391777,-0.4112287132409279,-0.0,1.5247404121919,0.0,1.0,0.0
2015-05,0.9973360569908244,-1.2981936934352372,0.044417890245532526,0.994807574155341,1.2391721550856765,-0.4112287132409279,-0.0,1.5329541332128653,0.0,1.0,0.0
2015-06,1.9198375301330237,-1.3003731538783414,0.21280636857836455,1.2794976409387506,0.43294714973838727,-0.4112287132409279,-0.0,1.5414416449345298,0.0,1.0,0.0
2015-07,1.795455309035199,-1.7122818237175492,-0.20172713725638283,1.3724487185085874,-0.2627296677970289,-0.4112287132409279,-0.0,1.5496553659554952,0.0,1.0,0.0
2015-08,1.9923938257734213,-0.5063230657740538,-0.22973719943051368,1.3426188827083783,-0.6297051405555928,-0.4112287132409279,-0.0,1.5581428776771598,0.0,1.0,0.0
2015-09,2.292984193426497,0.06244439658544707,-0.35507782356192363,1.4605142156901287,-0.8494753753740024,-0.4112287132409279,-0.0,1.566630389398824,0.0,1.0,0.0
2015-10,2.1893323425116433,0.618350236158389,-0.34937451687709714,1.0922927783069758,-0.7703147794519364,-0.4112287132409279,-0.0,1.5748441104197897,0.0,1.0,0.0
2015-11,1.9509330854074796,1.0642821854756408,-0.27118196202322764,0.8305555929678631,-1.0294419616868438,-0.4112287132409279,-0.0,1.583331622141454,0.0,1.0,0.0
2015-12,1.9716634555904504,0.5898457620942139,-0.22973719943051338,0.38747867393999175,-0.9085844473387797,-0.4112287132409279,-0.0,1.5915453431624196,0.0,1.0,0.0
2016-01,2.013124195956392,-0.2528477628811298,-0.41484143106238847,0.33650994622614155,-0.8149066629355003,-0.4112287132409279,-0.0,1.6000328548840836,0.0,1.0,0.0
2016-02,1.8783767897670822,-0.6224798888747732,-0.3969774990869877,0.5442918922845269,-0.6815847904197959,-0.4112287132409279,-0.0,1.6085203666057482,0.0,1.0,0.0
2016-03,1.360117535192813,-1.6924640117341871,-0.6107136818791306,0.6098263903848282,-0.23399368129430279,-0.4112287132409279,-0.0,1.616460296926015,0.0,1.0,0.0
2016-04,1.3808479053757836,-1.8912283097699596,-0.5386384189057426,0.8645601619591622,0.3890917068685397,-0.4112287132409279,-0.0,1.6249478086476792,0.0,1.0,0.0
2016-05,1.308291609735386,-2.154525215518074,-0.5145281853566426,0.967400386538905,0.4793285560302571,-0.4112287132409279,-0.0,1.6331615296686448,0.0,1.0,0.0
2016-06,0.3754249515017013,-1.8780611260056836,-0.7353056093801,0.9315953224855251,0.28685788318897987,-0.4112287132409279,-0.0,1.641649041390309,0.0,1.0,0.0
2016-07,-0.5263461514575272,-1.8460738803893664,-0.6477741650859405,0.9459739806441578,-0.18608210949474768,-0.4112287132409279,-0.0,1.6498627624112747,0.0,1.0,0.0
2016-08,-0.2879468943533633,-2.2485849911791953,-0.6827206813362123,1.049513009976131,-0.6812378773249959,-0.4112287132409279,-0.0,1.658350274132939,0.0,1.0,0.0
2016-09,-0.3501380049022756,-2.074683379228276,-0.6497031599337816,1.0132008929503775,-0.8407462561714816,-0.4112287132409279,-0.0,1.6668377858546033,0.0,1.0,0.0
2016-10,-0.6196328172808956,-1.8116078492905487,-0.7137035095429752,1.0269159484837629,-0.8564967931850824,-0.4112287132409279,-0.0,1.675051506875569,0.0,1.0,0.0
2016-11,-0.5263461514575272,-1.4317955539882712,-0.891697325234578,1.0853420875139397,-0.9697841512351779,-0.4112287132409279,-0.0,1.6835390185972332,0.0,1.0,0.0
2016-12,-0.3501380049022756,-0.634646204538568,-0.9752408589471846,1.1268110363414034,-1.108955480449763,-0.4112287132409279,-0.0,1.6917527396181988,0.0,1.0,0.0
2017-01,-0.42269430054267326,0.3776929044837787,-0.932499089544678,0.9652279564796225,-1.179773019290577,-0.4112287132409279,-0.0,1.7002402513398631,0.0,1.0,0.0
2017-02,-0.42269430054267326,0.5937868751129316,-0.9293446544767185,1.0130838072435078,-1.2293597237713279,-0.4112287132409279,-0.0,1.7087277630615276,0.0,1.0,0.0
2017-03,-0.5989024470979247,1.2028073193329116,-0.9529120829687499,0.6621442505715803,-1.319392300732236,-0.4112287132409279,-0.0,1.7163939026810955,0.0,1.0,0.0
2017-04,-0.2153905987129656,0.9899809803838348,-0.7940804969186013,-0.021642653027300052,-1.418188780440397,-0.4112287132409279,-0.0,1.7248814144027598,0.0,1.0,0.0
2017-05,0.17848643476347903,0.3544016748557555,-0.9256286969359292,-0.7798248570640269,-1.1125059634904735,-0.4112287132409279,-0.0,1.7330951354237254,0.0,1.0,0.0
2017-06,-0.29831207944484867,0.4733272545708906,-0.8873967237073707,-1.1793781037883526,-0.5744567372552841,-0.4112287132409279,-0.0,1.7415826471453897,0.0,1.0,0.0
2017-07,-0.7232846681957494,-0.02328728344830455,-0.8240922215547044,-1.350453661510445,-0.20261509246949624,-0.4112287132409279,-0.0,1.7497963681663553,0.0,1.0,0.0
2017-08,-0.7958409638361471,-0.32848657674273807,-0.830632306826494,-1.4167302297294735,-0.11908770821856263,-0.4112287132409279,-0.0,1.7582838798880196,0.0,1.0,0.0
2017-09,-0.8269365191106033,-1.0561613373609002,-0.5325629659546092,-1.4537772847096693,-0.11431246047537585,-0.4112287132409279,-0.0,1.766771391609684,0.0,1.0,0.0
2017-10,-0.6507283725553518,-0.7224326262490086,-0.9110291126423367,-1.5035214635594247,0.09468033016948998,-0.4112287132409279,-0.0,1.7749851126306495,0.0,1.0,0.0
2017-11,-0.6507283725553518,-0.4961647222495425,-1.0194183642410062,-1.3049804665331721,0.39680457735380054,-0.4112287132409279,-0.0,1.783472624352314,0.0,1.0,0.0
2017-12,-0.7543802234702056,-0.903739414955825,-1.0457945061216465,-1.0026773311053145,0.7786946602647559,-0.4112287132409279,-0.0,1.7916863453732794,0.0,1.0,0.0
2018-01,-0.7958409638361471,0.28775196608351683,-1.0792216086219064,-1.1490657552217085,0.7121571923042262,-0.4112287132409279,-0.0,1.800173857094944,0.0,1.0,0.0
2018-02,-0.7232846681957494,-1.1514246491179272,-1.025669351948353,-1.2968695719148318,0.35200618388474625,-0.4112287132409279,-0.0,1.8086613688166082,0.0,1.0,0.0
2018-03,-0.816571334019118,-0.6476263101532213,-1.0819961902523632,-1.3337639016931777,0.44781468176328665,-0.4112287132409279,-0.0,1.816327508436176,0.0,1.0,0.0
2018-04,-1.334830588593387,0.24883971096200022,-1.0221489048932015,-1.1695799035560512,0.9660827581973128,-0.4112287132409279,-0.0,1.8248150201578404,0.0,1.0,0.0
2018-05,-0.9409535551169426,-0.0802899956383339,-0.9826397432950679,-0.8319585251905404,1.480652144306712,-0.4112287132409279,-0.0,1.833028741178806,0.0,1.0,0.0
2018-06,-0.5263461514575272,-0.716792220037885,-0.9353859756697004,-0.09766152804529703,1.8939253686178534,-0.4112287132409279,-0.0,1.8415162529004703,0.0,1.0,0.0
2018-07,-0.17392985834702407,-0.9861130422038497,-0.9930113936755836,0.43219704291645983,1.8449181985932421,-0.4112287132409279,-0.0,1.849729973921436,0.0,1.0,0.0
2018-08,0.3754249515017013,-0.40320558970203485,-1.015802599925761,0.8512968057877816,1.7470636803094415,-0.4112287132409279,-0.0,1.8582174856431002,0.0,1.0,0.0
2018-09,0.5412679129654675,-0.15117078856120544,-1.0532088048119215,1.2298450208058156,1.3425842890038648,-0.4112287132409279,-0.0,1.8667049973647647,0.0,1.0,0.0
2018-10,0.4272508769591282,-1.1464265445538413,-1.0500885015021149,1.3941348045530264,0.9308121807241954,-0.4112287132409279,-0.0,1.87491871838573,0.0,1.0,0.0
2018-11,0.2717731005868475,-1.512834690435654,-1.0848148128610808,1.6881720862255847,0.3985411147370725,-0.4112287132409279,-0.0,1.8834062301073946,0.0,1.0,0.0
2018-12,0.13702569439753748,-1.2148566137166559,-1.0774379490023276,1.6839850582881704,-0.09684762324344777,-0.4112287132409279,-0.0,1.89161995112836,0.0,1.0,0.0
2019-01,0.08519976894011055,-1.837309269079544,-1.0480405960129686,1.3655761973875498,-0.3376531945291749,-0.4112287132409279,-0.0,1.9001074628500245,0.0,1.0,0.0
2019-02,0.5412679129654675,-0.7378728095312002,-1.0563147948037934,1.0090606665916684,-0.46039300365087554,-0.4112287132409279,-0.0,1.9085949745716886,0.0,1.0,0.0
2019-03,0.8003975402526021,0.14410712686490548,-1.015472292588802,1.2074090701641023,-0.7802580468309788,-0.4112287132409279,-0.0,1.9162611141912564,0.0,1.0,0.0
2019-04,0.3443293962272452,-0.24755968718512883,-0.9729309096373837,0.9924503561874378,-0.8861832877478358,-0.4112287132409279,-0.0,1.9247486259129207,0.0,1.0,0.0
2019-05,0.2717731005868475,-0.18619181817057037,-0.974051752534132,0.5500032997922013,-1.3171360950918445,-0.4112287132409279,-0.0,1.9329623469338864,0.0,1.0,0.0
2019-06,0.3650597664102159,-1.0425607558833316,-1.0269956145508479,-0.016379018772242505,-1.3213123211423718,-0.4112287132409279,-0.0,1.9414498586555506,0.0,1.0,0.0
2019-07,0.2510427304038767,-0.2858358765979283,-1.0459926905238217,-0.1421264958170809,-1.2960669245065186,-0.4112287132409279,-0.0,1.9496635796765163,0.0,1.0,0.0
2019-08,0.313233840952789,-0.5482410431661747,-1.0596674142739282,-0.23656101563288395,-1.2568982481313975,-0.4112287132409279,-0.0,1.9581510913981806,0.0,1.0,0.0
2019-09,0.15775606458050825,-1.4868588893605454,-1.0567585076597752,-0.06586993604925907,-1.080223412283071,-0.4112287132409279,-0.0,1.9666386031198448,0.0,1.0,0.0
2019-10,0.2821382856783329,-0.28785632061385324,-1.0934908855785395,-0.4315835054517868,-0.8562425878568686,-0.4112287132409279,-0.0,1.9748523241408105,0.0,1.0,0.0
2019-11,0.4687116173250698,-0.4331069139500592,-1.0596255753445805,-0.648623569778756,-0.743946579800649,-0.4112287132409279,-0.0,1.9833398358624748,0.0,1.0,0.0
2019-12,0.4272508769591282,-0.34681711743659993,-1.0587425537304431,-0.7997327881823602,-0.6081671841901077,-0.4112287132409279,-0.0,1.9915535568834404,0.0,1.0,0.0
2020-01,0.3028686558613036,-0.6884529983392099,-1.0341676878606865,-0.887798797413984,-0.41096929786644587,-0.4112287132409279,-0.0,2.0000410686051047,0.0,1.0,0.0
2020-02,0.313233840952789,-0.06923991293395451,-1.0472934180369509,-0.8691069090138579,-0.25456595837926416,-0.4112287132409279,-0.0,2.008528580326769,0.0,1.0,0.0
2020-03,0.15775606458050825,0.29293403082806496,-1.0432841703607574,-0.8065121174243908,-0.10174482169345549,-0.4112287132409279,-0.0,2.016468510647036,0.0,1.0,0.0
2020-04,-0.11173874779811174,-0.6344965420188698,-1.0315010066269699,-0.5214865329512138,0.19554553220744983,-0.4112287132409279,-0.0,2.0249560223687,0.0,1.0,0.0
2020-05,-0.24648615398742174,-2.053833519452829,-1.0183129356866503,0.26882819442380007,0.8197153122802214,-0.4112287132409279,-0.0,2.033169743389666,0.0,1.0,0.0
2020-06,-0.7543802234702056,-1.4013111695072562,-0.998188410670189,0.5952380597479326,0.5591468801395442,-0.4112287132409279,-0.0,2.04165725511133,0.0,1.0,0.0
2020-07,-1.034240220940311,-1.3355781436681686,-0.996314467045175,0.554659510998139,-0.0015573426553886895,-0.4112287132409279,-0.0,2.0498709761322957,0.0,1.0,0.0
2020-08,-1.0238750358488256,-1.4132280476382206,-0.9630194874796982,0.5238097776755066,-0.597535763339797,-0.4112287132409279,-0.0,2.05835848785396,0.0,1.0,0.0
2020-09,-1.2311787376785333,-1.1373750800812643,-1.0026938027463108,0.5397246982944363,-0.984604720162677,-0.4112287132409279,-0.0,2.0668459995756243,0.0,1.0,0.0
2020-10,-1.2415439227700187,-0.0020570314352912097,-0.9470326123708781,0.44353248899919634,-1.2896533402623727,-0.4112287132409279,-0.0,2.07505972059659,0.0,1.0,0.0
2020-11,-1.1897179973125918,1.109106110125234,-0.6657450862654282,0.13927710887037945,-1.3380757958448188,-0.4112287132409279,-0.0,2.0835472323182542,0.0,1.0,0.0
2020-12,-1.200083182404077,1.149680242809232,-0.7420438790540658,-0.1304818363126963,-1.2205638950454158,-0.4112287132409279,-0.0,2.09176095333922,0.0,1.0,0.0
